CREATE DATABASE  IF NOT EXISTS `thsis01` /*!40100 DEFAULT CHARACTER SET utf8 */;
USE `thsis01`;
-- MySQL dump 10.13  Distrib 5.7.23, for Win64 (x86_64)
--
-- Host: localhost    Database: thsis01
-- ------------------------------------------------------
-- Server version	5.7.23-log

/*!40101 SET @OLD_CHARACTER_SET_CLIENT=@@CHARACTER_SET_CLIENT */;
/*!40101 SET @OLD_CHARACTER_SET_RESULTS=@@CHARACTER_SET_RESULTS */;
/*!40101 SET @OLD_COLLATION_CONNECTION=@@COLLATION_CONNECTION */;
/*!40101 SET NAMES utf8 */;
/*!40103 SET @OLD_TIME_ZONE=@@TIME_ZONE */;
/*!40103 SET TIME_ZONE='+00:00' */;
/*!40014 SET @OLD_UNIQUE_CHECKS=@@UNIQUE_CHECKS, UNIQUE_CHECKS=0 */;
/*!40014 SET @OLD_FOREIGN_KEY_CHECKS=@@FOREIGN_KEY_CHECKS, FOREIGN_KEY_CHECKS=0 */;
/*!40101 SET @OLD_SQL_MODE=@@SQL_MODE, SQL_MODE='NO_AUTO_VALUE_ON_ZERO' */;
/*!40111 SET @OLD_SQL_NOTES=@@SQL_NOTES, SQL_NOTES=0 */;

--
-- Table structure for table `budget`
--

DROP TABLE IF EXISTS `budget`;
/*!40101 SET @saved_cs_client     = @@character_set_client */;
/*!40101 SET character_set_client = utf8 */;
CREATE TABLE `budget` (
  `id` int(11) NOT NULL AUTO_INCREMENT,
  `date` date DEFAULT NULL,
  `currentBudget` double DEFAULT NULL,
  `budgetRequested` double DEFAULT NULL,
  `remainingBudget` double DEFAULT NULL,
  `seID` int(11) DEFAULT NULL,
  `ffID` int(11) DEFAULT NULL,
  PRIMARY KEY (`id`),
  KEY `LA17_idx` (`seID`),
  KEY `LA18_idx` (`ffID`)
) ENGINE=InnoDB AUTO_INCREMENT=4 DEFAULT CHARSET=utf8;
/*!40101 SET character_set_client = @saved_cs_client */;

--
-- Dumping data for table `budget`
--

LOCK TABLES `budget` WRITE;
/*!40000 ALTER TABLE `budget` DISABLE KEYS */;
INSERT INTO `budget` VALUES (1,'2018-10-19',10000000,NULL,10000000,NULL,NULL),(2,'2018-11-17',10000000,-4000,10004000,66,0),(3,'2018-11-17',10004000,4000,10000000,68,0);
/*!40000 ALTER TABLE `budget` ENABLE KEYS */;
UNLOCK TABLES;

--
-- Table structure for table `community`
--

DROP TABLE IF EXISTS `community`;
/*!40101 SET @saved_cs_client     = @@character_set_client */;
/*!40101 SET character_set_client = utf8 */;
CREATE TABLE `community` (
  `communityID` int(11) NOT NULL AUTO_INCREMENT,
  `name` varchar(200) DEFAULT NULL,
  `contactPerson` varchar(200) DEFAULT NULL,
  `contactNumber` varchar(200) DEFAULT NULL,
  `unitNumber` varchar(200) DEFAULT NULL,
  `street` varchar(200) DEFAULT NULL,
  `barangay` varchar(200) DEFAULT NULL,
  `city` varchar(200) DEFAULT NULL,
  `description` varchar(200) DEFAULT NULL,
  `userID` int(11) DEFAULT NULL,
  `international` int(1) DEFAULT NULL,
  PRIMARY KEY (`communityID`),
  KEY `LA4_idx` (`userID`),
  CONSTRAINT `LA4` FOREIGN KEY (`userID`) REFERENCES `informationsheet` (`id`) ON DELETE NO ACTION ON UPDATE NO ACTION
) ENGINE=InnoDB AUTO_INCREMENT=5 DEFAULT CHARSET=utf8;
/*!40101 SET character_set_client = @saved_cs_client */;

--
-- Dumping data for table `community`
--

LOCK TABLES `community` WRITE;
/*!40000 ALTER TABLE `community` DISABLE KEYS */;
INSERT INTO `community` VALUES (1,'Khalids Retirement Home','Khalid Malo','09291107660','24','Mabango Street','Barangay Rahim','Makati City','Khalid\'s Retirement Home',71,NULL),(2,'Karls Community for the Jobless','Karl Madrid','09566082949','8','New York Street','Barangay KM','Quezon City','Karl\'s Community for the Jobless',71,NULL),(3,'Lasalle Singapore','Luis Grefiel','09291577712','9','Woodlands Street','Example Barangay','Singapore City','Lasalle Singapore Description',71,1),(4,'Angelos School for the Special','Angelo De Jesus','09174029299','17','Matuwid Street','Barangay Tibay','Paranaque City','Angelo\'s School for the Special',71,NULL);
/*!40000 ALTER TABLE `community` ENABLE KEYS */;
UNLOCK TABLES;

--
-- Table structure for table `department`
--

DROP TABLE IF EXISTS `department`;
/*!40101 SET @saved_cs_client     = @@character_set_client */;
/*!40101 SET character_set_client = utf8 */;
CREATE TABLE `department` (
  `departmentID` int(11) NOT NULL,
  `department` varchar(100) DEFAULT NULL,
  `numberOfFaculty` int(11) DEFAULT NULL,
  `numberOfAdmin` int(11) DEFAULT NULL,
  `numberOfAPSP` int(11) DEFAULT NULL,
  `numberOfASF` int(11) DEFAULT NULL,
  `numberOfCAP` int(11) DEFAULT NULL,
  `numberOfDirectHired` int(11) DEFAULT NULL,
  `numberOfIndependent` int(11) DEFAULT NULL,
  `numberOfExternal` int(11) DEFAULT NULL,
  PRIMARY KEY (`departmentID`)
) ENGINE=InnoDB DEFAULT CHARSET=utf8;
/*!40101 SET character_set_client = @saved_cs_client */;

--
-- Dumping data for table `department`
--

LOCK TABLES `department` WRITE;
/*!40000 ALTER TABLE `department` DISABLE KEYS */;
INSERT INTO `department` VALUES (0,'No Department',NULL,NULL,NULL,NULL,NULL,NULL,NULL,NULL),(1,'Admin ',NULL,NULL,NULL,NULL,NULL,NULL,NULL,NULL),(2,'Computer Technology (CT)',50,5,50,50,50,5,5,5),(3,'Information Technology (IT)',40,4,40,40,40,4,4,4),(4,'Software Technology (ST)',30,3,30,30,30,3,3,3),(5,'Counselling and Educational Psychology Department (CEPD)',30,40,40,50,30,50,30,40),(6,'Department of English and Applied Linguistics (DEAL)',30,40,40,50,30,50,30,40),(7,'Educational Leadership and Management Department (ELMD)',30,40,40,50,30,50,30,40),(8,'Physical Education Department (PED)',30,40,40,50,30,50,30,40),(9,'Science Education Department (SED)',30,40,40,50,30,50,30,40),(10,'Behavioral Sciences (BS)',30,40,40,50,30,50,30,40),(11,'Communication (COMM)',30,40,40,50,30,50,30,40),(12,'Literature (LIT)',30,40,40,50,30,50,30,40),(13,'Filipino (FIL)',30,40,40,50,30,50,30,40),(14,'History (HIS)',30,40,40,50,30,50,30,40),(15,'International Studies (IS)',30,40,40,50,30,50,30,40),(16,'Philosophy (PHILO)',30,40,40,50,30,50,30,40),(17,'Political Science (POLSCI)',30,40,40,50,30,50,30,40),(18,'Psychology (PSYCH)',30,40,40,50,30,50,30,40),(19,'Theology and Religious Education (TRED)',30,40,40,50,30,50,30,40),(20,'Biology (BIO)',30,40,40,50,30,50,30,40),(21,'Chemistry (CHEM)',30,40,40,50,30,50,30,40),(22,'Physics (PHYS)',30,40,40,50,30,50,30,40),(23,'Chemical Engineering (CHEMENG)',30,40,40,50,30,50,30,40),(24,'Civil Engineering (CIV)',30,40,40,50,30,50,30,40),(25,'Electronics and Communications Engineering (ECE)',30,40,40,50,30,50,30,40),(26,'Industrial Engineering (IE)',30,40,40,50,30,50,30,40),(27,'Manufacturing Engineering and Management (MEM)',30,40,40,50,30,50,30,40),(28,'Mechanical Engineering (ME)',30,40,40,50,30,50,30,40),(29,'Accountancy (ACC)',30,40,40,50,30,50,30,40),(30,'Commercial Law (CL)',30,40,40,50,30,50,30,40),(31,'Decision Sciences and Innovation Department (DSID)',30,40,40,50,30,50,30,40),(32,'Management of Financial Institutions (RVRCOB-MFI)',30,40,40,50,30,50,30,40),(33,'Management and Organization Department (RVRCOB-MOD)',30,40,40,50,30,50,30,40),(34,'Marketing Management (RVRCOB-MM)',30,40,40,50,30,50,30,40),(35,'Industrial Applied Economics (IAE)',30,40,40,50,30,50,30,40),(36,'Financial Applied Economics (FAE)',30,40,40,50,30,50,30,40),(37,'Ladderized Applied Economics (LAE)',30,40,40,50,30,50,30,40),(38,'Management of Financial Institutions (SOE-MFI)',30,40,40,50,30,50,30,40),(39,'Management and Organization Department (SOE-MOD)',30,40,40,50,30,50,30,40),(40,'Marketing Management (SOE-MM)',30,40,40,50,30,50,30,40);
/*!40000 ALTER TABLE `department` ENABLE KEYS */;
UNLOCK TABLES;

--
-- Table structure for table `ffevaluation`
--

DROP TABLE IF EXISTS `ffevaluation`;
/*!40101 SET @saved_cs_client     = @@character_set_client */;
/*!40101 SET character_set_client = utf8 */;
CREATE TABLE `ffevaluation` (
  `id` int(11) NOT NULL AUTO_INCREMENT,
  `date` date DEFAULT NULL,
  `name` varchar(500) DEFAULT NULL,
  `q1` int(11) DEFAULT NULL,
  `q2` int(11) DEFAULT NULL,
  `q3` int(11) DEFAULT NULL,
  `q4` int(11) DEFAULT NULL,
  `q5` int(11) DEFAULT NULL,
  `q6` int(11) DEFAULT NULL,
  `q7` int(11) DEFAULT NULL,
  `q8` int(11) DEFAULT NULL,
  `q9` int(11) DEFAULT NULL,
  `learning` varchar(1000) DEFAULT NULL,
  `memorable` varchar(1000) DEFAULT NULL,
  `feedback` varchar(1000) DEFAULT NULL,
  `ffproposalID` int(11) DEFAULT NULL,
  PRIMARY KEY (`id`),
  KEY `LA27_idx` (`ffproposalID`),
  CONSTRAINT `LA27` FOREIGN KEY (`ffproposalID`) REFERENCES `ffproposal` (`id`) ON DELETE NO ACTION ON UPDATE NO ACTION
) ENGINE=InnoDB DEFAULT CHARSET=utf8;
/*!40101 SET character_set_client = @saved_cs_client */;

--
-- Dumping data for table `ffevaluation`
--

LOCK TABLES `ffevaluation` WRITE;
/*!40000 ALTER TABLE `ffevaluation` DISABLE KEYS */;
/*!40000 ALTER TABLE `ffevaluation` ENABLE KEYS */;
UNLOCK TABLES;

--
-- Table structure for table `ffproposal`
--

DROP TABLE IF EXISTS `ffproposal`;
/*!40101 SET @saved_cs_client     = @@character_set_client */;
/*!40101 SET character_set_client = utf8 */;
CREATE TABLE `ffproposal` (
  `id` int(11) NOT NULL AUTO_INCREMENT,
  `unit` varchar(200) DEFAULT NULL,
  `department` varchar(200) DEFAULT NULL,
  `datecreated` date DEFAULT NULL,
  `programHead` varchar(200) DEFAULT NULL,
  `activityClassification` varchar(200) DEFAULT NULL,
  `targetKRA` int(11) DEFAULT NULL,
  `targetGoal` int(11) DEFAULT NULL,
  `targetMeasure` int(11) DEFAULT NULL,
  `projectName` varchar(500) DEFAULT NULL,
  `venue` varchar(200) DEFAULT NULL,
  `speaker` varchar(200) DEFAULT NULL,
  `objectives` varchar(500) DEFAULT NULL,
  `actualImplementation` date DEFAULT NULL,
  `totalAmount` double DEFAULT NULL,
  `sourceOfFunds` varchar(200) DEFAULT NULL,
  `step` int(11) DEFAULT NULL,
  `chairdirectorRemarks` varchar(500) DEFAULT NULL,
  `chairdirectordatetime` datetime DEFAULT NULL,
  `vplmRemarks` varchar(500) DEFAULT NULL,
  `vplmdatetime` datetime DEFAULT NULL,
  `deanunitRemarks` varchar(500) DEFAULT NULL,
  `deanunitdatetime` datetime DEFAULT NULL,
  `assistantdeanRemarks` varchar(500) DEFAULT NULL,
  `ovplm1Remarks` varchar(500) DEFAULT NULL,
  `ovplm2Remarks` varchar(500) DEFAULT NULL,
  `lspoRemarks` varchar(500) DEFAULT NULL,
  `lspodatetime` datetime DEFAULT NULL,
  `lmc1` int(11) DEFAULT NULL,
  `lmc2` int(11) DEFAULT NULL,
  `lmc3` int(11) DEFAULT NULL,
  `lmc4` int(11) DEFAULT NULL,
  `lmc5` int(11) DEFAULT NULL,
  `hasVoted1` int(11) DEFAULT NULL,
  `hasVoted2` int(11) DEFAULT NULL,
  `hasVoted3` int(11) DEFAULT NULL,
  `hasVoted4` int(11) DEFAULT NULL,
  `hasVoted5` int(11) DEFAULT NULL,
  `lmcApprovalCount` int(11) DEFAULT NULL,
  `lmcReviseCount` int(11) DEFAULT NULL,
  `lmcRejectCount` int(11) DEFAULT NULL,
  `isRevise` int(11) DEFAULT NULL,
  `userID` int(11) DEFAULT NULL,
  `lmc1Remarks` varchar(500) DEFAULT NULL,
  `lmc2Remarks` varchar(500) DEFAULT NULL,
  `lmc3Remarks` varchar(500) DEFAULT NULL,
  `lmc4Remarks` varchar(500) DEFAULT NULL,
  `lmc5Remarks` varchar(500) DEFAULT NULL,
  `prs` longblob,
  `code` varchar(45) DEFAULT NULL,
  `unitheadremarks` varchar(100) DEFAULT NULL,
  `unitheaddatetime` datetime DEFAULT NULL,
  `directorremarks` varchar(100) DEFAULT NULL,
  `directordatetime` datetime DEFAULT NULL,
  `unittype` varchar(45) DEFAULT NULL,
  `datetime` datetime DEFAULT NULL,
  `approve1` int(1) DEFAULT NULL,
  `approve2` int(1) DEFAULT NULL,
  `approve3` int(1) DEFAULT NULL,
  `approve4` int(1) DEFAULT NULL,
  `revise1` int(1) DEFAULT NULL,
  `revise2` int(1) DEFAULT NULL,
  `revise3` int(1) DEFAULT NULL,
  `revise4` int(1) DEFAULT NULL,
  `reject1` int(1) DEFAULT NULL,
  `reject2` int(1) DEFAULT NULL,
  `reject3` int(1) DEFAULT NULL,
  `reject4` int(1) DEFAULT NULL,
  `studentorg` int(1) DEFAULT NULL,
  PRIMARY KEY (`id`)
) ENGINE=InnoDB AUTO_INCREMENT=26 DEFAULT CHARSET=utf8;
/*!40101 SET character_set_client = @saved_cs_client */;

--
-- Dumping data for table `ffproposal`
--

LOCK TABLES `ffproposal` WRITE;
/*!40000 ALTER TABLE `ffproposal` DISABLE KEYS */;
/*!40000 ALTER TABLE `ffproposal` ENABLE KEYS */;
UNLOCK TABLES;

--
-- Table structure for table `ffproposal_attendees`
--

DROP TABLE IF EXISTS `ffproposal_attendees`;
/*!40101 SET @saved_cs_client     = @@character_set_client */;
/*!40101 SET character_set_client = utf8 */;
CREATE TABLE `ffproposal_attendees` (
  `id` int(11) NOT NULL AUTO_INCREMENT,
  `name` varchar(100) DEFAULT NULL,
  `email` varchar(100) DEFAULT NULL,
  `ffproposalID` int(11) DEFAULT NULL,
  PRIMARY KEY (`id`),
  KEY `LA16_idx` (`ffproposalID`),
  CONSTRAINT `LA16` FOREIGN KEY (`ffproposalID`) REFERENCES `ffproposal` (`id`) ON DELETE NO ACTION ON UPDATE NO ACTION
) ENGINE=InnoDB AUTO_INCREMENT=101 DEFAULT CHARSET=utf8;
/*!40101 SET character_set_client = @saved_cs_client */;

--
-- Dumping data for table `ffproposal_attendees`
--

LOCK TABLES `ffproposal_attendees` WRITE;
/*!40000 ALTER TABLE `ffproposal_attendees` DISABLE KEYS */;
/*!40000 ALTER TABLE `ffproposal_attendees` ENABLE KEYS */;
UNLOCK TABLES;

--
-- Table structure for table `ffproposal_expenses`
--

DROP TABLE IF EXISTS `ffproposal_expenses`;
/*!40101 SET @saved_cs_client     = @@character_set_client */;
/*!40101 SET character_set_client = utf8 */;
CREATE TABLE `ffproposal_expenses` (
  `id` int(11) NOT NULL AUTO_INCREMENT,
  `item` varchar(200) DEFAULT NULL,
  `unitcost` double DEFAULT NULL,
  `quantity` int(11) DEFAULT NULL,
  `amountUsed` double DEFAULT NULL,
  `ffproposalID` int(11) DEFAULT NULL,
  `subtotal` double DEFAULT NULL,
  PRIMARY KEY (`id`),
  KEY `LA15_idx` (`ffproposalID`),
  CONSTRAINT `LA15` FOREIGN KEY (`ffproposalID`) REFERENCES `ffproposal` (`id`) ON DELETE NO ACTION ON UPDATE NO ACTION
) ENGINE=InnoDB AUTO_INCREMENT=78 DEFAULT CHARSET=utf8;
/*!40101 SET character_set_client = @saved_cs_client */;

--
-- Dumping data for table `ffproposal_expenses`
--

LOCK TABLES `ffproposal_expenses` WRITE;
/*!40000 ALTER TABLE `ffproposal_expenses` DISABLE KEYS */;
/*!40000 ALTER TABLE `ffproposal_expenses` ENABLE KEYS */;
UNLOCK TABLES;

--
-- Table structure for table `ffproposal_revisions`
--

DROP TABLE IF EXISTS `ffproposal_revisions`;
/*!40101 SET @saved_cs_client     = @@character_set_client */;
/*!40101 SET character_set_client = utf8 */;
CREATE TABLE `ffproposal_revisions` (
  `id` int(11) NOT NULL AUTO_INCREMENT,
  `ffproposalID` int(11) DEFAULT NULL,
  `unit` varchar(200) DEFAULT NULL,
  `department` varchar(200) DEFAULT NULL,
  `datecreated` date DEFAULT NULL,
  `programHead` varchar(200) DEFAULT NULL,
  `activityClassification` varchar(200) DEFAULT NULL,
  `targetKRA` int(11) DEFAULT NULL,
  `targetGoal` int(11) DEFAULT NULL,
  `targetMeasure` int(11) DEFAULT NULL,
  `projectName` varchar(500) DEFAULT NULL,
  `venue` varchar(200) DEFAULT NULL,
  `speaker` varchar(200) DEFAULT NULL,
  `objectives` varchar(500) DEFAULT NULL,
  `actualImplementation` date DEFAULT NULL,
  `totalAmount` double DEFAULT NULL,
  `sourceOfFunds` varchar(200) DEFAULT NULL,
  `step` int(11) DEFAULT NULL,
  `chairdirectorRemarks` varchar(500) DEFAULT NULL,
  `chairdirectordatetime` datetime DEFAULT NULL,
  `vplmRemarks` varchar(500) DEFAULT NULL,
  `vplmdatetime` datetime DEFAULT NULL,
  `deanunitRemarks` varchar(500) DEFAULT NULL,
  `deanunitdatetime` datetime DEFAULT NULL,
  `assistantdeanRemarks` varchar(500) DEFAULT NULL,
  `ovplm1Remarks` varchar(500) DEFAULT NULL,
  `ovplm2Remarks` varchar(500) DEFAULT NULL,
  `lspoRemarks` varchar(500) DEFAULT NULL,
  `lspodatetime` datetime DEFAULT NULL,
  `lmc1` int(11) DEFAULT NULL,
  `lmc2` int(11) DEFAULT NULL,
  `lmc3` int(11) DEFAULT NULL,
  `lmc4` int(11) DEFAULT NULL,
  `lmc5` int(11) DEFAULT NULL,
  `hasVoted1` int(11) DEFAULT NULL,
  `hasVoted2` int(11) DEFAULT NULL,
  `hasVoted3` int(11) DEFAULT NULL,
  `hasVoted4` int(11) DEFAULT NULL,
  `hasVoted5` int(11) DEFAULT NULL,
  `lmcApprovalCount` int(11) DEFAULT NULL,
  `lmcReviseCount` int(11) DEFAULT NULL,
  `lmcRejectCount` int(11) DEFAULT NULL,
  `isRevise` int(11) DEFAULT NULL,
  `userID` int(11) DEFAULT NULL,
  `lmc1Remarks` varchar(500) DEFAULT NULL,
  `lmc2Remarks` varchar(500) DEFAULT NULL,
  `lmc3Remarks` varchar(500) DEFAULT NULL,
  `lmc4Remarks` varchar(500) DEFAULT NULL,
  `lmc5Remarks` varchar(500) DEFAULT NULL,
  `prs` longblob,
  `code` varchar(45) DEFAULT NULL,
  `unitheadremarks` varchar(100) DEFAULT NULL,
  `unitheaddatetime` datetime DEFAULT NULL,
  `directorremarks` varchar(100) DEFAULT NULL,
  `directordatetime` datetime DEFAULT NULL,
  `unittype` varchar(45) DEFAULT NULL,
  `datetime` datetime DEFAULT NULL,
  PRIMARY KEY (`id`),
  KEY `LA46_idx` (`ffproposalID`),
  CONSTRAINT `LA46` FOREIGN KEY (`ffproposalID`) REFERENCES `ffproposal` (`id`) ON DELETE NO ACTION ON UPDATE NO ACTION
) ENGINE=InnoDB AUTO_INCREMENT=18 DEFAULT CHARSET=utf8;
/*!40101 SET character_set_client = @saved_cs_client */;

--
-- Dumping data for table `ffproposal_revisions`
--

LOCK TABLES `ffproposal_revisions` WRITE;
/*!40000 ALTER TABLE `ffproposal_revisions` DISABLE KEYS */;
/*!40000 ALTER TABLE `ffproposal_revisions` ENABLE KEYS */;
UNLOCK TABLES;

--
-- Table structure for table `ffproposal_revisions_attendees`
--

DROP TABLE IF EXISTS `ffproposal_revisions_attendees`;
/*!40101 SET @saved_cs_client     = @@character_set_client */;
/*!40101 SET character_set_client = utf8 */;
CREATE TABLE `ffproposal_revisions_attendees` (
  `id` int(11) NOT NULL AUTO_INCREMENT,
  `name` varchar(100) DEFAULT NULL,
  `email` varchar(100) DEFAULT NULL,
  `ffproposalID` int(11) DEFAULT NULL,
  `revisionID` int(11) DEFAULT NULL,
  PRIMARY KEY (`id`),
  KEY `LA47_idx` (`ffproposalID`),
  CONSTRAINT `LA49` FOREIGN KEY (`ffproposalID`) REFERENCES `ffproposal_revisions` (`ffproposalID`) ON DELETE NO ACTION ON UPDATE NO ACTION
) ENGINE=InnoDB AUTO_INCREMENT=60 DEFAULT CHARSET=utf8;
/*!40101 SET character_set_client = @saved_cs_client */;

--
-- Dumping data for table `ffproposal_revisions_attendees`
--

LOCK TABLES `ffproposal_revisions_attendees` WRITE;
/*!40000 ALTER TABLE `ffproposal_revisions_attendees` DISABLE KEYS */;
/*!40000 ALTER TABLE `ffproposal_revisions_attendees` ENABLE KEYS */;
UNLOCK TABLES;

--
-- Table structure for table `ffproposal_revisions_expenses`
--

DROP TABLE IF EXISTS `ffproposal_revisions_expenses`;
/*!40101 SET @saved_cs_client     = @@character_set_client */;
/*!40101 SET character_set_client = utf8 */;
CREATE TABLE `ffproposal_revisions_expenses` (
  `id` int(11) NOT NULL AUTO_INCREMENT,
  `item` varchar(200) DEFAULT NULL,
  `unitcost` double DEFAULT NULL,
  `quantity` int(11) DEFAULT NULL,
  `amountUsed` double DEFAULT NULL,
  `ffproposalID` int(11) DEFAULT NULL,
  `subtotal` double DEFAULT NULL,
  `revisionID` int(11) DEFAULT NULL,
  PRIMARY KEY (`id`),
  KEY `LA50_idx` (`ffproposalID`),
  CONSTRAINT `LA50` FOREIGN KEY (`ffproposalID`) REFERENCES `ffproposal_revisions` (`ffproposalID`) ON DELETE NO ACTION ON UPDATE NO ACTION
) ENGINE=InnoDB AUTO_INCREMENT=32 DEFAULT CHARSET=utf8;
/*!40101 SET character_set_client = @saved_cs_client */;

--
-- Dumping data for table `ffproposal_revisions_expenses`
--

LOCK TABLES `ffproposal_revisions_expenses` WRITE;
/*!40000 ALTER TABLE `ffproposal_revisions_expenses` DISABLE KEYS */;
/*!40000 ALTER TABLE `ffproposal_revisions_expenses` ENABLE KEYS */;
UNLOCK TABLES;

--
-- Table structure for table `ffreport`
--

DROP TABLE IF EXISTS `ffreport`;
/*!40101 SET @saved_cs_client     = @@character_set_client */;
/*!40101 SET character_set_client = utf8 */;
CREATE TABLE `ffreport` (
  `id` int(11) NOT NULL AUTO_INCREMENT,
  `date` date DEFAULT NULL,
  `projectTitle` varchar(500) DEFAULT NULL,
  `targetKRA` varchar(500) DEFAULT NULL,
  `targetGoal` varchar(5000) DEFAULT NULL,
  `targetMeasure` varchar(500) DEFAULT NULL,
  `projectProponent` varchar(500) DEFAULT NULL,
  `facilitatorName` varchar(500) DEFAULT NULL,
  `amountReceivedOVPLM` double DEFAULT NULL,
  `significanceProject` varchar(1000) DEFAULT NULL,
  `highlightsProject` varchar(1000) DEFAULT NULL,
  `majorProblems` varchar(1000) DEFAULT NULL,
  `otherRecommendations` varchar(1000) DEFAULT NULL,
  `annexes` longblob,
  `attendanceDLSU` longblob,
  `ffproposalID` int(11) DEFAULT NULL,
  `cap` int(11) DEFAULT NULL,
  `apsp` int(11) DEFAULT NULL,
  `asf` int(11) DEFAULT NULL,
  `faculty` int(11) DEFAULT NULL,
  `admin` int(11) DEFAULT NULL,
  `directhired` int(11) DEFAULT NULL,
  `independent` int(11) DEFAULT NULL,
  `external` int(11) DEFAULT NULL,
  `venue` varchar(100) DEFAULT NULL,
  `gsheets` varchar(100) DEFAULT NULL,
  `implementationdate` date DEFAULT NULL,
  `graduate` int(11) DEFAULT NULL,
  `undergraduate` int(11) DEFAULT NULL,
  `alumni` int(11) DEFAULT NULL,
  `parents` int(11) DEFAULT NULL,
  PRIMARY KEY (`id`),
  KEY `LA22_idx` (`ffproposalID`),
  CONSTRAINT `LA22` FOREIGN KEY (`ffproposalID`) REFERENCES `ffproposal` (`id`) ON DELETE NO ACTION ON UPDATE NO ACTION
) ENGINE=InnoDB DEFAULT CHARSET=utf8;
/*!40101 SET character_set_client = @saved_cs_client */;

--
-- Dumping data for table `ffreport`
--

LOCK TABLES `ffreport` WRITE;
/*!40000 ALTER TABLE `ffreport` DISABLE KEYS */;
/*!40000 ALTER TABLE `ffreport` ENABLE KEYS */;
UNLOCK TABLES;

--
-- Table structure for table `ffreport_attendees`
--

DROP TABLE IF EXISTS `ffreport_attendees`;
/*!40101 SET @saved_cs_client     = @@character_set_client */;
/*!40101 SET character_set_client = utf8 */;
CREATE TABLE `ffreport_attendees` (
  `id` int(11) NOT NULL AUTO_INCREMENT,
  `name` varchar(100) DEFAULT NULL,
  `email` varchar(100) DEFAULT NULL,
  `type` varchar(45) DEFAULT NULL,
  `ffreportID` int(11) DEFAULT NULL,
  PRIMARY KEY (`id`),
  KEY `FFREPORT_idx` (`ffreportID`),
  CONSTRAINT `ffreport` FOREIGN KEY (`ffreportID`) REFERENCES `ffreport` (`id`) ON DELETE NO ACTION ON UPDATE NO ACTION
) ENGINE=InnoDB DEFAULT CHARSET=utf8;
/*!40101 SET character_set_client = @saved_cs_client */;

--
-- Dumping data for table `ffreport_attendees`
--

LOCK TABLES `ffreport_attendees` WRITE;
/*!40000 ALTER TABLE `ffreport_attendees` DISABLE KEYS */;
/*!40000 ALTER TABLE `ffreport_attendees` ENABLE KEYS */;
UNLOCK TABLES;

--
-- Table structure for table `ffreport_funds`
--

DROP TABLE IF EXISTS `ffreport_funds`;
/*!40101 SET @saved_cs_client     = @@character_set_client */;
/*!40101 SET character_set_client = utf8 */;
CREATE TABLE `ffreport_funds` (
  `id` int(11) NOT NULL AUTO_INCREMENT,
  `lineItem` varchar(500) DEFAULT NULL,
  `approvedAmount` double DEFAULT NULL,
  `expendedAmount` double DEFAULT NULL,
  `variance` double DEFAULT NULL,
  `reasonVariance` varchar(500) DEFAULT NULL,
  `ffreportID` int(11) DEFAULT NULL,
  PRIMARY KEY (`id`),
  KEY `LA25_idx` (`ffreportID`),
  CONSTRAINT `LA25` FOREIGN KEY (`ffreportID`) REFERENCES `ffreport` (`id`) ON DELETE NO ACTION ON UPDATE NO ACTION
) ENGINE=InnoDB DEFAULT CHARSET=utf8;
/*!40101 SET character_set_client = @saved_cs_client */;

--
-- Dumping data for table `ffreport_funds`
--

LOCK TABLES `ffreport_funds` WRITE;
/*!40000 ALTER TABLE `ffreport_funds` DISABLE KEYS */;
/*!40000 ALTER TABLE `ffreport_funds` ENABLE KEYS */;
UNLOCK TABLES;

--
-- Table structure for table `ffreport_objectives`
--

DROP TABLE IF EXISTS `ffreport_objectives`;
/*!40101 SET @saved_cs_client     = @@character_set_client */;
/*!40101 SET character_set_client = utf8 */;
CREATE TABLE `ffreport_objectives` (
  `id` int(11) NOT NULL AUTO_INCREMENT,
  `expectedOutcomes` varchar(1000) DEFAULT NULL,
  `actualAccomplishment` varchar(1000) DEFAULT NULL,
  `hinderingFactors` varchar(1000) DEFAULT NULL,
  `ffreportID` int(11) DEFAULT NULL,
  PRIMARY KEY (`id`),
  KEY `LA24_idx` (`ffreportID`),
  CONSTRAINT `LA24` FOREIGN KEY (`ffreportID`) REFERENCES `ffreport` (`id`) ON DELETE NO ACTION ON UPDATE NO ACTION
) ENGINE=InnoDB DEFAULT CHARSET=utf8;
/*!40101 SET character_set_client = @saved_cs_client */;

--
-- Dumping data for table `ffreport_objectives`
--

LOCK TABLES `ffreport_objectives` WRITE;
/*!40000 ALTER TABLE `ffreport_objectives` DISABLE KEYS */;
/*!40000 ALTER TABLE `ffreport_objectives` ENABLE KEYS */;
UNLOCK TABLES;

--
-- Table structure for table `goal`
--

DROP TABLE IF EXISTS `goal`;
/*!40101 SET @saved_cs_client     = @@character_set_client */;
/*!40101 SET character_set_client = utf8 */;
CREATE TABLE `goal` (
  `goalID` int(11) NOT NULL AUTO_INCREMENT,
  `goalNumber` int(11) DEFAULT NULL,
  `name` varchar(500) DEFAULT NULL,
  `kraID` int(11) DEFAULT NULL,
  PRIMARY KEY (`goalID`),
  KEY `LA6_idx` (`kraID`),
  CONSTRAINT `LA6` FOREIGN KEY (`kraID`) REFERENCES `kra` (`kraID`) ON DELETE NO ACTION ON UPDATE NO ACTION
) ENGINE=InnoDB AUTO_INCREMENT=8 DEFAULT CHARSET=utf8;
/*!40101 SET character_set_client = @saved_cs_client */;

--
-- Dumping data for table `goal`
--

LOCK TABLES `goal` WRITE;
/*!40000 ALTER TABLE `goal` DISABLE KEYS */;
INSERT INTO `goal` VALUES (1,1,'KRA3-G1 - Implement sustainable, holistic, and developmental Lasallian formation across all sectors based on the Lasallian guiding principles',1),(2,2,'KRA3-G2 - Create a conducive environment that helps bridge faith and scholarship',1),(3,3,'KRA3-G3 - Create and nurture communities dedicated to promoting the Lasallian mission and spirituality',1),(4,1,'KRA5-G1 - Each unit of the University has at least one sustainable social engagement project',2),(5,2,'KRA5-G2 - Service Learning is institutionalized',2),(6,3,'KRA5-G3 - The University contributes to the localization of the Sustainable Development Goals (SDGs)',2),(7,3,'KRA5-G4 - The Lasallian Community works towards becoming better Stewards of God\'s Creation and the restoration of the ingerity of creation',2);
/*!40000 ALTER TABLE `goal` ENABLE KEYS */;
UNLOCK TABLES;

--
-- Table structure for table `informationsheet`
--

DROP TABLE IF EXISTS `informationsheet`;
/*!40101 SET @saved_cs_client     = @@character_set_client */;
/*!40101 SET character_set_client = utf8 */;
CREATE TABLE `informationsheet` (
  `id` int(11) NOT NULL AUTO_INCREMENT,
  `firstName` varchar(100) DEFAULT NULL,
  `lastName` varchar(100) DEFAULT NULL,
  `emailAddress` varchar(100) DEFAULT NULL,
  `unit` varchar(100) DEFAULT NULL,
  `position` varchar(45) DEFAULT NULL,
  `departmentID` int(11) DEFAULT NULL,
  `username` varchar(100) DEFAULT NULL,
  `password` varchar(256) DEFAULT NULL,
  PRIMARY KEY (`id`),
  KEY `LA1_idx` (`departmentID`),
  CONSTRAINT `LA1` FOREIGN KEY (`departmentID`) REFERENCES `department` (`departmentID`) ON DELETE NO ACTION ON UPDATE NO ACTION
) ENGINE=InnoDB AUTO_INCREMENT=243 DEFAULT CHARSET=utf8;
/*!40101 SET character_set_client = @saved_cs_client */;

--
-- Dumping data for table `informationsheet`
--

LOCK TABLES `informationsheet` WRITE;
/*!40000 ALTER TABLE `informationsheet` DISABLE KEYS */;
INSERT INTO `informationsheet` VALUES (1,'Admin','Admin','admin@gmail.com','Admin','Administrator',1,'admin','c7ad44cbad762a5da0a452f9e854fdc1e0e7a52a38015f23f3eab1d80b931dd472634dfac71cd34ebc35d16ab7fb8a90c81f975113d6c7538dc69dd8de9077ec'),(71,'Carmel','Carosa','carmel.carosa@dlsu.edu.ph','Office of the Vice President for Lasallian Mission (OVPLM)','OVPLM - Executive Officer',0,'carosa','28fa1fcc5ad52572cd57b7db7feeaf14382b9d719b255dd9fff7212cbd06ced12e2a7d7e45265a1fef33c1d63fe894da8c8502162eaf616ec20a44ff532a200f'),(74,'Michael','Broughton','michael.broughton@dlsu.edu.ph','Office of the Vice President for Lasallian Mission (OVPLM)','OVPLM - Vice President for Lasallian Mission',0,'michael','34e1fd6820ce1e79fbbdaae3fc708b634ab1d9765c215b7cd88d4c0c750e87b8c1d478b6112d95ae7bd165f9f73d165263ef7fcee357b48c6bc1f6b591f94ab8'),(75,'Neil','Penullar','neil.penullar@dlsu.edu.ph','Center for Social Concern and Action (COSCA)','COSCA - Sir Neil Position',0,'neil','0e1026d7c69f6e48c550d4c6f0296e4be95f960d15ff3eba2e8c5d8633f909bad6d6d806112dc7d8e3cdb80e7b22c08070a7fe1d70a74d9ac4de429fd4835444'),(76,'James','Laxa','james.laxa@dlsu.edu.ph','Lasallian Pastoral Office (LSPO)','LSPO - Director',0,'james','625f7fdb99de7de358ab119ead94c29b436764e1bffb3af4f1ca715b692cf155e62007572ce4101fef09a98130369de7a06ccd57903b4c5a9104d1444a02f4a2'),(77,'Margarita','Perdido','margarita_perdido@dlsu.edu.ph','Laguna Campus Lasallian Mission (LCLM)','LCLM - Executive Director',0,'margarita','aa08c20688b952d8119e1abac52e3c7bc0a918b10f5188c0c22fd4b36cb5bbbe626e25a71a6b02d071cb749f351937bcdb071c85cef71b3d7858abb2b3b17eb4'),(78,'Nelca','Villarin','nelca_villarin@dlsu.edu.ph','Dean of Student Affairs (DSA)','DSA - Dean',0,'nelca','759578037fdb24f7c6d6968c2e4dae34df944bd90507c336baedee5e57a7845a9d4cf59bcf2ca83bc1fbf55d332e86525d544968d6e5a3e074305750581fbe4c'),(79,'Fritzie','De Vera','fritzie.de.vera@dlsu.edu.ph','Center for Social Concern and Action (COSCA)','COSCA - Director',0,'fritzie','4ba090d4b0913b18790e889dba1a778af3b1e6b3f577cd0740b8bb521900f578200097589d24a01187350efd69b0168b00ba3d2ef00a79cbbcc71d9cb8f89d96'),(80,'deptchair','ccsct','deptchairccs@dlsu.edu.ph','College of Computer Studies (CCS)','CCSCT - Department Chair',2,'deptchairccsct','6d493c87e813256fdaa04e0fb21af39db4050353ad704be7642852fe50c4ac779622f277a2fec30747d058820d0955a85c2905ed01c3f3e508b247b81db7f238'),(81,'ccs','dean','ccsdean@dlsu.edu.ph','College of Computer Studies (CCS)','CCS - Dean',0,'ccsdean','da7f2a9da28aadd88bc66bbf6209b24dd4e6fa25c63c4e00c30f3698fe39605dff6b9ce63e8dcbb149a1a1306ad43a9af097b0238e5bacc31dfb3e2b6453b1be'),(82,'Diane','Ramos','diane.ramos@dlsu.edu.ph','College of Computer Studies (CCS)','CCS - ADEALM',0,'ccsadealm','2a095af73198792b4009add45468df1e99724305247bf0f9ff5707e6a43599cbf6885722fb7d5bd2f21e0407820387f0e4046f8d82cecf943ca98d86d39e1eb3'),(83,'unitrep','ccsct','unitrepccsct@dlsu.edu.ph','College of Computer Studies (CCS)','CCSCT - Unit Representative',2,'unitrepccsct','adde68203c9017d1778008099e80373aa83e15ba4ccd66f1f03048db729c215e6b5c21939c5918446b57c5694d64d96152c724a85a19c112f4fbedc40779e515'),(85,'unitrep','ccsit','unitrepccsit@dlsu.edu.ph','College of Computer Studies (CCS)','CCSIT - Unit Representative',3,'unitrepccsit','cc795c0f7f451aca96006551e0d3d274e8b546d64701be0a3523697e61ade64ba36f7ae8f691089df163b8215bfab4e3f1683b5fb1f4d6151b5c00b91d04f9b3'),(86,'unitrep','ccsst','unitrepccsst@dlsu.edu.ph','College of Computer Studies (CCS)','CCSST - Unit Representative',4,'unitrepccsst','84b6275070ff95eb2615105dfc182ba91a38fee2c38abb1d3f90a8601a5f8897a5aec61ae0dc94a3ef7e6c17c1ca2987f942f81e951fb2b0c13821d102a0484f'),(87,'deptchair','ccsit','deptchairccsit@dlsu.edu.ph','College of Computer Studies (CCS)','CCSIT - Department Chair',3,'deptchairccsit','24067f1c587b1e7c1350e54ca7abdcc2523cf372271469862a7b56ab3ae878fb9a0051a5dca8b7b51aed1c72ea2d36d4c21e6997aa0dee7ec21dfc145d69dd60'),(88,'deptchair','ccsst','deptchairccsst@dlsu.edu.ph','College of Computer Studies (CCS)','CCSST - Department Chair',4,'deptchairccsst','5840c750402750e0cfff9c1bc09dfab251be4f7b23dcd15b34d7a61ddf21b90faf0ac3a149e23560e30d5db12777eeec90bbfbfb4077da0e6923bb24d8650f9b'),(89,'unitrep','rvrcobacc','unitreprvrcobacc@dlsu.edu.ph','Ramon V. Del Rosario College of Business (RVR-COB)','RVRCOBACC - Unit Representative',29,'unitreprvrcobacc','406a5d65ebb7f61d64859d2e73dce4c4e5052075f58b0b535941c80a50c89561c31d0485f352b22fe89515e6840c32c8cc7bcbffcc687ba7148d53bffeae609c'),(90,'unitrep','rvrcobcl','unitreprvrcobcl@dlsu.edu.ph','Ramon V. Del Rosario College of Business (RVR-COB)','RVRCOBCL - Unit Representative',30,'unitreprvrcobcl','1d4352edb7161789a1adea3d439ad86a2507f1e9bbca0c084a1cacb7d9e22d2237dedf4713f902178e304cd77cc0cc6ca5ae5abc1461f4b2e6a727a143de296f'),(91,'unitrep','rvrcobdsid','unitreprvrcobdsid@dlsu.edu.ph','Ramon V. Del Rosario College of Business (RVR-COB)','RVRCOBDSID - Unit Representative',31,'unitreprvrcobdsid','90b9815b200a19440b8d5161d7c2ca680693170b67dfc751ce3a45a63c7ca2b0c51ba19ae3eb3ed9194e06768901eee440fe9d7a7e30e718c639ae8da091dc94'),(92,'unitrep','rvrcobmfi','unitreprvrcobmfi@dlsu.edu.ph','Ramon V. Del Rosario College of Business (RVR-COB)','RVRCOBMFI - Unit Representative',32,'unitreprvrcobmfi','0193f8beaa5eca0758ec518c679a796066163fd39b8b4e6c140d56851a6f285a6f5fe8547112d50746a1b7d1ac8ccd839878ed2eb37395d5a7d4510885dbfde7'),(93,'unitrep','rvrcobmod','unitreprvrcobmod@dlsu.edu.ph','Ramon V. Del Rosario College of Business (RVR-COB)','RVRCOBMOD - Unit Representative',33,'unitreprvrcobmod','13c31542f36a515dd635e4c88624d013581405e80817ff90af6a212cfebd47a6fadb9eb7d154327c9e475b50062a2bce36198ad45ae6e6c7e16494e26e4fe505'),(94,'unitrep','rvrcobmm','unitreprvrcobmm@dlsu.edu.ph','Ramon V. Del Rosario College of Business (RVR-COB)','RVRCOBMM - Unit Representative',34,'unitreprvrcobmm','e4c6ffb7c1ec890c49de6648f93e2e31a0d3b5dd5a79d0bc105353de197a4db14ec1ceb7bb591eace36b3eb80b9a315d41717f50dd9a444da41564fd286b33e7'),(95,'deptchair','rvrcobacc','deptchairrvrcobacc@dlsu.edu.ph','Ramon V. Del Rosario College of Business (RVR-COB)','RVRCOBACC - Department Chair',29,'deptchairrvrcobacc','17f33d134ed7957b04115976d624d231733a716e70b62f4c0bfe15c24a805b1a8abb78947c9855f994fc5fc4c3a4bb80d1ec220319f7a2f8c80d53f71bd5b1b0'),(96,'deptchair','rvrcobcl','deptchairrvrcobcl@dlsu.edu.ph','Ramon V. Del Rosario College of Business (RVR-COB)','RVRCOBCL - Department Chair',30,'deptchairrvrcobcl','7f73f46be50f7e2ce830451a5ae5268f37badb6513aa257e03c9d00eee126c4b4867267fda8d72480fb60fcf7d4f74206645be486a53d26fde82f60caca94127'),(97,'deptchair','rvrcobdsid','deptchairrvrcobdsid@dlsu.edu.ph','Ramon V. Del Rosario College of Business (RVR-COB)','RVRCOBDSID - Department Chair',31,'deptchairrvrcobdsid','6919d0a928758f4a611aa33bb5c6bedbcbe0bac0e069b44e9f3d84fbdc32feca0c322b24acad8e13a58b8c2587b30b6f63c9168f3bba059d5aedf260a28a326e'),(98,'deptchair','rvrcobmfi','deptchairrvrcobmfi@dlsu.edu.ph','Ramon V. Del Rosario College of Business (RVR-COB)','RVRCOBMFI - Department Chair',32,'deptchairrvrcobmfi','90b9815b200a19440b8d5161d7c2ca680693170b67dfc751ce3a45a63c7ca2b0c51ba19ae3eb3ed9194e06768901eee440fe9d7a7e30e718c639ae8da091dc94'),(99,'deptchair','rvrcobmod','deptchairrvrcobmod@dlsu.edu.ph','Ramon V. Del Rosario College of Business (RVR-COB)','RVRCOBMOD - Department Chair',33,'deptchairrvrcobmod','e565544fab154cdfe84965e955760403a4586ad89ef6947be1e42b99543496717049dc6f659555aab9ddeb2bb99cf7ff8ea0042f08a05807f0135bb39722a8d1'),(101,'deptchair','rvrcobmm','deptchairrvrcobmm@dlsu.edu.ph','Ramon V. Del Rosario College of Business (RVR-COB)','RVRCOBMM - Department Chair',34,'deptchairrvrcobmm','58047de0ed2df3e3cf4f6b246c906bb1f4efd998af50bc1e2173fde802b8bc7b48035f514754f526ee4a44e9df118346248834ecb0c774828599af5b44e77b21'),(104,'unitrep','clabs','unitrepclabs@dlsu.edu.ph','College of Liberal Arts (CLA)','CLABS - Unit Representative',10,'unitrepclabs','1d50c3bb6d84e148987a3932e82e271e232220f1ad7f62b52c4f3e5107483e0269f5bfcc8af5793df4878e689b11aa108667397a94437fa01981e35b9bb46540'),(105,'unitrep','clacomm','unitrepclacomm@dlsu.edu.ph','College of Liberal Arts (CLA)','CLACOMM - Unit Representative',11,'unitrepclacomm','1b17dc4d260ac51e6c0f8083991b7b970fd383394cf31692fa817f84cdcaf849355e8b99b4ead6260b71a8653f16365b880dd3442bbdf2d785ddd3a6ef9d8192'),(106,'unitrep','clalit','unitrepclalit@dlsu.edu.ph','College of Liberal Arts (CLA)','CLALIT - Unit Representative',12,'unitrepclalit','9d21f465d5defe9a3a224918021281575316599894b503f6b195a84b8b62b9cf6154cd3614742d31507acad347520436084d1c55f9b02510cf4bc818aea39d29'),(107,'unitrep','clafil','unitrepclafil@dlsu.edu.ph','College of Liberal Arts (CLA)','CLAFIL - Unit Representative',13,'unitrepclafil','d08ae5304edb03b6058d35775fe7aef19278468709e3b89c52efab6ed040fa23edf1cc086ff205abf6820e4a0bfac99973a8f188557bc50ec838d4421f0a1a15'),(108,'unitrep','clahis','unitrepclahis@dlsu.edu.ph','College of Liberal Arts (CLA)','CLAHIS - Unit Representative',14,'unitrepclahis','f95a17b26558112fe79210e7439fccc0ec14540539b1c00e5f9bc0d64afdbfd561a241a8c18454b32249e877d0671cabb73a880c0d9e6fc37be63091fc1e7cbb'),(109,'unitrep','clais','unitrepclais@dlsu.edu.ph','College of Liberal Arts (CLA)','CLAIS - Unit Representative',15,'unitrepclais','f629c025af8b7c7c233e5b238bc103ed074c056f1a52b5659fbde843e0d8fb2f4c24964423d3fdc1d77a6fdfa3a5203af551af6108b3fd8d0431235c45342e53'),(110,'unitrep','claphilo','unitrepclaphilo@dlsu.edu.ph','College of Liberal Arts (CLA)','CLAPHILO - Unit Representative',16,'unitrepclaphilo','ebbf5e2e6732cf8bf566f0b4d55b9710d7df5b6b618803f2603053b3f9f47d7199dbb4ece8e676a9708e6260ccec77a58bb8722b3786b5a1445ecee16c818962'),(111,'unitrep','clapolsci','unitrepclapolsci@dlsu.edu.ph','College of Liberal Arts (CLA)','CLAPOLSCI - Unit Representative',17,'unitrepclapolsci','a3c90080b35e9f32c8c9c612059f2553fc1fe67c3b4213db1f04aaf96e989ecc44f3b287d1d5ed17e6dd823cd016ff99721fc035c0ee4ef2aaa274e0181a9dd9'),(112,'unitrep','clapsych','unitrepclapsych@dlsu.edu.ph','College of Liberal Arts (CLA)','CLAPSYCH - Unit Representative',18,'unitrepclapsych','b83cba723e88a0ac30ab61312d6324479e13ff0db92dd01c4fa3ce3dd354a1eacbffe88bdfe502024a9f38bf77ae9217ccb856c7eeadf1ba508a383a2b2833eb'),(113,'unitrep','clatred','unitrepclatred@dlsu.edu.ph','College of Liberal Arts (CLA)','CLATRED - Unit Representative',19,'unitrepclatred','d1ed2d4f6cecc122061b5ebbf4f1351a4e53a51b16286a43237b8a1d8bd800107ebbc7ff4d3175f4071e26c153573ca6dce1d685c0c98c4d9e40144759ecdb4c'),(114,'deptchair','clabs','deptchairclabs@dlsu.edu.ph','College of Liberal Arts (CLA)','CLABS - Department Chair',10,'deptchairclabs','65217899703cb77257f8356d7e9d31044b86a8ee6065915e75e201b4dabd6f16f8d98c339fbc2b7b6ab68d0ffa67c85c9db701be17e94847cb75c690f753904c'),(115,'deptchair','clacomm','deptchairclacomm@dlsu.edu.ph','College of Liberal Arts (CLA)','CLACOMM - Department Chair',11,'deptchairclacomm','e93e47ecdfb519ff7a30961bbf9bde3c78bdb811cc6c3f8841861585ce1456032cd2d2856ef568f38951f7ef55425e3a2359b8baa69cd7151c25fcdd6269103b'),(116,'deptchair','clalit','deptchairclalit@dlsu.edu.ph','College of Liberal Arts (CLA)','CLALIT - Department Chair',12,'deptchairclalit','c4a9305650b9fd0d0495386a0d66542f11a7efc80c1f44c88680aeb2132bebb85f1b6eba226cceb1ce15524ce5fef34f7ba44bd56db368a0776655a47f5de437'),(117,'deptchair','clafil','deptchairclafil@dlsu.edu.ph','College of Liberal Arts (CLA)','CLAFIL - Department Chair',13,'deptchairclafil','c094e7da76847f55798cbf5d39a77a142008674264b17ab73b88ce5778e34c36cab34f990b89ebf4a1047d23f36d81ab80066f4afc309ef3c5d9605cbb3f3c99'),(118,'deptchair','clahis','deptchairclahis@dlsu.edu.ph','College of Liberal Arts (CLA)','CLAHIS - Department Chair',14,'deptchairclahis','0e13d9bc0fa7a23097990119b4ff8574911e2d03ea4e42a07312b0dbf068e157ab0e2adbde68c728544952a6a890fc00490424ad6dff38e0283b5d74c492149c'),(119,'deptchair','clais','deptchairclais@dlsu.edu.ph','College of Liberal Arts (CLA)','CLAIS - Department Chair',15,'deptchairclais','c0a14eff996d128ee3607c1470d5938450ec89e42c296b6e58bf6393233479e47b6c5a314de4f5096780710b0f6467e3a7783dfae77fb4218e212fb0e63c8b27'),(120,'deptchair','claphilo','deptchairclaphilo@dlsu.edu.ph','College of Liberal Arts (CLA)','CLAPHILO - Department Chair',16,'deptchairclaphilo','2d48beec90c5bb5d88a035f3e332210c03afefcd6f6f98e1d7093707ca0eb9b7a5c09638bd93d6b536c871339cbac7cdfda7b9c0bd6c022305bfabfad62acf19'),(121,'deptchair','clapolsci','deptchairclapolsci@dlsu.edu.ph','College of Liberal Arts (CLA)','CLAPOLSCI - Department Chair',17,'deptchairclapolsci','f8a9732c8ab0569b65683aa388db7b151b801d6066c5b491b49e2932d35507621067a69b2ffd9f99dfaf044923b561dd2a87a1a815618702546d013071f6a33d'),(122,'deptchair','clapsych','deptchairclapsych@dlsu.edu.ph','College of Liberal Arts (CLA)','CLAPSYCH - Department Chair',18,'deptchairclapsych','af55d061c7fe6dd1f820e2b787ac38e31bea8f78cc8724dc48b1f8d665e780cfdbea4a552b452c145db415fa2db0a2e2281fa72dff6b30d9897c6b06d341c0ea'),(123,'deptchair','clatred','deptchairclatred@dlsu.edu.ph','College of Liberal Arts (CLA)','CLATRED - Department Chair',19,'deptchairclatred','5e6a6e2198027f55274de34bf53892886f0e71052fd49c28dcb259241074d9b3b324f41dca9e33e835ff0a7a8869fcc393f3e3db068488000db0021602b78122'),(124,'cla','adealm','claadealm@dlsu.edu.ph','College of Liberal Arts (CLA)','CLA - ADEALM',0,'claadealm','df9a7db63cbbabba983391b2f3c9e937a9d6a499e3450b42b70d404ec57a0c8516183464f3e9d73fb35bb58dbba9250897cc8b4dec50987d9d2b74342dffc8d6'),(125,'cla','dean','cladean@dlsu.edu.ph','College of Liberal Arts (CLA)','CLA - Dean',0,'cladean','cf7719a92f1786be67d872f2f3d8637ecbce8ad9f3f0a28292511ed71ed1d6bcc19c47406bba51a2e06dbc0a859c274b03920956330da3d7303567bebe741ab9'),(126,'unitrep','soeiae','unitrepsoeiae@dlsu.edu.ph','School of Economics (SOE)','SOEIAE - Unit Representative',35,'unitrepsoeiae','3a28a7cf79818030b7863544a6712ae6df60068678a0e7e47aa7712741189385625bf7713af82537754cebd6b7855df2fae8008fa64207ef25db3ae343c4c4e2'),(127,'unitrep','soefae','unitrepsoefae@dlsu.edu.ph','School of Economics (SOE)','SOEFAE - Unit Representative',36,'unitrepsoefae','200f985df9ace2e7470acf684a6ade0803eb81c5536d8112759bbab2ac7b52113a88f8bb9242434a673f1d61ffdfbdff37d48c0ed2bcf752cb9fc92cc1bc3b0a'),(128,'unitrep','soelae','unitrepsoelae@dlsu.edu.ph','School of Economics (SOE)','SOELAE - Unit Representative',37,'unitrepsoelae','720ffa71c3a1f495354765939b6a5f292b7aeed7d1c7c1e1a94a9776a674e2580debde428119f2386792fc1d9fded00b18c078d4c0e1932907ab77c59589f641'),(129,'unitrep','soemfi','unitrepsoemfi@dlsu.edu.ph','School of Economics (SOE)','SOEMFI - Unit Representative',38,'unitrepsoemfi','f79a489f30614e8c732fbb27d5ba5450ff2c64b47afcbca5d495107a791ad2c6da48bf1c686347fe9a957ac4b3215fac5992bd84f195325797b11dad1321236f'),(130,'unitrep','soemod','unitrepsoemod@dlsu.edu.ph','School of Economics (SOE)','SOEMOD - Unit Representative',39,'unitrepsoemod','429dd6dfd5380e98e3d06554967df2843ffb7d29122a582eea130067439ef0ab382d6f0d3b9a6e452b249331381fc4c6c4e08a73da88e14190e9d142e0ada689'),(131,'unitrep','soemm','unitrepsoemm@dlsu.edu.ph','School of Economics (SOE)','SOEMM - Unit Representative',40,'unitrepsoemm','0ee0be6d139540389341b0cdc65808f797d66e0ad09b068a8bb5931e9c6f3093160aa83ca02e761354fe1b0b8cd98d29d4a5175de2c4684a53ec4d97011e7676'),(132,'deptchair','soeiae','deptchairsoeiae@dlsu.edu.ph','School of Economics (SOE)','SOEIAE - Department Chair',35,'deptchairsoeiae','8f02d94b7b0d794cdd8bff59c64d5373b89261b4f3cbc439819394dfcb4c9d36400d880bd169607155188b83b343336909525118eca5ac93c95cd8e5fbe9afa2'),(133,'deptchair','soefae','deptchairsoefae@dlsu.edu.ph','School of Economics (SOE)','SOEFAE - Department Chair',36,'deptchairsoefae','eb2cf7e393ad68830aabae8a44992294eb0051c8cbbcfd87bb2f560cbb1143ba551322f246074f6ad8368d90b753ecc1541a35894bfc0956a165ad7a28788ae3'),(134,'deptchair','soelae','deptchairsoelae@dlsu.edu.ph','School of Economics (SOE)','SOELAE - Department Chair',37,'deptchairsoelae','cc2959d131f787f8ae9c4cd597fd94054d3786e84d454a1ce67c977c17544b128c7e2a73196f6ce0ea29c6d9ec7114ec3e5a30047f31ffa10b0543a5d9e7b844'),(135,'deptchair','soemfi','deptchairsoemfi@dlsu.edu.ph','School of Economics (SOE)','SOEMFI - Department Chair',38,'deptchairsoemfi','e317bea34e69fdf59d5abbe7ef2f81064ceac4a375e1cf6b48e56d62f8e9fbb2a1a93456cbd64b6c8cd2c7623b45572dda43eb589c435192c239cc9a3db59f2e'),(136,'deptchair','soemod','deptchairsoemod@dlsu.edu.ph','School of Economics (SOE)','SOEMOD - Department Chair',39,'deptchairsoemod','3e6098fcf7bd1e16f71194b55ab0638011cfe7c520fea2bf4f5717141a800d9592f6b6f63926c869b901b8b0b07484561bee0f7196fe811d303ee9f56f2efd3e'),(137,'deptchair','soemm','deptchairsoemm@dlsu.edu.ph','School of Economics (SOE)','SOEMM - Department Chair',40,'deptchairsoemm','de295557ade21ad0ccbccaf82981fde7304fb7129d41e4177d7161520cd94562e98080a1703870da6b44dec72d165b5a014055df4b706bc44efcbd0d821ac6b5'),(138,'soe','adealm','soeadealm@dlsu.edu.ph','School of Economics (SOE)','SOE - ADEALM',0,'soeadealm','cd977bf1bce839d6e6702902d6e8da747e8e8a40229810e630f92cd715a9744f3faf3378c2b58ef34980a939ebe5e0cc3cabf65f47a7098162da4d282e29b75a'),(139,'soe','dean','soedean@dlsu.edu.ph','School of Economics (SOE)','SOE - Dean',0,'soedean','4943c9a66ba2bec804866a5ec4eaa799b4a89751c10998483e17f5415b146c7560f940f4ccf79c95a0470d8eb51960de1c4e48b9e8ef1075126966e4aed8039b'),(140,'unitrep','bagcedcepd','unitrepbagcedcepd@dlsu.edu.ph','Br. Andrew Gonzales College of Education (BAGCED)','BAGCEDCEPD - Unit Representative',5,'unitrepbagcedcepd','d7f829b5dc4e88b2dd2684a0a2248ee85d64effd39d3b42906a592ba7adf6a0ec6c80862c367593bf997f6a8054053248a4e6436f0a7ad6ba51a8462350e7598'),(141,'unitrep','bagceddeal','unitrepbagceddeal@dlsu.edu.ph','Br. Andrew Gonzales College of Education (BAGCED)','BAGCEDDEAL - Unit Representative',6,'unitrepbagceddeal','d08fb1a12d2bd865627ef81813e4442c86ba99e513d27525b9db34b2527abb6827e87734164dbcd18e180d446dfd856e87b5963e4103b47f982d694b135df959'),(142,'unitrep','bagcedelmd','unitrepbagcedelmd@dlsu.edu.ph','Br. Andrew Gonzales College of Education (BAGCED)','BAGCEDELMD - Unit Representative',7,'unitrepbagcedelmd','10515bb7f3fd9aacb29a3d20803ec0965cf68576895c707d10fd0e64355e4187a5a8b925c1f8f1e7e41dd056b67d119b0f97a17638c3d546fe92f259cc9c6992'),(143,'unitrep','bagcedped','unitrepbagcedped@dlsu.edu.ph','Br. Andrew Gonzales College of Education (BAGCED)','BAGCEDPED - Unit Representative',8,'unitrepbagcedped','50249b166a07b1be09c0a962b85d94277feca7cf22e48122b9a4e23eae94f9a66609110a61ec70ffc2cab2125b23a3f28ffc32be6a53980b5f3762a819510c3e'),(144,'unitrep','bagcedsed','unitrepbagcedsed@dlsu.edu.ph','Br. Andrew Gonzales College of Education (BAGCED)','BAGCEDSED - Unit Representative',9,'unitrepbagcedsed','ce3edbebca349c61411aeb90e536c3abc22d63efb4a0f2c308e0511292e21c2c49069b0cf85d5d414fefb405f41f477b76b4f86a9e0f140e34b3d88279432860'),(145,'deptchair','bagcedcepd','deptchairbagcedcepd@dlsu.edu.ph','Br. Andrew Gonzales College of Education (BAGCED)','BAGCEDCEPD - Department Chair',5,'deptchairbagcedcepd','64a20783717f8ea07cf5f2828a4eda949613d543844e2dfc7e3a8daebc2fd39a8d04629c7d8166b505184ecd0524f88da7c748a032863eeb0f68e3367827c4c9'),(146,'deptchair','bagceddeal','deptchairbagceddeal@dlsu.edu.ph','Br. Andrew Gonzales College of Education (BAGCED)','BAGCEDDEAL - Department Chair',6,'deptchairbagceddeal','26c99b1d9942f49c610098ca57a165dde39437d7d024c2bafaf250c0349a16e5789366f4190d6d38ceaead66a4ce9159d8b38a5047e2d6489f568510a0846c67'),(147,'deptchair','bagcedelmd','deptchairbagcedelmd@dlsu.edu.ph','Br. Andrew Gonzales College of Education (BAGCED)','BAGCEDELMD - Department Chair',7,'deptchairbagcedelmd','12fc83cb60fa33c7dea8cf6ad28a3f186ad0e5305d7bd5f98e783fe26bf6f9dadb41c132ea6b9478fd08c87ff05004a6bfc6e5275f4f8ae6bf4c62a1aff02033'),(148,'deptchair','bagcedped','deptchairbagcedped@dlsu.edu.ph','Br. Andrew Gonzales College of Education (BAGCED)','BAGCEDPED - Department Chair',8,'deptchairbagcedped','74eca07404a187d643068885f3fbc7508c5b3546419dcb3d193d3d1964e30cab5481f0dbd2f8e32fbbf6fc32352631b1f607c02b222197aa7aed90074b6cbf68'),(149,'deptchair','bagcedsed','deptchairbagcedsed@dlsu.edu.ph','Br. Andrew Gonzales College of Education (BAGCED)','BAGCEDSED - Department Chair',9,'deptchairbagcedsed','604d524d7657adf48925e00e7b023fef2c1731b070b759232f4087aa7f8967b976639b394a5bee544bdcb6d6dd077ae79a4f087e7a29ba92a0bf47a16587fa48'),(150,'bagced','adealm','bagcedadealm@dlsu.edu.ph','Br. Andrew Gonzales College of Education (BAGCED)','BAGCED - ADEALM',0,'bagcedadealm','0b0d281dd4685d0958378b3b4f09aa71dbde6ba190f625143833cf529952a38a0dd5a7290d36c6a49348a9e517de6eafdc6c3c573f9a4da0c75c771eddbe2d64'),(151,'bagced','dean','bagceddean@dlsu.edu.ph','Br. Andrew Gonzales College of Education (BAGCED)','BAGCED - Dean',0,'bagceddean','ba34117288261efc18422b203e505afeeb37b1e0d8b43d2d3fa81f1024b8c8c921f324a4a6900f5344375c766a0a3803831a9b3572b23669172d1aae48f1ad2d'),(152,'unitrep','gcoechemeng','unitrepgcoechemeng@dlsu.edu.ph','Gokongwei College of Engineering (GCOE)','GCOECHEMENG - Unit Representative',23,'unitrepgcoechemeng','abf1878ee5f90cfd095caccc644324ecdfebcd2351b4d80ab7c3a6cd1bd11cc7398f8abab8fa553f4ef7f5957c11aee606ab4127f6feb41d4453f875e20de206'),(153,'unitrep','gcoeciv','unitrepgcoeciv@dlsu.edu.ph','Gokongwei College of Engineering (GCOE)','GCOECIV - Unit Representative',24,'unitrepgcoeciv','b5a41358d24f431d0a39f5a3c0b16e3a0a87f62885ce0d1c4ce3625b0d737baf9c3a60cf20b1963558ee59701d51c6009ef59de55cb75c28a494fcb0f5d0dd8d'),(154,'unitrep','gcoeece','unitrepgcoeece@dlsu.edu.ph','Gokongwei College of Engineering (GCOE)','GCOEECE - Unit Representative',25,'unitrepgcoeece','908902a9eb25f37a4cbd11d19e976757cdead9764ba00e47c9197c042ed31326fabe2af14db4b922b0d6b82cb19ad48084e373da401296cac5761ab688e4a991'),(155,'unitrep','gcoeie','unitrepgcoeie@dlsu.edu.ph','Gokongwei College of Engineering (GCOE)','GCOEIE - Unit Representative',26,'unitrepgcoeie','5975449ee94df16a6a656025e8584239a452bd345a78e0394192753a73a7f95248d0e9471898c1b90d80426aa7b799f51bd34cf47dfa63651975068d1b7d4200'),(156,'unitrep','gcoemem','unitrepgcoemem@dlsu.edu.ph','Gokongwei College of Engineering (GCOE)','GCOEMEM - Unit Representative',27,'unitrepgcoemem','8a96658f1982db617c9a1407ae602003fb1d92684db09affaecc005055bc59da63a262463503cda47c2a23ee992f61bd5e1305861f02532a86bdc2ba2115205c'),(157,'unitrep','gcoeme','unitrepgcoeme@dlsu.edu.ph','Gokongwei College of Engineering (GCOE)','GCOEME - Unit Representative',28,'unitrepgcoeme','d6bfa104504a0f23f37947d1e9b6a3fdfcd2a0d271eceabafa2fbaa4a7641edb2a2c5c4bbd4d377d0cbae6815d56bc64496d3cb16c3d96c7236a07e116765a05'),(158,'gcoe','adealm','gcoeadealm@dlsu.edu.ph','Gokongwei College of Engineering (GCOE)','GCOE - ADEALM',0,'gcoeadealm','4da2ca744a22b8958c7d7036c75fb507e3edc37c3b3bbb851170e4739c4e01e217a28e7a66a3210338c05cabfac72fe3cd4b9042680dc5340ee97c88c9aa76f8'),(159,'gcoe','dean','gcoedean@dlsu.edu.ph','Gokongwei College of Engineering (GCOE)','GCOE - Dean',0,'gcoedean','8d9196d0b7b2772d76e555857d0458abda4a5507978dd91cfb48825394a3439402970c85430f9db901d4bec1aa4a7b66de3420910561c4448718995614f24a43'),(161,'deptchair','gcoeciv','deptchairgcoeciv@dlsu.edu.ph','Gokongwei College of Engineering (GCOE)','GCOECIV - Department Chair',24,'deptchairgcoeciv','7a30b933704eb6ea2842b77dd4c3d2abeca9f3d325b05e7d94feb802b6f55ac6be624184649e29d4601e83ed32475bfc59606711f5e44e4df6a08ccd3d2b9525'),(162,'deptchair','gcoeece','deptchairgcoeece@dlsu.edu.ph','Gokongwei College of Engineering (GCOE)','GCOEECE - Department Chair',25,'deptchairgcoeece','3b022120c9a06ab76a7832e01f088f5e8fcda584a6e1c27514afe1c1edca5e493c5d80deb5847b30141c6ee794351c45213a359a7dd7e32c31c87b944f1db47f'),(163,'deptchair','gcoechemeng','deptchairgcoechemeng@dlsu.edu.ph','Gokongwei College of Engineering (GCOE)','GCOECHEMENG - Department Chair',23,'deptchairgcoechemeng','ff98a300a3741cf47287e5e7f1d0e1c8b7dd2b7d1b1a7cba70a5232b74c363e811819bc52ce1b3592d29af81843a91dc12c8a60d496218c2e5b1ecf5be52fba3'),(164,'deptchair','gcoeie','deptchairgcoeie@dlsu.edu.ph','Gokongwei College of Engineering (GCOE)','GCOEIE - Department Chair',26,'deptchairgcoeie','eee80356a20046cd7930944cdeb27f50c2c720bb47c6667639d56fad5e8eed12da2e95af6e91d2a6a8957d189f3835d670f703590e604beb6018050237f7fbef'),(165,'deptchair','gcoemem','deptchairgcoemem@dlsu.edu.ph','Gokongwei College of Engineering (GCOE)','GCOEMEM - Department Chair',27,'deptchairgcoemem','fdac8c6af0681488ce31712b3a938954402300c288c5cd2dc349b725e7867ed6da5c089df9096270c031bb538d19d4f0712a7b62c2bb98926cc3f72ec0c28382'),(166,'deptchair','gcoeme','deptchairgcoeme@dlsu.edu.ph','Gokongwei College of Engineering (GCOE)','GCOEME - Department Chair',28,'deptchairgcoeme','30f6a252a718a0e14764db999e92fc7b8c1dc64db97e4063368cd3217c0ab3d1f4238eb4754fbf883107154a99a1116d64c23e786de6c54d56156556229eaaef'),(167,'unitrep','cosboi','unitrepcosbio@dlsu.edu.ph','College of Science (COS)','COSBIO - Unit Representative',20,'unitrepcosbio','160ff2b4c21756053dec3cb0f85c0f4d795762190cc2b718e0f17256d86725e323f45ad0d12db6e7b63f577eb1d34b811082ae5a7a8f997feae7ba87897e2939'),(171,'deptchair','coschem','deptchaircoschem@dlsu.edu.ph','College of Science (COS)','COSCHEM - Department Chair',21,'deptchaircoschem','2fe76479c9cf5b6fe61f07c5a9a1fb5beaee3ff5fcadefce43437b7d76522c5bd4f15a045cf3bb589b1723cedf5de0e93e266e9d4901e6c69153500dd6e9335d'),(172,'unitrep','cosphys','unitrepcosphys@dlsu.edu.ph','College of Science (COS)','COSPHYS - Unit Representative',22,'unitrepcosphys','3ea6229f73d20b382c82398ed914444e019964d672bf9d3c8a96487225fa52a30c256fade71da7e5d416ba5031a13d1be81e18bf6092883dc4f406764104d007'),(173,'unitrep','coschem','unitrepcoschem@dlsu.edu.ph','College of Science (COS)','COSCHEM - Unit Representative',21,'unitrepcoschem','99e0f772b2675689f3f67e650c30ab273339cdf550e43782be5b29ba07a34e1435faae141ca0b0db94349cd05ef6e7df5699c66f1e98ab55508d36d33d19c298'),(174,'deptchair','cosbio','deptchaircosbio@dlsu.edu.ph','College of Science (COS)','COSBIO - Department Chair',20,'deptchaircosbio','51dc466e60847b1aa49958f259dbddb5efd26dc049348a8054e1d77cfe9ae7d4c42efd1044eb83712563280498b9f0f820b66d208abb6773707fd30e94cd2428'),(175,'deptchair','cosphys','deptchaircosphys@dlsu.edu.ph','College of Science (COS)','COSPHYS - Department Chair',22,'deptchaircosphys','0ffcbe2a34cec09496c38e39f4f7e5d91fcad16fe1a9f2bc284665a7ac8c55b342349ae6fcbda1a449b5342932cc4698824b18c8ecfb82b706704cd3b6dda8a7'),(176,'cos','adealm','cosadealm@dlsu.edu.ph','College of Science (COS)','COS - ADEALM',0,'cosadealm','e40e91fdfb30ecf80e2c8300e976a3aede59f4d28b3ddbcba7c6298d8b8b697f1f5eff8feafdc3b6ff675c6da198dcb3178c59e6853aa45ecea52eedd37c762f'),(177,'cos','dean','cosdean@dlsu.edu.ph','College of Science (COS)','COS - Dean',0,'cosdean','eab9c36968d8581a0ea727509dac441c61b8b6762f86dcef8e216afd39c7b666b825049fa463ef9952863e305c41d1562a5707199add6d9d6a2fd6fdb64bd584'),(178,'unitrep','unitrep','unitrepcol@dlsu.edu.ph','College of Law (COL)','COL - Unit Representative',0,'unitrepcol','11e584c6254c2f7c05a2fb9de13596122036bdfe90f81e42f1c782db1a0abbea545883cf43b2f88bd9ddca0d5a83a228c73b714ed6c6ea383b3474c60702be63'),(179,'deptchair','col','deptchaircol@dlsu.edu.ph','College of Law (COL)','COL - Department Chair',0,'deptchaircol','3bedb8f0692e8a9330207729cf5da9bebf66b736384ef760231670a489769519757eebcfc9223fe813a77b00f55698c7855756206f2bccba7ed2a60138ed88b4'),(180,'col','adealm','coladealm@dlsu.edu.ph','College of Law (COL)','COL - ADEALM',0,'coladealm','7fd684b876ee4dd2c7ae360856593fbbd1685f37e5f891286677bdc3b15f520d3b613d25e981da91743e3728639ccd69e98cf3870942d47412f792e47d323ff1'),(181,'col','dean','coldean@dlsu.edu.ph','College of Law (COL)','COL - Dean',0,'coldean','531e7c0755c6438ee60748f9809fd61796b0f1658b17bf2ec6a0dd9513b3c9a532b0ccfebb430cabaa4dbc5a596e59f846433bac8af958196104088bad555f27'),(182,'unitrep','cosca','unitrepcosca@dlsu.edu.ph','Center for Social Concern and Action (COSCA)','COSCA - Unit Rep',0,'unitrepcosca','90a7e0f58dbfc30df9ec5e53129db5400d14d6c5f1103608a9ec1cd6f9c441051c869a434e72200dc37819ef260f90049c5e42e6aa948a62bf988f6b952fc54d'),(183,'ccs','assistantdeanlm','ccs_assistantdeanlm@dlsu.edu.ph','College of Computer Studies (CCS)','CCS - ADLM',0,'ccsassistantdeanlm','c166189b2598bcde62c967b64ddfe0fe007f084cc150098f666b533daf0148f4846047515c65a0bdf70ad8b264e17ae63c6adaaaa2c8de2e084a3b645c125185'),(184,'rvrcob','assistantdeanlm','rvrcob_assistantdeanlm@dlsu.edu.ph','Ramon V. Del Rosario College of Business (RVR-COB)','RVRCOB - ADLM',0,'rvrcobassistantdeanlm','c853544e4a5b9f270dad35bf517f48e0beb4278a55c6a33a88bf6dceb62dc48d6e4e20777b1483f1ae1b09db4da1899c1d7e43456e3b72baf9bc3b22e69fd3ae'),(185,'rvrcob','adealm','rvrcob_adealm@dlsu.edu.ph','Ramon V. Del Rosario College of Business (RVR-COB)','RVRCOB - ADEALM',0,'rvrcobadealm','14034fda15dc56b76f301f964028060147edf85d558aca1b93d1e65df2d4d10fe0f362b018ec8104aeaefd869b8df0493ad1b82024734886b52379bc565851c1'),(186,'rvrcob','dean','rvrcob_dean@dlsu.edu.ph','Ramon V. Del Rosario College of Business (RVR-COB)','RVRCOB - Dean',0,'rvrcobdean','9c5f8e8fa4d3c97d4e8593cf9d1739ceab22086543d43fbcb4899ee5b24d15cd9756472c095f90389b701130b0dcfed85df99091ffd99ae6ae3d215f88f5492e'),(190,'chairperson','ccsct','chairperson_ccsct@dlsu.edu.ph','College of Computer Studies (CCS)','CCSCT - Chairperson',2,'chairpersonccsct','af21e56d84ddc2e67309a4de708edb7709d7c58436d1a9aee3cbcf62bc25499ec18d629df52f5c89fb1959213420abc34d6a4fb446dbf0bb0def6cc85c109712'),(191,'chairperson','ccsit','chairperson_ccsit@dlsu.edu.ph','College of Computer Studies (CCS)','CCSIT - Chairperson',3,'chairpersonccsit','58505ef4bb3e32a66b48948a7b21101d9d7053f663bf0e05405b15a46a5dc729788df31b0abd57c1cc413da73921df1a975c6e75ae951d52b389c8af30920fd3'),(192,'chairperson','ccsst','chairperson_ccsst@dlsu.edu.ph','College of Computer Studies (CCS)','CCSST - Chairperson',4,'chairpersonccsst','855fb463a046723ab95462fa238fc9bcbfe5f998fd39c17947b1a8cc282da0f3cc5d0c5702e7226a500c9743d9ca97134e69f157db44a4aa35a504aa4147d712'),(193,'cla','assistantdeanlm','cla_assistantdeanlm@dlsu.edu.ph','College of Liberal Arts (CLA)','CLA - ADLM',0,'claassistantdeanlm','2b86a85e0a40b5330f1f7f28623e68732b59d97dc712ac4aebea3084bf66b7c1f7edf66fd111bc236e9b53c053ac8881e0d007c00a690aed89a6bf209a8e1bf1'),(194,'chairperson','clabs','chairperson_clabs@dlsu.edu.ph','College of Liberal Arts (CLA)','CLABS - Chairperson',10,'chairpersonclabs','573f688aeabea86b632f951c39061d1e20d533f54c45fec0c72cb30df57d9574ca01ed08df8bec4956350ae4a3a4b21098b929620675997c33ac98311071fd4b'),(195,'chairperson','clacomm','chairperson_clacomm@dlsu.edu.ph','College of Liberal Arts (CLA)','CLACOMM - Chairperson',11,'chairpersonclacomm','c91fa8ca51d054cce16b1d22460acc05e672060e6749f4bafdbfe13db8a39cd6edc144f1cd7369daa5cec9513dfe88720f56c817be57421c3b4cc6b691172596'),(196,'chairperson','clalit','chairperson_clalit@dlsu.edu.ph','College of Liberal Arts (CLA)','CLALIT - Chairperson',12,'chairpersonclalit','687ba01aacfbe9c154dc09f0f0588dc3432adb1f817ffdb87162d458f71537ceae70559dca6b5669dad495e85c7da8677a39cf5c0b6659c117a192db83e6feb8'),(197,'chairperson','clafil','chairperson_clafil@dlsu.edu.ph','College of Liberal Arts (CLA)','CLAFIL - Chairperson',13,'chairpersonclafil','4e5ec069d02b40715c4d87805fbedb11b8c80b5d742f14030af0f59551d11234d4aab111204a0776aa77d32b4ee9e300e8158af0d5f56f6da08b1efbc4ce001e'),(198,'chairperson','clahis','chairperson_clahis@dlsu.edu.ph','College of Liberal Arts (CLA)','CLAHIS - Chairperson',14,'chairpersonclahis','569f36090fcd4c5962dfb031cab63d691f689be459d82c6e6fe323acb12c97d38b4ea084e7f2fc88ca31ffbc52ce7b9cb8b3b6f9d1455d1e5b603fdf2442c953'),(199,'chairperson','clais','chairperson_clais@dlsu.edu.ph','College of Liberal Arts (CLA)','CLAIS - Chairperson',15,'chairpersonclais','f91eeea8a830ac38b30a73b71990d48630094ef87dc7751fe7b3539f1fa6263302931ede6b16cc84217670617eb7913fb788856fe1d3cabe4b128df4ef611c95'),(200,'chairperson','claphilo','chairperson_claphilo@dlsu.edu.ph','College of Liberal Arts (CLA)','CLAPHILO - Chairperson',16,'chairpersonclaphilo','7b0e2f6563e11c4d3a3a789e1d1b4bca1210a078605dd5291dca922b9f466c61c0cf48ee8ceef02f4b73d1af2e8bbb614a419098c1e40f0ed4c88b385474ff71'),(203,'chairperson','clapolsci','chairperson_clapolsci@dlsu.edu.ph','College of Liberal Arts (CLA)','CLAPOLSCI - Chairperson',17,'chairpersonclapolsci','c3dc8bcf190c7c047823609e2405dd5ce68b1e5bd8dc275792fcb497533b7690b18e930197ed6be8e780e69feca0646e56709aa99f8f5deb3d18f50fda23b69a'),(204,'chairperson','clapsych','chairperson_clapsych@dlsu.edu.ph','College of Liberal Arts (CLA)','CLAPSYCH - Chairperson',18,'chairpersonclapsych','d6235d70e53cb757eaea974386ccb16f6667e6eab1eca10c9f21a7cb651eadbb6017e463ede5fda784cdbf1151db7faa7c715a9bbeb41c167d7a26fafd2370d9'),(205,'chairperson','clatred','chairperson_clatred@dlsu.edu.ph','College of Liberal Arts (CLA)','CLATRED - Chairperson',19,'chairpersonclatred','9ffafb56b66474c1c8ef68dfc051fc73742a72c4a7ec3ef5d2e66032d9c4a9cb0282555ff826eec7c31f62c32913b02ee77916eaad71c14e6fdf1d1883675ba9'),(206,'chairperson','rvrcobacc','chairperson_rvrcobacc@dlsu.edu.ph','Ramon V. Del Rosario College of Business (RVR-COB)','RVRCOBACC - Chairperson',29,'chairpersonrvrcobacc','4bb877fd2f53e2843ec0fe4d1a8f20e5038c49281bd1350ac6f146b52749010a9f935912d51d4b57e995dc9b7d27858edd1d0d97dc18a2bc6b1756b244be2ad5'),(207,'chairperson','rvrcobcl','chairperson_rvrcobcl@dlsu.edu.ph','Ramon V. Del Rosario College of Business (RVR-COB)','RVRCOBCL - Chairperson',30,'chairpersonrvrcobcl','9468de684fdb7bfbf75106d2aa8f605343100a4ad5cf61b490fe4510986186331bcfbe6f8288c12ed4d09f72266f197a6d616905caeee1f09c8de166e9f3c2f2'),(208,'chairperson','rvrcobdsid','chairperson_rvrcobdsid@dlsu.edu.ph','Ramon V. Del Rosario College of Business (RVR-COB)','RVRCOBDSID - Chairperson',31,'chairpersonrvrcobdsid','dffafadefed7df31907b7bef26e566b4d47ca400136778fee1a579b309dca53cbad120943d74aeba5de49d7bbe42b5dadc40a5aa42b84fe3a18ab04ecb6a18eb'),(209,'chairperson','rvrcobmfi','chairperson_rvrcobmfi@dlsu.edu.ph','Ramon V. Del Rosario College of Business (RVR-COB)','RVRCOBMFI - Chairperson',32,'chairpersonrvrcobmfi','5809805a41cddc18c262fb98708f014c692bb1ff52a99f8ce107e7dfc5a3d426ba09adee73452ac9ba7f83eb4788889358f0f70792e44cfbd02aa7536c61003a'),(210,'chairperson','rvrcobmod','chairperson_rvrcobmod@dlsu.edu.ph','Ramon V. Del Rosario College of Business (RVR-COB)','RVRCOBMOD - Chairperson',33,'chairpersonrvrcobmod','7e327e8448ce64d6834f9f47f45a56ef40b9294907b08754d383323098e4976d91caed3e553837965875a388ea6edc3a9261fa8d9e7f9e1474842807b4e225d1'),(211,'chairperson','rvrcobmm','chairperson_rvrcobmm@dlsu.edu.ph','Ramon V. Del Rosario College of Business (RVR-COB)','RVRCOBMM - Chairperson',34,'chairpersonrvrcobmm','f296545329f6e5a401729dedb43f2063095d6974cdc44499b76a2029d996533a5d944b539763dc1bd895488fc0e96dadd3144ab5dcbd34e12272cb6a7ef42749'),(212,'chairperson','soeiae','chairperson_soeiae@dlsu.edu.ph','School of Economics (SOE)','SOEIAE - Chairperson',35,'chairpersonsoeiae','0e6b4afcf2d864cca84a2ff80c6ecb53f61c2fd81d9bb53ced750111449ec5b8237a3238f09c903b3addae0a77c5057ac05f9686c08410ec5d838cfeec35cd53'),(213,'chairperson','soefae','chairperson_soefae@dlsu.edu.ph','School of Economics (SOE)','SOEFAE - Chairperson',36,'chairpersonsoefae','f4353f2ef538e2ce284b37e2a040b18c7b1408b063dc273be23a842e9ecce5de1c6db22b4a7574b2b2184bb14104232ded25aa31ecd0fe83cba93bfafc7df3db'),(214,'chairperson','soelae','chairperson_soelae@dlsu.edu.ph','School of Economics (SOE)','SOELAE - Chairperson',37,'chairpersonsoelae','a276c0d1fabb5f291f8b014d95228873ba6bb28ee225e3a51a9661fde8b21406123c96893cc34f77da5d9dc1f5334a05d190559ac11ed3d2e740a124afab82c0'),(215,'chairperson','soemfi','chairperson_soemfi@dlsu.edu.ph','School of Economics (SOE)','SOEMFI - Chairperson',38,'chairpersonsoemfi','1da683a9b4f5fd453d2c5e9d5b22ce2e484c65122ff78bf909f83c0dd98fe99f1b50902a6b214f39205577cefdb87e1adfab2c5c83cdd29f2c1583d7ce85c054'),(216,'chairperson','soemod','chairperson_soemod@dlsu.edu.ph','School of Economics (SOE)','SOEMOD - Chairperson',39,'chairpersonsoemod','fb7e30ffbe687fb5e5dd4d8bee1d35151af3807c78503d0b35a7350ff975a0a6316b57f53cb0b727bafe2e792358846c2ef362f9b7d3759ba8e587033cd006cd'),(217,'chairperson','soemm','chairperson_soemm@dlsu.edu.ph','School of Economics (SOE)','SOEMM - Chairperson',40,'chairpersonsoemm','425626607bc9096a9267703e215c761963df623099bb214b014d8d24765f5c78d98a536b454d59cf80d4caac960aac52e6fc419897a3da0f2d406748b6cc9c62'),(218,'soe','assistantdeanlm','soe_assistantdeanlm@dlsu.edu.ph','School of Economics (SOE)','SOE - ADLM',0,'soeassistantdeanlm','654e385160427b228d343c90e51dfa155fca7bf4869bf8684f9250fea3c3e8c084999578544304c378521de08cd8412b349f5608d65149fbbaf31ecff7e89a21'),(219,'bagced','assistantdeanlm','bagced_assistantdeanlm@dlsu.edu.ph','Br. Andrew Gonzales College of Education (BAGCED)','BAGCED - ADLM',0,'bagcedassistantdeanlm','ee0edd7d46a69abed0132c8f635ff2a7cd626701d778f6cef008307b4b6005556535e142dba09d13d21117aac987fae7a9c52f164cfcd3c2f1c5ca17f5cbfa87'),(220,'chairperson','bagcedcepd','chairperson_bagcedcepd@dlsu.edu.ph','Br. Andrew Gonzales College of Education (BAGCED)','BAGCEDCEPD - Chairperson',5,'chairpersonbagcedcepd','03627ef21e2db3feb7825ec30da5444fbcfa41cd4a98e0a3b13f5b1822ac606d507be8e2b7ab9e94edf4a8c28ef3336ae864486fca031c8cb53c03f2fb0d318d'),(221,'chairperson','bagceddeal','chairperson_bagceddeal@dlsu.edu.ph','Br. Andrew Gonzales College of Education (BAGCED)','BAGCEDDEAL - Chairperson',6,'chairpersonbagceddeal','80f28fa52f3ed1149c2e92918f6e075ee559236865b7e636e4dce3d58c1188e0498e19830af0229b78065d1a89683ba41fc3136c167bcf8e4286af024fbd34ba'),(222,'chairperson','bagcedelmd','chairperson_bagcedelmd@dlsu.edu.ph','Br. Andrew Gonzales College of Education (BAGCED)','BAGCEDELMD - Chairperson',7,'chairpersonbagcedelmd','e460f4483fd60149a543c02b90ee2ffe928fec401ccfca7d1a52f9d0c0f7d194758d3b95218373f74a2c073418e57f35e59f87f897bb56690a7a6e4aea1e5d5e'),(223,'chairperson','bagcedped','chairperson_bagcedped@dlsu.edu.ph','Br. Andrew Gonzales College of Education (BAGCED)','BAGCEDPED - Chairperson',8,'chairpersonbagcedped','a124c663481d4fd26994c6fb477031cd09f62662058d92b505fcffb3d81f4cf43af263e191e7ba2c7e28a726448ebdeb95e80af63f6820e9903ad623d6059406'),(224,'chairperson','bagcedsed','chairperson_bagcedsed@dlsu.edu.ph','Br. Andrew Gonzales College of Education (BAGCED)','BAGCEDSED - Chairperson',9,'chairpersonbagcedsed','d224ceb0dcd431ccd7a9f73cb65213a4c4b35561a1bb5616074f7fd2f38f31439a4d7d4bc3c43738eb1f19dd99951d2018500d83347a14bd7c7b77088652d45e'),(225,'gcoe','assistantdeanlm','gcoe_assistantdeanlm@dlsu.edu.ph','Gokongwei College of Engineering (GCOE)','GCOE - ADLM',0,'gcoeassistantdeanlm','dc7cafd8e849f4fb7cc57639f074ee61b550e2849e2d8ae8e6d559e8165034646970233af5b52bf887cb336b545740385702c000e63f6f6035b728b50f25f184'),(226,'chairperson','gcoechemeng','chairperson_gcoechemeng@dlsu.edu.ph','Gokongwei College of Engineering (GCOE)','GCOECHEMENG - Chairperson',23,'chairpersongcoechemeng','286aad5b56a08ab833be2dde4b411c6915bcd6d0d3b30273e30d2d81d26030d2dd41e9b9d517c0b73533e753db7dfaf8667c2b5e2a4e317120c0c74ae36c319e'),(227,'chairperson','gcoeciv','chairperson_gcoeciv@dlsu.edu.ph','Gokongwei College of Engineering (GCOE)','GCOECIV - Chairperson',24,'chairpersongcoeciv','d9d3c8c94acc0e67e9f8540e01e9212a339c222ceb3c41dc9d8b101aa63f2384f7a2053a9995a8d152d2ed6bdd3c169f340a03d983a5e4c4a69ba8f02e2c8778'),(228,'chairperson','gcoeece','chairperson_gcoeece@dlsu.edu.ph','Gokongwei College of Engineering (GCOE)','GCOEECE - Chairperson',25,'chairpersongcoeece','8f308d92ee6c0ca2172cab9a05c6841099c6d83b3a58519cdf7b4ce5c99b54f334cd7563dddd0d3a00fc6ed617535774d4cb84ad66c2ec7d9ca21769f84ab405'),(229,'chairperson','gcoeie','chairperson_gcoeie@dlsu.edu.ph','Gokongwei College of Engineering (GCOE)','GCOEIE - Chairperson',26,'chairpersongcoeie','a1da473cb84689d7227aeab6fbaa75faa664b8677212c2b9e4f758559fb292af0896c06f4f6df9266c67ee8549a89db3c1cff44389095d02da9d9e022960ada4'),(230,'chairperson','gcoemem','chairperson_gcoemem@dlsu.edu.ph','Gokongwei College of Engineering (GCOE)','GCOEMEM - Chairperson',27,'chairpersongcoemem','fda981fb8ccc3e33d192d9ae54e9cb1ed0a085634a7b1984c2ce32fb3402f0ce1b6dde621471e2b6d49f38b260d5020976569af7ee3cac417ecf96aec479b7ea'),(231,'chairperson','gcoeme','chairperson_gcoeme@dlsu.edu.ph','Gokongwei College of Engineering (GCOE)','GCOEME - Chairperson',28,'chairpersongcoeme','834ab30fc97b534e394f03e5d2875d873f146fcf495e02940dde0455356fc4a8aaba3388295102cd1202911347d65e4deb41db379d1f35dbf33c0f5a6853e930'),(232,'cos','assistantdeanlm','cos_assistantdeanlm@dlsu.edu.ph','College of Science (COS)','COS - ADLM',0,'cosassistantdeanlm','b4bc564ee7478dbce352e32c0bbcc9242f82b994e65556c02df003b82698a679f91d4af7b4c3ae09b5bfecd86a25885d4fa2915466014ea9a458872377c749da'),(233,'chairperson','cosbio','chairperson_cosbio@dlsu.edu.ph','College of Science (COS)','COSBIO - Chairperson',20,'chairpersoncosbio','d1b10bbb591a77049ce0e7b5170cc3fe45af6cef5f8a9ea49de00716e74cdd4bf01a180bc5ac744d8fdf1b790a2e3dd201f5cc73e66ef65f600b4c037758b44f'),(234,'chairperson','coschem','chairperson_coschem@dlsu.edu.ph','College of Science (COS)','COSCHEM - Chairperson',21,'chairpersoncoschem','ac4509446edf8a8ff6eb05134367346f7687f36abd8e8cc571249a558ed21f990086be94fb25945384b8bd7b361ea604dddd834540c66af78fa812f01aead911'),(235,'chairperson','cosphys','chairperson_cosphys@dlsu.edu.ph','College of Science (COS)','COSPHYS - Chairperson',22,'chairpersoncosphys','d02c96cf805fae18f307b7cdd6b30a0378f09c4af070081aa7036fda9e6b74365e1c55186e507301442cd8ee97c1699e43a9f313c1a81bb7f2370f9d1b12a733'),(236,'opm','unitrep','opmunitrep@dlsu.edu.ph','Office of Personnel Management (OPM)','OPM - Unit Representative',0,'unitrepopm','de68dbd399f7a0158c53e8605356c535a87f92660f2a788bfd6fcccc28b12e1c7cfa02cee03a961a742ae0af408fdec35d392af8f17f855519357ffb20d6454a'),(237,'opm','unitchair','opmunitchair@dlsu.edu.ph','Office of Personnel Management (OPM)','OPM - Unit Chair',0,'unitchairopm','3f8f93db9ca52653a3ccb8e86a70779bc037d6bf1c936f92f6a3b5fb3a20cc7c106ace9727c9ce559fec4b2fe01c51317fcaceb62ef9f5b87ac026d2494d66a9'),(238,'opm','sedirector','opmsedirector@dlsu.edu.h','Office of Personnel Management (OPM)','OPM - Social Engagement Director',0,'sedirectoropm','c405b158b68083d023d011d605ae694d4c06997b86d258eb87b9c21e3df67897574473d0e1d7cd53cf3a9598da4518d84b2fcdb2dd81c1c6b9c43fad4367770d'),(239,'opm','vpvc','dsadasdsa@dlsu.edu.ph','Office of Personnel Management (OPM)','OPM - VP/VC',0,'vpvcopm','eb5326bda602b42b344651963376e39427b2d1e2a685a956a9de12b3b431d60d0cee7527fd6adedcc44683dd57ef45bb98a1778ade0f89fa2d23a1dbb39fa5f0'),(240,'adlm','opm','adlmopm@dlsu.edu.ph','Office of Personnel Management (OPM)','OPM - ADLM',0,'adlmopm','bb4b140d1343c3dfe2344a2360e280e5e173a3ddd592d5b7540d355fb4fec493effd6cc0a879879f6be06ada64f1b609a100cf9c66c1d93ec0baaa2cf0021465'),(241,'unithead','opm','unitheadopm@dlsu.edu.ph','Office of Personnel Management (OPM)','OPM - Unit Head',0,'unitheadopm','b435a5761fbb21510cc70d9d4de8f206036b3e9560f6454ecd6e0812ba29734b0d729ff8435e73cfdeee6290002e3122823ba39d044189f68c6c9738ec95723b'),(242,'director','opm','directoropm@dlsu.edu.ph','Office of Personnel Management (OPM)','OPM - Director',0,'directoropm','2f0bb0245dabf64b251297b58ad8870aa3e0b2b8e33b7269a89f3e605b2616e80220cf9cd06b158d017c43cf8ecbaf37a3684aab63d06d2b2820a1842a2bc607');
/*!40000 ALTER TABLE `informationsheet` ENABLE KEYS */;
UNLOCK TABLES;

--
-- Table structure for table `kra`
--

DROP TABLE IF EXISTS `kra`;
/*!40101 SET @saved_cs_client     = @@character_set_client */;
/*!40101 SET character_set_client = utf8 */;
CREATE TABLE `kra` (
  `kraID` int(11) NOT NULL AUTO_INCREMENT,
  `name` varchar(200) DEFAULT NULL,
  `date` date DEFAULT NULL,
  `userID` int(11) DEFAULT NULL,
  PRIMARY KEY (`kraID`),
  KEY `LA5_idx` (`userID`),
  CONSTRAINT `LA5` FOREIGN KEY (`userID`) REFERENCES `informationsheet` (`id`) ON DELETE NO ACTION ON UPDATE NO ACTION
) ENGINE=InnoDB AUTO_INCREMENT=3 DEFAULT CHARSET=utf8;
/*!40101 SET character_set_client = @saved_cs_client */;

--
-- Dumping data for table `kra`
--

LOCK TABLES `kra` WRITE;
/*!40000 ALTER TABLE `kra` DISABLE KEYS */;
INSERT INTO `kra` VALUES (1,'KRA3 - Formation for all sectors that is truly Lasallian','2018-10-06',71),(2,'KRA5 - Community that is attuned to a sustainable Earth and socially engaged','2018-10-06',71);
/*!40000 ALTER TABLE `kra` ENABLE KEYS */;
UNLOCK TABLES;

--
-- Table structure for table `measure`
--

DROP TABLE IF EXISTS `measure`;
/*!40101 SET @saved_cs_client     = @@character_set_client */;
/*!40101 SET character_set_client = utf8 */;
CREATE TABLE `measure` (
  `measureID` int(11) NOT NULL AUTO_INCREMENT,
  `measure` varchar(500) DEFAULT NULL,
  `description` varchar(500) DEFAULT NULL,
  `target` varchar(500) DEFAULT NULL,
  `kraID` int(11) DEFAULT NULL,
  `goalID` int(11) DEFAULT NULL,
  PRIMARY KEY (`measureID`),
  KEY `LA7_idx` (`kraID`),
  KEY `LA8_idx` (`goalID`),
  CONSTRAINT `LA7` FOREIGN KEY (`kraID`) REFERENCES `kra` (`kraID`) ON DELETE NO ACTION ON UPDATE NO ACTION,
  CONSTRAINT `LA8` FOREIGN KEY (`goalID`) REFERENCES `goal` (`goalID`) ON DELETE NO ACTION ON UPDATE NO ACTION
) ENGINE=InnoDB AUTO_INCREMENT=23 DEFAULT CHARSET=utf8;
/*!40101 SET character_set_client = @saved_cs_client */;

--
-- Dumping data for table `measure`
--

LOCK TABLES `measure` WRITE;
/*!40000 ALTER TABLE `measure` DISABLE KEYS */;
INSERT INTO `measure` VALUES (1,'KRA3-G1-M1','Integration in curricular and co-curricular programs of formation based on Lasallian sprituality and mission','1. Development of Lasallian formation program for graduate students  2. Existing Lasallian formation programs for undergraduate students have been reviewed and revised\r \r 3. 50% of student organizations have implemented a Lasallian formation activity',1,1),(2,'KRA3-G1-M2','Participation of administrators, faculty, and personnel in Lasallian formation activity','1. 50% of Faculty Departments have undergone Lasallian Formation Programs\r\n\r\n2. 75% of Staff have undergone Lasallian Formation Programs\r\n\r\n3. All administrators have undergone the Lasallian formation activity',1,1),(3,'KRA3-G1-M3','Number of Lasallian formation activities available for other sectors in the DLSU community','1. At least one Lasallian formation activity engaging alumni, parents, and community partners',1,1),(4,'KRA3-G2-M1 ','Number of fora and other interdisciplinary activities focused on bridging faith and scholarship (e.g. ethics, heritage, culture, science, theology, philosophy)','1. At least one interdisciplinary activity conducted each term',1,2),(5,'KRA3-G2-M2 ','Integration of faith dimension using the Lasallian Reflection Framework (LRF) in GE courses','1. Review and integrate the LRF in all NLCC subjects',1,2),(6,'KRA3-G2-M3 ','Participation of international students in co-curricular activities promoting interfaith and multicultural diversity','1. 50% of international students participate in co-curricular activities promoting interfaith and multicultural diversity',1,2),(7,'KRA3-G3-M1 ','Number of Lasallian communities committed to the Lasallian mission','1. 3 communities',1,3),(8,'KRA5-G1-M1 ','Number of sustainable social engagement project of units','1. 20% ',2,4),(9,'KRA5-G1-M2 ','Involvement of faculty, student, and personnel in DLSU community engagement programs and activities A. Percentage of student organizations involved in community engagement programs and activities B. Percentage of staff engaged in community engagement programs and activities C. Percentage of departments with community engagement projects','A. 50%\r\n\r\nB. 50%\r\n\r\nC. 50%',2,4),(10,'KRA5-G1-M3 ','Number of social engagement choices under the four components of the Sustainable Development Goals Localization Project - L-ARAL (Education) - L-SEED (Social Enterprise) - L-Envisage (Environment/DRR) - L-HEARTS (Health and Wellness)','1. 16',2,4),(11,'KRA5-G2-M1 ','Service learning (SL) components of academic programs A. Percentage of undergraduate programs with SL component B. Percentage of graduate programs with SL component','A. 50%\r\n\r\nB. 10%',2,5),(12,'KRA5-G2-M2 ','Number of international SL activities','1. 1',2,5),(13,'KRA5-G2-M3 ','Student satisfaction in service learning experience','1. 3/4',2,5),(14,'KRA5-G3-M1 ','Percentage of members of Lasallian Community engaged in activities related to the realization of the SDGs','1. Baseline: Inventory of existing SDG localization efforts',2,6),(15,'KRA5-G3-M2 ','Number of public engagements that allows sharing of expertise for the realization of the SDGs','1. Baseline: Inventory of public engagements/sharing of expertise of the University units/personnel for the realization of the SDGs',2,6),(16,'KRA5-G3-M3','Metrics to gauge SD impact of DLSU initiatives','1. Development of SD impact assessment tools/SD metrics',2,6),(17,'KRA5-G4-M1 ','Compliance with green building standards for both existing and new construction','1. Baseline study',2,7),(18,'KRA5-G4-M2','Resource use efficiency (i.e. material resources, utilities, etc.)','1. Baseline study',2,7),(19,'KRA5-G4-M3 ','University\'s per Capita Carbon Footprint','1. Baseline study',2,7),(20,'KRA5-G4-M4 ','Percentage of total energy requirements provided by alternative energy sources','1. Baseline study',2,7),(21,'KRA5-G4-M5 ','University\'s per Capita Water Footprint','1. Baseline study',2,7),(22,'KRA5-G4-M6 ','Percentage of spaces dedicated to biodiversity \'green zones\' and open spaces','1. Baseline study',2,7);
/*!40000 ALTER TABLE `measure` ENABLE KEYS */;
UNLOCK TABLES;

--
-- Table structure for table `notification`
--

DROP TABLE IF EXISTS `notification`;
/*!40101 SET @saved_cs_client     = @@character_set_client */;
/*!40101 SET character_set_client = utf8 */;
CREATE TABLE `notification` (
  `id` int(11) NOT NULL AUTO_INCREMENT,
  `title` varchar(500) DEFAULT NULL,
  `body` varchar(1000) DEFAULT NULL,
  `datetime` datetime DEFAULT NULL,
  `userID` int(11) DEFAULT NULL,
  PRIMARY KEY (`id`),
  KEY `LA14_idx` (`userID`),
  CONSTRAINT `LA14` FOREIGN KEY (`userID`) REFERENCES `informationsheet` (`id`) ON DELETE NO ACTION ON UPDATE NO ACTION
) ENGINE=InnoDB AUTO_INCREMENT=1136 DEFAULT CHARSET=utf8;
/*!40101 SET character_set_client = @saved_cs_client */;

--
-- Dumping data for table `notification`
--

LOCK TABLES `notification` WRITE;
/*!40000 ALTER TABLE `notification` DISABLE KEYS */;
INSERT INTO `notification` VALUES (950,'Kalbuhan 2020','New SE Proposal ready for approval!','2018-11-13 14:08:41',80),(951,'Kalbuhan 2020','New SE Proposal ready for approval!','2018-11-13 14:11:58',82),(952,'Kalbuhan 2020','Your proposal has been approved by the Department Chair! It will now be taken to the ADEALM.','2018-11-13 14:11:58',83),(953,'Kalbuhan 2020','New SE Proposal ready for approval!','2018-11-13 14:17:53',81),(954,'Kalbuhan 2020','Your proposal has been approved by the ADEALM! It will now be taken to the Dean.','2018-11-13 14:17:53',83),(955,'Kalbuhan 2020','Your proposal has some revisions before it is approved by the Dean.','2018-11-13 14:32:36',83),(956,'Kalbuhan 2020','Revised SE Proposal ready for approval!','2018-11-13 14:33:39',80),(957,'Kalbuhan 2020','New SE Proposal ready for approval!','2018-11-13 15:36:09',80),(958,'Kalbuhan 2020','New SE Proposal ready for approval!','2018-11-13 15:36:38',82),(959,'Kalbuhan 2020','Your proposal has been approved by the Department Chair! It will now be taken to the ADEALM.','2018-11-13 15:36:38',83),(960,'Kalbuhan 2020','Your proposal has some revisions before it is approved by the ADEALM.','2018-11-13 15:38:37',83),(961,'Kalbuhan 2020','Revised SE Proposal ready for approval!','2018-11-13 15:40:35',80),(962,'Kalbuhan 2020','New SE Proposal ready for approval!','2018-11-13 15:47:11',82),(963,'Kalbuhan 2020','Your proposal has been approved by the Department Chair! It will now be taken to the ADEALM.','2018-11-13 15:47:11',83),(964,'Kalbuhan 2020','Your proposal has some revisions before it is approved by the ADEALM.','2018-11-13 15:49:16',83),(965,'Kalbuhan 2020','Revised SE Proposal ready for approval!','2018-11-13 15:50:08',80),(966,'Kalbuhan 2020','New SE Proposal ready for approval!','2018-11-13 15:51:10',82),(967,'Kalbuhan 2020','Your proposal has been approved by the Department Chair! It will now be taken to the ADEALM.','2018-11-13 15:51:10',83),(968,'Kalbuhan 2020','New SE Proposal ready for approval!','2018-11-13 15:51:24',81),(969,'Kalbuhan 2020','Your proposal has been approved by the ADEALM! It will now be taken to the Dean.','2018-11-13 15:51:24',83),(970,'Kalbuhan 2020','Your proposal has some revisions before it is approved by the Dean.','2018-11-13 16:15:02',83),(971,'Kung di rin','New SE Proposal ready for approval!','2018-11-13 16:44:16',80),(972,'Kung di rin','New SE Proposal ready for approval!','2018-11-13 17:41:41',82),(973,'Kung di rin','Your proposal has been approved by the Department Chair! It will now be taken to the ADEALM.','2018-11-13 17:41:41',83),(974,'Kung di rin','Your proposal has some revisions before it is approved by the ADEALM.','2018-11-13 17:42:23',83),(975,'Kung di rin','Revised SE Proposal ready for approval!','2018-11-13 17:45:39',80),(976,'Kung di rin','New SE Proposal ready for approval!','2018-11-13 17:46:09',82),(977,'Kung di rin','Your proposal has been approved by the Department Chair! It will now be taken to the ADEALM.','2018-11-13 17:46:09',83),(978,'Kung di rin','Your proposal has some revisions before it is approved by the ADEALM.','2018-11-13 17:46:28',83),(979,'Kung di rin','Revised SE Proposal ready for approval!','2018-11-13 17:47:17',80),(980,'Kung di rin','New SE Proposal ready for approval!','2018-11-13 17:48:06',82),(981,'Kung di rin','Your proposal has been approved by the Department Chair! It will now be taken to the ADEALM.','2018-11-13 17:48:06',83),(982,'Kung di rin','New SE Proposal ready for approval!','2018-11-13 17:48:39',81),(983,'Kung di rin','Your proposal has been approved by the ADEALM! It will now be taken to the Dean.','2018-11-13 17:48:39',83),(984,'Kung di rin','Your proposal has some revisions before it is approved by the Dean.','2018-11-13 17:49:14',83),(985,'Kung di rin!','Revised SE Proposal ready for approval!','2018-11-13 17:51:55',80),(986,'Kung di rin!','New SE Proposal ready for approval!','2018-11-13 17:52:28',82),(987,'Kung di rin!','Your proposal has been approved by the Department Chair! It will now be taken to the ADEALM.','2018-11-13 17:52:28',83),(988,'Kung di rin!','New SE Proposal ready for approval!','2018-11-13 17:52:43',81),(989,'Kung di rin!','Your proposal has been approved by the ADEALM! It will now be taken to the Dean.','2018-11-13 17:52:43',83),(990,'Kung di rin!','New SE Proposal ready for approval!','2018-11-13 17:54:55',75),(991,'Kung di rin!','New SE Proposal ready for approval!','2018-11-13 17:54:55',75),(992,'Kung di rin!','Your proposal has been approved by the Dean! It will now be taken to COSCA.','2018-11-13 17:54:55',83),(993,'Kung di rin!','Your proposal has some revisions before it is approved by COSCA.','2018-11-13 17:56:08',83),(994,'Kung di rin!!','Revised SE Proposal ready for approval!','2018-11-13 17:56:55',80),(995,'Kung di rin!!','New SE Proposal ready for approval!','2018-11-13 18:00:41',82),(996,'Kung di rin!!','Your proposal has been approved by the Department Chair! It will now be taken to the ADEALM.','2018-11-13 18:00:41',83),(997,'Kung di rin!!','New SE Proposal ready for approval!','2018-11-13 18:00:59',81),(998,'Kung di rin!!','Your proposal has been approved by the ADEALM! It will now be taken to the Dean.','2018-11-13 18:00:59',83),(999,'Kung di rin!!','New SE Proposal ready for approval!','2018-11-13 18:01:11',75),(1000,'Kung di rin!!','New SE Proposal ready for approval!','2018-11-13 18:01:11',75),(1001,'Kung di rin!!','Your proposal has been approved by the Dean! It will now be taken to COSCA.','2018-11-13 18:01:11',83),(1002,'Kung di rin!!','New SE Proposal ready for approval!','2018-11-13 18:01:57',76),(1003,'Kung di rin!!','New SE Proposal ready for approval!','2018-11-13 18:01:57',77),(1004,'Kung di rin!!','New SE Proposal ready for approval!','2018-11-13 18:01:57',79),(1005,'Kung di rin!!','New SE Proposal ready for approval!','2018-11-13 18:01:57',78),(1006,'Kung di rin!!','New SE Proposal ready for approval!','2018-11-13 18:01:57',74),(1007,'Kung di rin!!','Your proposal has been approved by COSCA. It will now be taken to the LMC Council.','2018-11-13 18:01:57',83),(1008,'Kung di rin!!','Nelca Villarin has voted to APPROVE your proposal. Vote Count: 1/5','2018-11-13 18:02:26',83),(1009,'Kung di rin!!','Margarita Perdido has voted to APPROVE your proposal. Vote Count: 2/5','2018-11-13 18:02:39',83),(1010,'Kung di rin!!','James Laxa has voted to APPROVE your proposal. Vote Count: 3/5','2018-11-13 18:02:58',83),(1011,'Kung di rin!!','Fritzie De Vera has voted to APPROVE your proposal. Vote Count: 4/5','2018-11-13 18:03:10',83),(1012,'Kung di rin!!','Michael Broughton has voted to APPROVE your proposal. Vote Count: 5/5','2018-11-13 18:03:24',83),(1013,'Kung di rin!!','Congratulations! Your SE Proposal has been approved!','2018-11-13 18:03:24',83),(1014,'2oo2','New FF Proposal ready for approval!','2018-11-13 18:19:51',193),(1015,'2oo2','New FF Proposal ready for approval!','2018-11-13 18:20:53',200),(1016,'2oo2','Your proposal has been approved by the Assistant Dean for Lasallian Mission! It will now be taken to the Chairperson of the Department.','2018-11-13 18:20:53',110),(1017,'2oo2','Your proposal has some revisions before it is approved by the Chairperson of the Department.','2018-11-13 18:21:22',110),(1018,'Smile','New SE Proposal ready for approval!','2018-11-13 18:23:55',87),(1019,'Smile','New SE Proposal ready for approval!','2018-11-13 18:24:38',82),(1020,'Smile','Your proposal has been approved by the Department Chair! It will now be taken to the ADEALM.','2018-11-13 18:24:38',85),(1021,'Smile','Your proposal has some revisions before it is approved by the ADEALM.','2018-11-13 18:24:52',85),(1022,'Smile!','Revised SE Proposal ready for approval!','2018-11-13 18:25:45',87),(1023,'Smile!','New SE Proposal ready for approval!','2018-11-13 18:26:00',82),(1024,'Smile!','Your proposal has been approved by the Department Chair! It will now be taken to the ADEALM.','2018-11-13 18:26:00',85),(1025,'Smile!','New SE Proposal ready for approval!','2018-11-13 18:26:12',81),(1026,'Smile!','Your proposal has been approved by the ADEALM! It will now be taken to the Dean.','2018-11-13 18:26:12',85),(1027,'Smile!','Your proposal has been rejected by the Dean. Reason: Yoko eh','2018-11-13 18:26:33',85),(1028,'IDGAF','New SE Proposal ready for approval!','2018-11-13 18:27:53',87),(1029,'IDGAF','New SE Proposal ready for approval!','2018-11-13 18:28:05',82),(1030,'IDGAF','Your proposal has been approved by the Department Chair! It will now be taken to the ADEALM.','2018-11-13 18:28:05',85),(1031,'IDGAF','New SE Proposal ready for approval!','2018-11-13 18:28:19',81),(1032,'IDGAF','Your proposal has been approved by the ADEALM! It will now be taken to the Dean.','2018-11-13 18:28:19',85),(1034,'2oo2!!!','You have a Revised FF Proposal ready for approval!','2018-11-13 19:03:23',193),(1035,'2oo2!!!','New FF Proposal ready for approval!','2018-11-13 19:03:59',200),(1036,'2oo2!!!','Your proposal has been approved by the Assistant Dean for Lasallian Mission! It will now be taken to the Chairperson of the Department.','2018-11-13 19:03:59',110),(1037,'2oo2!!!','Your proposal has some revisions before it is approved by the Chairperson of the Department.','2018-11-13 19:11:12',110),(1038,'2oo2!!!!!!','You have a Revised FF Proposal ready for approval!','2018-11-13 19:11:44',193),(1039,'2oo2!!!!!!','New FF Proposal ready for approval!','2018-11-13 19:12:24',200),(1040,'2oo2!!!!!!','Your proposal has been approved by the Assistant Dean for Lasallian Mission! It will now be taken to the Chairperson of the Department.','2018-11-13 19:12:24',110),(1041,'2oo2!!!!!!','New FF Proposal ready for approval!','2018-11-13 19:12:49',125),(1042,'2oo2!!!!!!','Your proposal has been approved by the Chairperson of the Department! It will now be taken to the Dean.','2018-11-13 19:12:49',110),(1043,'2oo2!!!!!!','Your proposal has some revisions before it is approved by the Dean.','2018-11-13 19:13:26',110),(1044,'2oo2!!!!!!!!','You have a Revised FF Proposal ready for approval!','2018-11-13 19:13:51',193),(1045,'2oo2!!!!!!!!','New FF Proposal ready for approval!','2018-11-13 19:14:04',200),(1046,'2oo2!!!!!!!!','Your proposal has been approved by the Assistant Dean for Lasallian Mission! It will now be taken to the Chairperson of the Department.','2018-11-13 19:14:04',110),(1047,'2oo2!!!!!!!!','New FF Proposal ready for approval!','2018-11-13 19:14:18',125),(1048,'2oo2!!!!!!!!','Your proposal has been approved by the Chairperson of the Department! It will now be taken to the Dean.','2018-11-13 19:14:18',110),(1049,'2oo2!!!!!!!!','New FF Proposal ready for approval!','2018-11-13 19:14:33',76),(1050,'2oo2!!!!!!!!','Your proposal has been approved by the Dean! It will now be taken to Sir James.','2018-11-13 19:14:33',110),(1051,'2oo2!!!!!!!!','Your proposal has some revisions before it is approved by the LSPO.','2018-11-13 19:14:57',110),(1052,'2oo2!!!!!!!!!!!!!!!','You have a Revised FF Proposal ready for approval!','2018-11-13 19:15:19',193),(1053,'2oo2!!!!!!!!!!!!!!!','New FF Proposal ready for approval!','2018-11-13 19:15:31',200),(1054,'2oo2!!!!!!!!!!!!!!!','Your proposal has been approved by the Assistant Dean for Lasallian Mission! It will now be taken to the Chairperson of the Department.','2018-11-13 19:15:31',110),(1055,'2oo2!!!!!!!!!!!!!!!','New FF Proposal ready for approval!','2018-11-13 19:15:44',125),(1056,'2oo2!!!!!!!!!!!!!!!','Your proposal has been approved by the Chairperson of the Department! It will now be taken to the Dean.','2018-11-13 19:15:44',110),(1057,'2oo2!!!!!!!!!!!!!!!','New FF Proposal ready for approval!','2018-11-13 19:15:54',76),(1058,'2oo2!!!!!!!!!!!!!!!','Your proposal has been approved by the Dean! It will now be taken to Sir James.','2018-11-13 19:15:54',110),(1059,'2oo2!!!!!!!!!!!!!!!','You have new FF Proposal ready for approval!','2018-11-13 19:16:09',77),(1060,'2oo2!!!!!!!!!!!!!!!','You have new FF Proposal ready for approval!','2018-11-13 19:16:09',79),(1061,'2oo2!!!!!!!!!!!!!!!','You have new FF Proposal ready for approval!','2018-11-13 19:16:09',78),(1062,'2oo2!!!!!!!!!!!!!!!','You have new FF Proposal ready for approval!','2018-11-13 19:16:09',74),(1063,'2oo2!!!!!!!!!!!!!!!','Your proposal has been approved by the LSPO! It will now be taken to the LMC Council.','2018-11-13 19:16:09',110),(1064,'EFEF','New FF Proposal ready for approval!','2018-11-13 19:56:03',219),(1065,'EFEF','New FF Proposal ready for approval!','2018-11-13 19:57:06',223),(1066,'EFEF','Your proposal has been approved by the Assistant Dean for Lasallian Mission! It will now be taken to the Chairperson of the Department.','2018-11-13 19:57:06',143),(1067,'EFEF','New FF Proposal ready for approval!','2018-11-13 19:57:40',151),(1068,'EFEF','Your proposal has been approved by the Chairperson of the Department! It will now be taken to the Dean.','2018-11-13 19:57:40',143),(1069,'EFEF','Your proposal has been rejected by the Dean. Reason: yoko hehe','2018-11-13 19:57:55',143),(1070,'2oo2!!!!!!!!!!!!!!!','Michael Broughton has voted to APPROVE your proposal. Vote Count: 1/4','2018-11-13 20:22:43',110),(1071,'2oo2!!!!!!!!!!!!!!!','Nelca Villarin has voted to APPROVE your proposal. Vote Count: 2/4','2018-11-13 20:24:51',110),(1072,'2oo2!!!!!!!!!!!!!!!','Fritzie De Vera has voted to APPROVE your proposal. Vote Count: 3/4','2018-11-13 20:25:23',110),(1073,'2oo2!!!!!!!!!!!!!!!','Margarita Perdido has voted to APPROVE your proposal. Vote Count: 4/4','2018-11-13 20:25:48',110),(1074,'2oo2!!!!!!!!!!!!!!!','Congratulations! Your FF Proposal has been approved!','2018-11-13 20:25:48',110),(1075,'Bilibid Prison Reachout','New SE Proposal ready for approval!','2018-11-14 22:05:02',80),(1076,'Bilibid Prison Reachout','New SE Proposal ready for approval!','2018-11-14 22:08:33',80),(1077,'Bilibid Prison Reachout','New SE Proposal ready for approval!','2018-11-14 22:09:05',82),(1078,'Bilibid Prison Reachout','Your proposal has been approved by the Department Chair! It will now be taken to the ADEALM.','2018-11-14 22:09:05',83),(1079,'Bilibid Prison Reachout','New SE Proposal ready for approval!','2018-11-14 22:09:25',81),(1080,'Bilibid Prison Reachout','Your proposal has been approved by the ADEALM! It will now be taken to the Dean.','2018-11-14 22:09:25',83),(1081,'Bilibid Prison Reachout','New SE Proposal ready for approval!','2018-11-14 22:10:24',75),(1082,'Bilibid Prison Reachout','New SE Proposal ready for approval!','2018-11-14 22:10:24',75),(1083,'Bilibid Prison Reachout','Your proposal has been approved by the Dean! It will now be taken to COSCA.','2018-11-14 22:10:24',83),(1084,'Bilibid Prison Reachout','New SE Proposal ready for approval!','2018-11-14 22:28:17',76),(1085,'Bilibid Prison Reachout','New SE Proposal ready for approval!','2018-11-14 22:28:17',77),(1086,'Bilibid Prison Reachout','New SE Proposal ready for approval!','2018-11-14 22:28:17',79),(1087,'Bilibid Prison Reachout','New SE Proposal ready for approval!','2018-11-14 22:28:17',78),(1088,'Bilibid Prison Reachout','New SE Proposal ready for approval!','2018-11-14 22:28:17',74),(1089,'Bilibid Prison Reachout','Your proposal has been approved by COSCA. It will now be taken to the LMC Council.','2018-11-14 22:28:17',83),(1090,'Bilibid Prison Reachout','New SE Proposal ready for approval!','2018-11-14 22:34:16',76),(1091,'Bilibid Prison Reachout','New SE Proposal ready for approval!','2018-11-14 22:34:16',77),(1092,'Bilibid Prison Reachout','New SE Proposal ready for approval!','2018-11-14 22:34:16',79),(1093,'Bilibid Prison Reachout','New SE Proposal ready for approval!','2018-11-14 22:34:16',78),(1094,'Bilibid Prison Reachout','New SE Proposal ready for approval!','2018-11-14 22:34:16',74),(1095,'Bilibid Prison Reachout','Your proposal has been approved by COSCA. It will now be taken to the LMC Council.','2018-11-14 22:34:16',83),(1101,'Suntukan 2018','URGENT SE Proposal ready for approval!!','2018-11-17 18:06:30',80),(1102,'Suntukan Ulit 2018','New SE Proposal ready for approval!','2018-11-17 18:13:16',80),(1103,'Suntukan Nanaman 2018!','URGENT SE Proposal ready for approval!!','2018-11-17 18:16:45',80),(1104,'SUNTUKAN',NULL,'2018-11-17 18:23:29',80),(1105,'TESTING',NULL,'2018-11-17 18:25:22',80),(1106,'dajkljdsakldjklas 2018',NULL,'2018-11-17 18:27:21',80),(1107,'dsjakdljsakldjaslkdjkalsjdlkasjklaj','URGENT SE Proposal ready for approval!!','2018-11-17 18:28:29',80),(1108,'DJSALKDJSAKL','URGENT SE Proposal ready for approval!!','2018-11-17 18:31:40',80),(1109,'Karl Madrid 2018 Program','URGENT SE Proposal ready for approval!','2018-11-17 18:57:50',80),(1111,'Suntukan 2018','URGENT SE Proposal ready for approval!','2018-11-17 23:04:52',80),(1112,'Suntukan 2018','URGENT SE Proposal ready for approval!!','2018-11-17 23:05:19',82),(1113,'Suntukan 2018','Your proposal has been approved by the Department Chair! It will now be taken to the ADEALM.','2018-11-17 23:05:19',83),(1114,'Suntukan 2018','URGENT SE Proposal ready for approval!!','2018-11-17 23:07:04',81),(1115,'Suntukan 2018','Your proposal has been approved by the ADEALM! It will now be taken to the Dean.','2018-11-17 23:07:04',83),(1116,'Suntukan 2018','URGENT SE Proposal ready for approval!!','2018-11-17 23:07:20',75),(1117,'Suntukan 2018','New SE Proposal ready for approval!','2018-11-17 23:07:20',75),(1118,'Suntukan 2018','Your proposal has been approved by the Dean! It will now be taken to COSCA.','2018-11-17 23:07:20',83),(1119,'Suntukan 2018','URGENT SE Proposal ready for approval!!','2018-11-17 23:11:19',76),(1120,'Suntukan 2018','URGENT SE Proposal ready for approval!!','2018-11-17 23:11:19',77),(1121,'Suntukan 2018','URGENT SE Proposal ready for approval!!','2018-11-17 23:11:19',79),(1122,'Suntukan 2018','URGENT SE Proposal ready for approval!!','2018-11-17 23:11:19',78),(1123,'Suntukan 2018','URGENT SE Proposal ready for approval!!','2018-11-17 23:11:19',74),(1124,'Suntukan 2018','Your proposal has been approved by COSCA. It will now be taken to the LMC Council.','2018-11-17 23:11:19',83),(1125,'Suntukan 2018','Fritzie De Vera has voted to APPROVE your proposal. Vote Count: 1/5','2018-11-17 23:11:34',83),(1126,'Suntukan 2018','James Laxa has voted to APPROVE your proposal. Vote Count: 2/5','2018-11-17 23:11:52',83),(1127,'Suntukan 2018','Michael Broughton has voted to APPROVE your proposal. Vote Count: 3/5','2018-11-17 23:12:06',83),(1128,'Suntukan 2018','Nelca Villarin has voted to APPROVE your proposal. Vote Count: 4/5','2018-11-17 23:12:33',83),(1129,'Suntukan 2018','Margarita Perdido has voted to APPROVE your proposal. Vote Count: 5/5','2018-11-17 23:12:43',83),(1130,'Suntukan 2018','Your URGENT proposal has been approved by the Council. You may now upload the PRS for endorsement!','2018-11-17 23:12:43',83),(1131,'Suntukan 2018','URGENT SE PRS ready for approval!!','2018-11-17 23:17:55',74),(1132,'Suntukan 2018','Congratulations! Your URGENT SE Proposal has been approved!!','2018-11-17 23:18:12',83),(1133,'Suntukan 2018','?4000.0 has been deducted to the budget!','2018-11-17 23:18:12',74);
/*!40000 ALTER TABLE `notification` ENABLE KEYS */;
UNLOCK TABLES;

--
-- Table structure for table `positions`
--

DROP TABLE IF EXISTS `positions`;
/*!40101 SET @saved_cs_client     = @@character_set_client */;
/*!40101 SET character_set_client = utf8 */;
CREATE TABLE `positions` (
  `id` int(11) NOT NULL AUTO_INCREMENT,
  `position` varchar(100) DEFAULT NULL,
  `unitID` int(11) DEFAULT NULL,
  `departmentID` int(11) DEFAULT NULL,
  PRIMARY KEY (`id`)
) ENGINE=InnoDB AUTO_INCREMENT=33 DEFAULT CHARSET=utf8;
/*!40101 SET character_set_client = @saved_cs_client */;

--
-- Dumping data for table `positions`
--

LOCK TABLES `positions` WRITE;
/*!40000 ALTER TABLE `positions` DISABLE KEYS */;
INSERT INTO `positions` VALUES (1,'OVPLM - Vice President for Lasallian Mission',10,0),(2,'OVPLM - Executve Officer',10,0),(3,'OVPLM - Unit Representative',10,0),(4,'BAGCED - ADEALM',13,0),(5,'BAGCED - Dean',13,0),(6,'BAGCEDCEPD - Chairperson',13,5),(7,'BAGCEDCEPD - Department Chair',13,5),(8,'BAGCEDCEPD - Unit Representative',13,5),(9,'BAGCEDDEAL - Chairperson',13,6),(10,'BAGCEDDEAL - Department Chair',13,6),(11,'BAGCEDDEAL - Unit Representative',13,6),(12,'BAGCEDELMD - Chairperson',13,7),(13,'BAGCEDELMD - Department Chair',13,7),(14,'BAGCEDELMD - Unit Representative',13,7),(15,'BAGCEDPED - Chairperson',13,8),(16,'BAGCEDPED - Department Chair',13,8),(17,'BAGCEDPED - Unit Representative',13,8),(18,'BAGCEDSED - Chairperson',13,9),(19,'BAGCEDSED - Department Chair',13,9),(20,'BAGCEDSED - Unit Representative',13,9),(21,'CCS - ADEALM',11,0),(22,'CCS - ADLM',11,0),(23,'CCS - Dean',11,0),(24,'CCSCT - Chairperson',11,2),(25,'CCSCT - Department Chair',11,2),(26,'CCSCT - Unit Representative',11,2),(27,'CCSIT - Chairperson',11,3),(28,'CCSIT - Department Chair',11,3),(29,'CCSIT - Unit Representative',11,3),(30,'CCSST - Chairperson',11,4),(31,'CCSST - Department Chair',11,4),(32,'CCSST - Unit Representative',11,4);
/*!40000 ALTER TABLE `positions` ENABLE KEYS */;
UNLOCK TABLES;

--
-- Table structure for table `se_measures`
--

DROP TABLE IF EXISTS `se_measures`;
/*!40101 SET @saved_cs_client     = @@character_set_client */;
/*!40101 SET character_set_client = utf8 */;
CREATE TABLE `se_measures` (
  `id` int(11) NOT NULL AUTO_INCREMENT,
  `seproposalID` int(11) DEFAULT NULL,
  `measureID` int(11) DEFAULT NULL,
  PRIMARY KEY (`id`),
  KEY `LA70_idx` (`seproposalID`),
  KEY `LA71_idx` (`measureID`),
  CONSTRAINT `LA70` FOREIGN KEY (`seproposalID`) REFERENCES `seproposal` (`id`) ON DELETE NO ACTION ON UPDATE NO ACTION,
  CONSTRAINT `LA71` FOREIGN KEY (`measureID`) REFERENCES `measure` (`measureID`) ON DELETE NO ACTION ON UPDATE NO ACTION
) ENGINE=InnoDB AUTO_INCREMENT=168 DEFAULT CHARSET=utf8;
/*!40101 SET character_set_client = @saved_cs_client */;

--
-- Dumping data for table `se_measures`
--

LOCK TABLES `se_measures` WRITE;
/*!40000 ALTER TABLE `se_measures` DISABLE KEYS */;
INSERT INTO `se_measures` VALUES (166,68,1),(167,68,2);
/*!40000 ALTER TABLE `se_measures` ENABLE KEYS */;
UNLOCK TABLES;

--
-- Table structure for table `seevaluation`
--

DROP TABLE IF EXISTS `seevaluation`;
/*!40101 SET @saved_cs_client     = @@character_set_client */;
/*!40101 SET character_set_client = utf8 */;
CREATE TABLE `seevaluation` (
  `id` int(11) NOT NULL AUTO_INCREMENT,
  `date` date DEFAULT NULL,
  `name` varchar(100) DEFAULT NULL,
  `detail` varchar(500) DEFAULT NULL,
  `subjectName` varchar(500) DEFAULT NULL,
  `sl11` int(11) DEFAULT NULL,
  `sl12` int(11) DEFAULT NULL,
  `sl13` int(11) DEFAULT NULL,
  `sl14` int(11) DEFAULT NULL,
  `sl15` int(11) DEFAULT NULL,
  `ss21` int(11) DEFAULT NULL,
  `ss22` int(11) DEFAULT NULL,
  `ss23` int(11) DEFAULT NULL,
  `ss24` int(11) DEFAULT NULL,
  `ss25` int(11) DEFAULT NULL,
  `pe31` int(11) DEFAULT NULL,
  `pj41` int(11) DEFAULT NULL,
  `lv51` int(11) DEFAULT NULL,
  `lv52` int(11) DEFAULT NULL,
  `lv53` int(11) DEFAULT NULL,
  `lv54` int(11) DEFAULT NULL,
  `lv55` int(11) DEFAULT NULL,
  `pm61` int(11) DEFAULT NULL,
  `pm62` int(11) DEFAULT NULL,
  `pm63` int(11) DEFAULT NULL,
  `pm64` int(11) DEFAULT NULL,
  `pm65` int(11) DEFAULT NULL,
  `pm66` int(11) DEFAULT NULL,
  `pm67` int(11) DEFAULT NULL,
  `pm68` int(11) DEFAULT NULL,
  `pm69` int(11) DEFAULT NULL,
  `pm610` int(11) DEFAULT NULL,
  `pm611` int(11) DEFAULT NULL,
  `pm612` int(11) DEFAULT NULL,
  `pm613` int(11) DEFAULT NULL,
  `or71` int(11) DEFAULT NULL,
  `feedbacks` varchar(2000) DEFAULT NULL,
  `seproposalID` int(11) DEFAULT NULL,
  PRIMARY KEY (`id`),
  KEY `LA26_idx` (`seproposalID`),
  CONSTRAINT `LA26` FOREIGN KEY (`seproposalID`) REFERENCES `seproposal` (`id`) ON DELETE NO ACTION ON UPDATE NO ACTION
) ENGINE=InnoDB DEFAULT CHARSET=utf8;
/*!40101 SET character_set_client = @saved_cs_client */;

--
-- Dumping data for table `seevaluation`
--

LOCK TABLES `seevaluation` WRITE;
/*!40000 ALTER TABLE `seevaluation` DISABLE KEYS */;
/*!40000 ALTER TABLE `seevaluation` ENABLE KEYS */;
UNLOCK TABLES;

--
-- Table structure for table `seproposal`
--

DROP TABLE IF EXISTS `seproposal`;
/*!40101 SET @saved_cs_client     = @@character_set_client */;
/*!40101 SET character_set_client = utf8 */;
CREATE TABLE `seproposal` (
  `id` int(11) NOT NULL AUTO_INCREMENT,
  `unit` varchar(200) DEFAULT NULL,
  `department` varchar(200) DEFAULT NULL,
  `datecreated` date DEFAULT NULL,
  `programName` varchar(500) DEFAULT NULL,
  `programHead` varchar(200) DEFAULT NULL,
  `activityClassification` varchar(200) DEFAULT NULL,
  `targetCommunity` int(11) DEFAULT NULL,
  `targetKRA` int(11) DEFAULT NULL,
  `targetGoal` int(11) DEFAULT NULL,
  `targetMeasure` int(11) DEFAULT NULL,
  `titleOfActivity` varchar(200) DEFAULT NULL,
  `actualImplementation` date DEFAULT NULL,
  `totalAmountRequested` double DEFAULT NULL,
  `problemaddressed` varchar(500) DEFAULT NULL,
  `nameOfPartner` varchar(200) DEFAULT NULL,
  `address` varchar(200) DEFAULT NULL,
  `contactPerson` varchar(200) DEFAULT NULL,
  `mobileNumber` varchar(200) DEFAULT NULL,
  `email` varchar(200) DEFAULT NULL,
  `description` varchar(500) DEFAULT NULL,
  `objectives` varchar(1000) DEFAULT NULL,
  `explanation` varchar(1000) DEFAULT NULL,
  `sourceOfFunds` varchar(45) DEFAULT NULL,
  `academicStaffPopulation` int(11) DEFAULT NULL,
  `academicStaffExpected` int(11) DEFAULT NULL,
  `supportStaffPopulation` int(11) DEFAULT NULL,
  `supportStaffExpected` int(11) DEFAULT NULL,
  `undergraduatePopulation` int(11) DEFAULT NULL,
  `undergraduateExpected` int(11) DEFAULT NULL,
  `graduatePopulation` int(11) DEFAULT NULL,
  `graduateExpected` int(11) DEFAULT NULL,
  `step` int(11) DEFAULT NULL,
  `deptunitRemarks` varchar(1000) DEFAULT NULL,
  `deptunitdatetime` datetime DEFAULT NULL,
  `externaldirectorRemarks` varchar(1000) DEFAULT NULL,
  `externaldirectordatetime` datetime DEFAULT NULL,
  `deanRemarks` varchar(1000) DEFAULT NULL,
  `deandatetime` datetime DEFAULT NULL,
  `ovplm1Remarks` varchar(1000) DEFAULT NULL,
  `ovplm2Remarks` varchar(1000) DEFAULT NULL,
  `coscaRemarks` varchar(1000) DEFAULT NULL,
  `coscadatetime` datetime DEFAULT NULL,
  `lmc1` int(11) DEFAULT NULL,
  `lmc2` int(11) DEFAULT NULL,
  `lmc3` int(11) DEFAULT NULL,
  `lmc4` int(11) DEFAULT NULL,
  `lmc5` int(11) DEFAULT NULL,
  `lmc6` int(11) DEFAULT NULL,
  `lmc7` int(11) DEFAULT NULL,
  `lmc8` int(11) DEFAULT NULL,
  `hasVoted1` int(11) DEFAULT NULL,
  `hasVoted2` int(11) DEFAULT NULL,
  `hasVoted3` int(11) DEFAULT NULL,
  `hasVoted4` int(11) DEFAULT NULL,
  `hasVoted5` int(11) DEFAULT NULL,
  `hasVoted6` int(11) DEFAULT NULL,
  `hasVoted7` int(11) DEFAULT NULL,
  `hasVoted8` int(11) DEFAULT NULL,
  `lmcApprovalCount` int(11) DEFAULT NULL,
  `lmcReviseCount` int(11) DEFAULT NULL,
  `lmcRejectCount` int(11) DEFAULT NULL,
  `isRevise` int(11) DEFAULT NULL,
  `userID` int(11) DEFAULT NULL,
  `lmc1Remarks` varchar(1000) DEFAULT NULL,
  `lmc2Remarks` varchar(1000) DEFAULT NULL,
  `lmc3Remarks` varchar(1000) DEFAULT NULL,
  `lmc4Remarks` varchar(1000) DEFAULT NULL,
  `lmc5Remarks` varchar(1000) DEFAULT NULL,
  `lmc6Remarks` varchar(1000) DEFAULT NULL,
  `lmc7Remarks` varchar(1000) DEFAULT NULL,
  `lmc8Remarks` varchar(1000) DEFAULT NULL,
  `prs` longblob,
  `code` varchar(45) DEFAULT NULL,
  `classificationforkra` varchar(45) DEFAULT NULL,
  `unittype` varchar(45) DEFAULT NULL,
  `unitchairremarks` varchar(100) DEFAULT NULL,
  `unitchairdatetime` datetime DEFAULT NULL,
  `sedirectorremarks` varchar(100) DEFAULT NULL,
  `sedirectordatetime` datetime DEFAULT NULL,
  `vpvcremarks` varchar(100) DEFAULT NULL,
  `vpvcdatetime` datetime DEFAULT NULL,
  `datetime` datetime DEFAULT NULL,
  `addressimplementation` varchar(100) DEFAULT NULL,
  `approve1` int(1) DEFAULT NULL,
  `approve2` int(1) DEFAULT NULL,
  `approve3` int(1) DEFAULT NULL,
  `approve4` int(1) DEFAULT NULL,
  `revise1` int(1) DEFAULT NULL,
  `revise2` int(1) DEFAULT NULL,
  `revise3` int(1) DEFAULT NULL,
  `revise4` int(1) DEFAULT NULL,
  `reject1` int(1) DEFAULT NULL,
  `reject2` int(1) DEFAULT NULL,
  `reject3` int(1) DEFAULT NULL,
  `reject4` int(1) DEFAULT NULL,
  `studentorg` int(1) DEFAULT NULL,
  PRIMARY KEY (`id`),
  KEY `LA9_idx` (`userID`),
  CONSTRAINT `LA9` FOREIGN KEY (`userID`) REFERENCES `informationsheet` (`id`) ON DELETE NO ACTION ON UPDATE NO ACTION
) ENGINE=InnoDB AUTO_INCREMENT=69 DEFAULT CHARSET=utf8;
/*!40101 SET character_set_client = @saved_cs_client */;

--
-- Dumping data for table `seproposal`
--

LOCK TABLES `seproposal` WRITE;
/*!40000 ALTER TABLE `seproposal` DISABLE KEYS */;
INSERT INTO `seproposal` VALUES (68,'College of Computer Studies (CCS)','Computer Technology (CT)','2018-11-17','Suntukan 2018','unitrep ccsct','Socially Engaged Research',2,1,1,NULL,NULL,'2018-11-20',4000,'dsajdsakljk','jkldsjakldjsakl','dsjakldjsalk','djsakldjask','09999999999','jdsakljdsakl','dsajdkasljdkas','djsakldjsakldjl','Sustainable to!','OVPLM',100,55,55,55,0,0,0,0,8,'ayt','2018-11-17 23:05:19',' okay','2018-11-17 23:07:04','good','2018-11-17 23:07:20',NULL,NULL,'good','2018-11-17 23:11:19',1,1,1,1,1,NULL,NULL,NULL,1,1,1,1,1,NULL,NULL,NULL,5,NULL,NULL,NULL,83,'3','4','5','2','1',NULL,NULL,NULL,_binary 'PNG\r\n\Z\n\0\0\0\rIHDR\0\0\0\08\0\0\0\\C\0\0 \0IDATx^\\{\\\\\0\&a E7QJ*]\e<m^I\Fw\\\C>\^\.m}4ju\gZd\nbA$$d	!00\`p!@\z\K\\u\0!Wp\L\\\!.\\\\F\"\"X,3gF\z{{9q\~r\\\5kF\"\"\"\"\"\"\"\"\"\"3`q\Q\={\z<yS__%K:|0`s\b\&%T\Wgg\'---444/H\.Z\0\\\\W\\A~~QV\\\\HII1\Z66^/\\\s\r111F\\"\"\\\O Q\\\"\n&\\	/\"\"\sq\\Fcr\\\\v\"2ax^<Q(pSS$&&\Zs\UW\\\\\JGtiIOO7*&&&\\dJEDDDDDDDDDtuuM\\"LZZ\Z\\\F#jnn&))\\XR\\\EggQ\0\\r\\JEDFxb9CwwQ\\\9sF\"rA\\\EDDDDDDDDD===ttt\t:JED\4g\&kSS111$%%\\p\\\AOOQ\\&\\\7oQ%Ko\>z{{2*\\JED\\\HSSYYYF\\"\"\"\"\"\"\"\"\#G8z(n\l&>>Yf1o\<,X\2L)\\hkk#77TDd\\,Xp\\;\Edd$vTDd\\\\\8v\s\\!22\\DDDDDDDdFkhh`=ttt9\z\n:Dbb\"(^\1epss3,^TDd\\L&\\\<x9s\`6G\r2g\L&u\"\"\'hnn&33P(\P(dT~L&\"##!\"bJwh}\;Fe\0ttt\+e\EdMI\0q\,^\0x	DDDpa>\#~P(\l&99n)|\\\\"r\+Q --m\\\9y\P||<K.\r\<$\b2HKK\\ra\'Nf;f\t\Y\\X,YDDDDDD\Sd7??\Z\\Z\}\cP(<F!\\6%pKKP\iT\Z\y\\\\B@ @[[w\qBO(\q8#/`SNa\\\00}\G>|\p:s\7\|\!Othii\p\xHJJ\ZW\\\9r\---dddh^8v\UUU\|\\\\\\x\X,\z\!uUUUk>\0B!ZZZ\\\\"::<,**\\n~\aNoo/\\71\k~\\p|,Yz\n7g\\\&>\\X,i\\\\\o\\\3\!O!\n1C\P(D \Z3\f3s\\>\"55\j4DDDDDDDD.a~ZdcNsX\0\n\{\bIfGuuQ\%i|\q~6l\@DDO?Q1~e\\\\2*\\=$lgf+W\')u|z\\\q\W\rFIII!**j\c	#\CQQQArss	\\\-yH\S(##SN\\\n666G1#\\\X\\\hoo\\ph.\\\\\\iTfq+\r/%?86l`\r!@\OZ7&m\ABBQ\0&iN\\/~EQQQk\d*=Nb\\Zv6NfvI$}F#\]u\U\\\6\x[[c\<y(&&\\_\~\\c[n.\\c>\O\7;\69sS)\\'\\\"B\i6\\0L\\\\\\Zv:q\,\"\"\"\"\"\"\"a\\\a\:4b-\\\Y,|I\06l\\npkOI\r=^w\e.\@\\O~~>\\x\#6\"2}?>\\G\\\\8\\F5k\\DbccG{BDEE\/~%K\;\\?y\Z\PSC\J\n;v\s\\\\>>\\\b`\p\36`\b\x.\\&\"\"\"\"\"\"\"SF}\w\\N:;;\\\~s\\!///|;HO822r\\r69-\/\\\"%%4\		Ajkk\\\%\"\"\"|{\7={6Sd8~8_Yd	7o\vuuq\F:\o~	\\;`\\TVV\\\Abb\"tuuq\W\Z\ry\#|d2&99\E<Z:oT\}\pQ\e\c|\_`\<\s#\A_\\8p\\0\\\{\\D\\\q\\\lkL&\l6Z[[inn&33s\\\\p8hll$%%eZ~)g{w\5\%-<2\\c=\#<2d9\\\^z\!bbbx\\sIK)8{,/6*`0Htt4G\:0\DFF;\0\"23dddp\7s\\!6n\\\r?\z\\\-\\\\c\+HHH\\\\\\l4t\B<y}w\^\\ODDsg,5*T3g\z+\k_\Z\\\\\\oAAy_2\pp\Y\f\rc\N\\DL&OLDDDDDDD\oe7\dK\R4t={vFLf\'\'++t\\"##~?<\#\fS\\}x[\w\Y5\y\'\\\'\\\ro14\d\K_%\\a=Zd\f\SRR\{y\y\x\9t\7\p\|$8N\\G{{;,Xh\yX,\\n>\@ O3p<\0+n\z\7QX\#\y\!\\\M~;\\nK^B\r]\|S!\S(\\"\u\(\sDFg6y\\ao6\?\<\0\?\\o\\'?\\A466r\IG7ioo\St\T\p\\\fL8z{{3L,^\\\v\\\\\\ihhvx\\\\\bo\\^B\\\s|i\0Z\9\\l\l6\nKe\\\Vz\w\\kX(c;xx m\E\t\;F=\^\E\kq*&\'\\L\#x\\\\)++|,\\\{\\Z.(<wQX&\_xbXz\\PD8}o[.\\	\oPH55<1Pw\&x\P{l\m\\I\\\yj\\\TX\&\\\w\^\\>\"\"\"8x 7\pCxc\\\\%**j\\hhjj\"--\\\`\8q\g!))iFF9g=|\fQTT\\\\\v\v;P^^\\rB\\9`,\\\Ddd$-2*TPh\?l\\\}\VPN\\}V_.\\0o\\m?	Ic\\\';w\\"\\'22\\\\\RWWGNN?\'-x1L,\\\'N:s\9.\<4\'7[u555\7\\Cn:tr;\*([&%/w=Ig\5_(co\\kB\\nxhw9x\n0\y\E<Z7K^\\g1\\O?\^C8x \^{-O?\A\0f\\l6\\\4j\d\d2J(u\\\d6q8\nR7o\;\s\\A\\\0\\4\Z\7%%w\yx6l\\7\Z:.8\0p\\iog\n\w^\K\\fp?\\K\>\k;6\m`	\\\t:.j=/\\PSSCE\\nx\M$!]5\\*([1\`}e;y\+2\^\]:o(\\<Q\\\8<J&\d\Afg\\\6\/v&\\\9y|9sfF9?\\\$$$\\c\v\\n%i1&&&W=-++#66v\C\\r\\t\Z^{OQ\\iQf>o~\\\r\W\t:\g4|\ikk#_v\EO\zx\mS\%\\\\q\}\G|\SFCEF\x?K,\flaR\ t{\Hw|>:vq\"##\\%\bp\mW5`08\`0HUU\Gaa\e\(2^\ojj*eee\f\o	!`SN1o\<VQ%i\\[bYp\E\,]<\,]{Nz|\\r7\n\_f2V\'O$XAl2\O\nfrdd}{\L>ga>\r6w\^\:m\\\?\u\]\\o=\!\bns\1\d2G\\\\KFO=KWWEDDDDDD.3s\\n\n\w/o\G}4\sP(\G}\o~\\>~\M71W[R\\\\3*\\r\\!pRR\0|d\\KVe#\\0<t\\;\F	B|\{\c\,Y\\j\\g%\\}\{,\\S&\\(\(\[%G\+Lv1\\sS,=q\\TO\OP(\7\r\~m.]\3\<CLL111<\3,]\~o|\:_8\q1LDDD3g\\\v:EGGc\\,\"\"\"\"\"\"r\\\777\ku\V^z\%^z\%}Y^{\5ZZZsOE\':|\\t\l6`\B\C---8\/]\fw\kh\r;\;\p[\l\4V=\\\nfp\m\\fvI$q\N.\G<?~\z%Ky\!+XV6o\%Kxhll\\\t:|c/3\^\l*gH\6\nK\dE\&%/O\B\G)[\]bm\x\svmSm=z={t\R{\9bbb\\\\st\R\\c\\<\D\\DKK\d\"!!a\w=3g\\\\cT*\"\"\"\"\"\"\"eQ\\\\Lbbb\\\\v\vV\u\]\p\\rM\\\\p0L\\v\mmm^&{\};xxY\\aRvw<=L\nHm\\]J\m\;E.Ws\\\\?9\\\\\'\\\\q\#\|$\'\'3k\,={Qr\r\T\A\\BM\k\e+x\\\0Y,\)zm;h?\eT/QP3y\\",^z\%\?\?y\x\p8\\\kL&f\\d?NOO\\\#\Nbccx<B+\"\"\"\"\"\"\"s\r\ws\\=\\\3\0$$$`7o,R\\\k\\_?+l\bT:L\\\\\\\o7*S l6\+?zj\oZ(b\\-w\yg\\3\IL\'N\[o`RRR\a\<TYY}q\\7l\2/_>s\!h<\\\&\n\\\\\LRR\7,X@TTQ\\0\\z,^tBBCS\o\<\\e9\\\\\|~_\\<\\\x^N>=f]dd$6SN\.X,N>NDDDDDDDD\q^pss3deeN\b!\n\u3j\kx\,\"Sm\={6T\D\\	\C\RRRZc^b2 99\2c.\p\\\F 0*`\\iww7g\\3*\\^bbbx\\\\5*(\\-DJa`R,\EBBQy\\\'66\'xb\\\7*O4=Jww$))&\\\\=\\L466r\\l6VIo\pSSQQQdgg\\\\s\rqqqQ,.A\6\\a*b&r\\!zzz6Xp!111\5eddLDdF5k\'NX3\\\\\Dff\)\"\"Yf\\\f3*i6\0\#\"V^h-2*\DD/^~\\'?s\W\\W\\1f\C\"Brg\\^FZ\l6N8\d\"%%e\\\\vILL>\\"\"\"\"\"\"\"\"\"rM(\u\\L&NQdy9r\\L\"##Lt\\..s\X3\J(G	B#L&f\\\\0Z[[;w.V\\Dd\9N9\\\\^X,\\\9s\\\7::\Z\NRR@`\\DDDDDDDDD.\	B\\u\UF\"\"3B\\\\\\.\\E\KOO\\v\\\\+\\]V\\\\;\\3L\\0+\0:u4\EDf\'N\\\\0*T111$&&r\\)YEDDDDDDDDD.\\\n7~_{\%\'99\^\@D\b\\\\\vJEDDDDDDDDD.\l6\\\F\"\"3\\\\\\\fT*\"2\TDDDDDDDDD\---WD.Y$$$p\IQKOOG!LQ\8~8?R\\t\\\~\\\ED&Ujj*\\\?~\EOO\bz\\\\322+V:V\;\pq\\\n>y\I\n\nL9SGG\\\Z\0K````@:Z[[\\\1*IMM\\tmT.r\2uttD\\Ojj*-\b\u\"\"\"\"\"\"\"\"\"\"\"2~>Lkk+\^{Q\eKK@p\W*\bp\W\vJE.k\ne\\~?fLDDDDDDDDDDDd\fz{{\D.k\nEDDDDDDDDDDDDD.\nEDDDDDDDDDDDDD.\nEDDDDDDDDDDDDD.\nEDDDDDDDDDDDD.#PP(4\|zX\nDDDDDDDDDDDDD\\\n0LCLp(<\\I|@k\"D@m\"\8``-Z;YL&@\0\K0\d2aXZC\_\ZOP\\|\\VB\N\P0Hl&b\n\;kQ~?\0x\w1L\\\\8\n\\\ioo\'..e\\0\0\0 \0IDAT(\j\\C\\\hXfVdh|\\\\\\[RB|O!\G\fB>Xcz!*\\s\r1==\n\n/y\1\\\\\os\4*V>N>MRR\"QQQF\3\}!\\\n!HN5o.\\^3\_\@ GG>\\E\#b\\\\\\\.:::\\;\~$&&\ZBDDDDDDDDDDD.#\==\=v|\\5L\\m\3\\\FZZZX,B!B\f:;;\\\j\z\\\%::$\\\=QQ\\\\\\!d6<\\\D|\w\L|t}bz{\]\\\\\rd!l\\\\s\\\'\"\\?\wiunoOfFG\rr]\\[\8\mv\\\,\s+\\0[YY\\Z\0~^~e^z\%zzzF\/~M7\w\\\W_=b\\>x\\_\r2\o%|XoT6a\?\\n\Q\yl\n7.`0\\\'\n\;p\d2\\\\R>/\5|\W2-!@`\E\\`\\n1(>\"t\-\\\\g>C\\{\%p\$=<m\^K|o\SN\n{):\|\;\ 66\h\\\0xp\\i@OO`S\\\a^xqg\\09;\0E8y\?{\\6{[3?+\\i\\\\8r\HXFFW^y%)))<y\\FN<\[o\[o\M0\c{8;\Y\N\Vh*\L7\~M\8\;Jf\+`zvm~\\"\\nT\v\\\\\8\'j+[\;{#\\S]\_euc\O\r\))F\\\\\\\}aF\d2\inn&**\\\!oDD`@ @(\Z\\fzR\\G|SFGX[o\F11p8;,<g%\" \\BbnS3_a\,;\\\\zb9>\r*t=K\)7Y\9\BM\\'\_\\:\b,;-\\|?\@BB<_*\\au\\^U\~Z[\7?MFz:\rGpM6\\\\n@^^_YhZ\\/oG<\m>u6Tj\]^X:)(ZI~Vbo#U^eO,V9+W2\6|{-\IEM#?`[l#\T\W\YQCc_1\3\\]e/R?RgT\d[\RAl\+\s:\P\\\;x#s\\1\\\a\t>\\>4p\?\S\\\w\RV#a\\\c\P\:F\\"\"\"\"\"\"\"\"\"2|>o&\0={6/,F\/.v\\_QQ\K4\1\07\({QB 4*`===tuu0LCw~?QQQBtt4`\\N\\.OP\'OEr\/U\\\\hl\aCAf3`EDDD\n	twF\\QODZ\t\{I\v:i[z\,;tuu\\YS\:5\Zs\QQ\{<\_0\C|dm\+[\Z<3\\\\~b2x\\G\l_z//\?\cd\l/vU\\ux\3\+\\'*)\\@\vZc\v\u\C\\<nH\-T,\\\Y[\lnr+[*\\\g\PX\\\XEeu4z\jc\*j6`\\q\ ;\\\'P\[-;j\Xqd9\\Z8\MC\].\9dx\E\\z\\\@RQ\\\\uQY\\U\\dSH)\F\.Au|W\r\"\"\"\"\"\"\"\"2}\?ikkr7\\WO\n^\nzzz>;\\h 3g\]\\kHHH2\n3w\\\yL&1\\"\6B\)BW|>Bf3`\	L}\ ]> \h|g\\\m]\_Otp\C\\\\ol\w\\)_}!?{~%\/!!\Z5Wyy9\r\r\rL&\.]\K\\imm\\_\W^\sYeM\]F\0\r\\k\e\#\\;{u\\"\\wQ\uP\plN[\IU\:u;wQ\j^@1-l&s\*vV:W\jg_PCn6\cWy=%\y\Iue=8X\pjy\\\TnV-\)\UK=~u%\\{\-\\<xw.F3\D\P^m\NVf<\rc}*j<VrW\L?(\"\"\"\"\"\"\"\"\"2n\\\<\x{{;\\wyFXB\n@y\ga]\\0g/\\\0@|>>s\\\B!\f3NBcXHKK#66tzzz8t\f\GTTMMM;w\45\\oc\\%>?@\0f\\"`6s\n\'v\\!\B \\X\mt\?\t%h6[_UFejR??<mK:0]!]T\\;HI1n\\\e\3?\\\FS.\0|\s\\\Z!0/\~#G\K/\|g\xF\\^\dH$o\!7k\'uu\Z/\\\sJ0\kq\\<gf{n.\\n<\d]UpP\\\8\(8{\\UW%}y=\.\Z`_~\/@c.gN?^\\\/be\+\0S[UOh\\=\.}Y\\\\\\\	\\\\\\r+\0\\~\\\;\f\\f\r\?ulxpf\"\"\"\{HNN&\n\vo`\\'Xt)X,LKH>\] \-\I\Po/B}O\\7 \n\m0a2\\BdnO\\NI/wt5\ ceY\F\|>~\/\\0j\\W4,X\w%\\=f2}\X.G\l\^\o\=\n\\YWZ\\\Q\4\nf{o\r#w+c{IA\0\n\V\6o\L\Zo_M\K!kse[G\r\\c\\26o/\4C\bn-ZGI\:6Pn6o-&*\L7\\I\.~*n-\m/b\\\n./\n_;x\0c\ru\\\R\l\uYP\\=\\P\\\r%dg\\\\r\Zx\jXsYs?O\\;\8w\?	`gW7{uV\\POcG\\\I\\\xv\\n/3meSj\GH\Z^\QN\x\0W\\{c]PL\\\\F}vQkW\X4/}{@q7WM9*jqu\Gm;(XU\\\Y]{:3\U+\1LEDDDDDDDDFW__O]]]~LL<\0yyyTWW\\n\0<w\9\\Y/\Fe#|lw\}w\|\3X?\[{7\o\[\7bKJ\"!!~J]\'\k%99.^/&i\~&(~?@v\\Ojj*C\\\\d\3Li	XDD`5A\\0 \\@ \0]A{;;1YC\5\%|B\J(\1]\l<+NI;;;\\\z\W>\o4t\H\t}\<{6\>QQx=WH\H\l6\r;/\\E\\\\\GY|\\"_h\\e/T ++k\\q\\1\\\\CI\\n~\X\\\\a\\2\nb\\\L7ca\9x\Z\)0\ve\Z\\P\\\,l:}5.5;\i`\\ZK(\\\m\\\{W\\|d+N]l/\\\\\\\\$?D\PVp\v\fYq\\`kY\7\$n;+Kn\PZdl8mY;\*\\m\]E<4THsuQ3\\\3G|d\\\A\\SX;\\\\\;k:\n)X\Z.9\\LP\=(\\\k\\\7\\+~3:\6\7;]\)\MQ\\=\}\W_7v6\\O\H\*j\(\\U\0\rUTV\SX*O\v\4\TSv\#ho;\y\,(\WWlgK\j6vb%\\Tm\\?7\\\zwd~\wn\\Z?\<r3zC8\0\\=\sYe\SWMUm5;77\T\D\r\^nV\Vx\gF=\"##y\Gy\g\>,\\8bbb\+}\+_\[ng\\{\\\>\\|\\0FGsU\\\Z\L\l||<\\\C\Z\Koo/\\\\\v9u\tuu\\\\!***<f G\oJbJ``0) @D`BAL\=L&~?\"7\\\0\;s%KHYB11\\z\i\}\wT\=\0~\;!l\\H}\+x-+pC|cFs\x#m\5*;/m\\tuu\nx<IMM1*=/Ow\0l3\+Y|\EF5p\\\\?\9r\\v\X{\5\9\\Cy\j~\j\^K:\'uv\s4z\r\>\7\(Pk\5^JwP1C?\_Wg\P\I6Q~Q5l]}/C\\SB~Y\\k\\\|K\o(\n\|]\;(X\kl{J\\[-nV>8c\\	\a:{u--\\\\Z\\\\\\r\\\\syE\\O6;\\.]\\\LY+\$lqR|w>WQ1j3(*.\"\>\G=U5+wCu]%`xS\r3_lW=.\\ZL:Yq5?Z99\\`s\N_\A]r+\a>b[*wQ\PBq`/8\htR	r*\Vr\]\Z/8W\\9\./sX\J;6>B\fN.\j*\k[(\\yb0L\=_\0\\y\de\r$.99e\\\K/~l\|\K_\Z6f*x{z\fq\\\"r\L3\pwt0\l6s\Y>\j\f3\\}H\\\c\r9\d\ju\NaP0D(\"H_`\n_}5PC!R-\"h2\\\Aw\\Zc\X\"0ED)\\j\0{7,t\\fY\\0\@Fx\Z\w\y|>\\i*J}\c\\\jkk\;\\\\1j]l~\Q\\a\(.)\\\e\U;Jx[W9\Rt\,\'\\\\\J\ya\I~T\W\w\rYW-\V]U|R\\\\fx<5/\y,\\\"\ru>\\Y\a\>\JKI}\H\Tw\q.\'\f\\j^|\u!pc\%p\0o_\:*7[J0\Z\rYH\\UUG:*\\bkf\|\'\TsK5\YZ\r~\Zl\\s\\\99d\\\x!{\*\]	=\\\UIe#8W\\Y*\rn\\{\brkSU^\6\\\\\\\	x\,O\+?	Y2(fW}-u\\r\op\cXTTDs\\\\r9V[[:\'\'g\-\U\\<\>}o~r\UWX\SZZJww7|\\`\Lv5\\8P>-N/_|f\]Dn3\@oDD\'Ntl6\\\CnIIIDGGs\!KF^Qw=}BcAB P~^\\\ee4>P\\"\\&&\\\\XxjM\{\d\\^K{]/\ow\"66\@ @K\:\x%&m\F3RRR\0O6*S{{\?p\u\\Q\\\n\\\Uux\fafb=UT5\P?.@U.1~(m\0uf)\9:)\0\\AA.\\\\'\\"%.\[\B+yqW=8W\jg8\\\n\fv\c\2}XG9_?S\E\\\n\\!?[*x~GVeO\\^9-o\Z\ai}$\~u\Eky\CmNk\U\dp4V\[\@RQW\jY\I?\N6eB\r[`\b\{no2qf\\Aoqgc#\F\0]<N\vV\V\\8Y2{\?\'yN+u\|#E\d\\OV\H\,;\\\\\"\"\"\"\"\"\"\"GLLLx*z\!z\\\\\'?	\\\C\1x_\Ll6\\\\/\8G}\Ott4\\w\\\j` C\\\7\\j\W\rG\Oo\9}\{\l6\z\Ap0SNEbb\"5Yfa2\\pqoo/a\\-m\\\7\}\rC}K@L}_&\\\Lg\')\"S\\Pk\r\4\n?[0d	\t\\6<\Vp\0\-\\N\K\@\\\nHu2de\\p}y\W\\\\\ZN+\\\JG\\\Ass3p\\Dx=}]w\;\\\\K#p\u^j6\H^\M\JnZJ?\W\wq^\~ Qw8\t[))?W[\$\ATyF?\Up.b+8pQU\K=\x\\}\\R]\[4|Tr\nsxkv;v\3\b\rBkj\rH\\\\)ZUrU_\d[\\|Js\gAj>\\Tn\E}\45|*rA<\\uE\h\9\5g%^\\.\"r\\\\\ kU\\=#\EDDDDDDDD&CLL_kll\\_\{n{1\\\RRR\\\'11qXMRRRx\o\-<\\s\;\H\\wqU\\\\%%%mnYk5+[mm\m\-\j\*K+5+K+LTR2RTRTF<9p\\T\\E\\ \9\ zx\\nUG\0\0 \0IDAT\-Iy\xsy\\\\\\H\\.\\c\r\Z\l6\\\c*++\rd7>\l6+\"\"l\\\nji\\``c\{\\Z0I\\2DUm\7lPBl^\yQ~;\\e\0N3/J\\d2U_\q\ZB\\+8\?,n\:3\jT\o#\\2IiYU\$3fEu\C\(\\nh\\'5u\]02SgZw\r%\.\nWkNL\34i\r+-_\2hY\r\iB9[\Of:p+T\\!N$CvI$\	aM6Irbz\(T~=\"tG;\M\**ik\&Ib6\MY(-(\Vo{6\Z;[,$\I4`i>N\-[Z<\\!6\=\5eBR_f\\a\fskq\0\0\0\0\0\0E\Wvvk\*M85\S]]$[nMV\\\::p9.tTWW\;J\\\\2\Zs\h\^#IZ\\xgccce6e67x\[7u\\]S0\\Q0\d\d\Z\\\\\\v\\r\\\'>>^A(\K\\\k\'\>~\~Vvb\"#e6\\QB|N\\w\\\0X-\\X\$\\Dk\\Yc\Z\\\@+\@ty\e\(\g\rU\L E$IFjAu65Xjy\i~ i\\rii iq\0e$Oj&\2Z1=\\\Z.Jy(WQ\Z8\;e/y\'\ywk4<\rv\|\h\+sJ$\RIJ\h|\\Zs/GE\\\H*/SY\43<@\J/\ab2K\z\XE.\gf\4T 9%Y\~T%y|J-*\\Er\\\9Jri=3\j\r\/,:\M\n*\\\2\UR\liJp\0\0\0\0\0 =C\_?i\\v\mM\\[%I}$^Z\{LWK\sR\\\\7oY694o.z]tc\huO\&IZG8,\Z\=55UYYY\z\\/\\2TmmL&S\z\/\,\\_Q];\jUN2\Z?\\\?\\B7^\lFUY\\eF/s\0\\\\|1\\\ro\b\\\3<gl11\Z{\\rFQ\%I7n\o\{\\\Z5\\\\\FVY\$M/3m\7\Z\4\\>Mp<\\IT\34mfuT01\9?.=1fLS3`Wf?9CN\rAVakr\%&)[\u\=u%)=3SV+oYNvxY\eUffc$\\Q\\_Y$5S#w\g*3Yrl6\WR+\\Rr2\LYU\\Jub\*Yr)e*(\ZJ\r\/(W\\"U\3\V,G53?>\-9\nUdei\\T\\*ZS+W6sFZ2`Y*\?9-[<_E$\L-i\fZe/X6g>>!\xO\\y\TvW\/V]J\\j?2\0\0\0\0\0\0\FA7\x{\91C3f\o\sm\\\\qHl6MzJv]UUUz_i4m\B\\\\K#\F]{$iuhnj\\\\?={C\\;\\6>\uuuiSSNcG\\GJJJ\hTuul\\"\\4:1###\\\d\\E\@mF*o_Cl\L>\eZUuEEJ\dRZ\\X\><O\QYuL,XW,jU\w.]\\n\r,^fS\\SLLL!Uc+wf?VT\OyFoYC.k>\hE>\PU\\\b\@\Z3F|v\\{N\\\={6[\\3\\$?U\~\5i\\Z>]\S\]\\Ry9\\u3{B\u\cZD&<2Lyi\]lle<.\\\=4a\\ONQv]Egk5Sw\#\Lt6:	-e\\iS4)#^\|-W\w}]\|I\&iBZ\\\E?!\ZyM\\\\C\\iHSk.\\\\U)SF\jBF\\f+#=])*Sqq;|fLRnSKMYrT8k#4\Pq~J*\OmY+rTx\KTTZ!31f\\Z\e\\4@\J\:}}\*r\+\l{|v,V%%)9\,\\'{YK\_g\lSrZ\RyI*|Rr\De7\<mQr)}\kC-[s4k\J\Sdg)\\PIa+Q)w\\0\/n\ZxT9zpDci\b\/r)>=\r\*d\nT9J\+]/Iwh\i\<)=KY)\*)\W\\r<\9edg)#|\wH\9\ll\0\0\0\0\0\0\\F\\?T\\xk\.I\\\\\%IK.Mi\&I\\\xN\n \k\i@~JHo\1]?T{}\\\OQb\\\-J\\Z\\\0TLLRRRt\Zft\\\7=n[UUU:t\<L&\I\\Mv>Dx\Z9s\<Y\Zbb5k<_Q\b1T@}>cm:U\(kV1[Pg)\\Q<]w(u\\1y\7@?_\[\0B\%\\\\^\Q]Ss\\\\.\\O\^|yjjk5Wp\\\;\\i29zi1M\vq{\\fO\\'YTPP\'gj\ray<xPt\wh:\'\&hn\6Mf1:\\r\CS4Y#U\\T=[=9SO\6G%u:^S&5\<As^U\\41:\}\:SES\s\Gdl\~l\>y\\\}\2[LP\	n|M\~Rs:Fw\Pw\LMN\#\\N}\L%Y1\aM-^E+T\\PbI\eM\\'@I\Z)S\x2\\eMNW\\	\N9e\q\My8E+P+K\Z:(3r;6[i\'%iVeL\(P\J\xdM\\\\Pa~\:c5eBVkyKY\4e\U]\\$T~Q\KU\()yrsrvJ\"JTd*s\E%\4YW.V\|GTtJ5cN\\U\\R%mJN\\]c\\p|u&\3\:@cs\nT,_35al|3WZ\j|N{\XesF,\*\v\I\0\0\0\0\0\0@xm\I{\\\[SNUjjC:zh9S;v\\Z\[*3yc\p\\ZbyK\sz\o}clUuM>\^<mi]BUJj/\\l]\zu\~i\\MFQAFQfY@~VF,\i\y.fn\rR\\\\I^K\"l6yNFEw\=+\W\O$V\\_ {V\q=r)$#G+\555\\\\7\\Gi3kjT]]s\\\\\\\\\\5\Nvdd\\\T/\\\\n\Z\\v]OozW\q\F\\\AbXt8\Z\Zh\9@I;\r\1N\SlM_4kO#6mX\'\<Z-\0\0\0\0\0\0\f7obccu\w\\o\M\Zb\\n=r:\\jO\j1\N~!5Nh\G%Iu\gn\eX/W*!!^MC\_g\V\3SN\?p\k}\CM\\:q\\\p\\K\{*Gd>)R+}^\\?U\\jF|,[]?uQWIV\.TuVb</b\\\a\_\\|\9\\\B})[o}s\mm}TQYq\C.\\1m~Zk\K\WVV\jj\\}3h\"\ZK{n8\n\\P=\kJ\$\u\0\0\0\0\06+))QNN\7\{*^\\;w\\8\\[W:\l6\\[WVk\\N\fSSm[<\Z\OT\0\4u\\M:t\PS#^dddS\z\\~i\b\\S\s\P\oP\\Qa\\n,}\\n\ju^5,\uJVb\\\\Z:c<\\h=\;+$I7\0P\;\\S\_k\\\lVRRv\{_\0\vZ\\*\\\S-\\0\0\0\0\0\0\0={{\\NRVVPeMpQmm\\\\^\,\\1\uuu\rAj|u\&\	%A),t:ezuNd4\j6+.6VVW\X3G5W\\\6\\\8\\P)))\[C\WQ+}\JT\*3m\/\0\0\0\0\0\0m\r%U\\\y\T]]-\%5\111\.\oB\(Gu2.Y\"oe\\&\r70@@_F_\\D9ti\:\"\0\0\4VJkqdOW\\\Zj\0\0\0\0\0\0\0|9\lVbb\i\\\l\@@e\)\<?\"20\0\0-e\_g\n)izlD*\0\0\0\0\0\0\08o0li)(\"C`\0\0\0\0\0\0\0\0\0\k\\\\\C\0\0\0\0\0\0\0\0\0\0\0\Z\0\0\0\0\0\0\0\0\0 L\0\0\0\0\0\0\0\0\0\0@ \0FDFF\\*\0\0\0\0\0\0\0\0h~\"##Ca\0\\\*\0\0\0\0\0\0\0\0\|>oP@X3\\\Cn[%%%\\U\0\0\0\0\0\0\0\0pAY,%&&*##C%T9\0\0\0\0\0\0\0\0\0 L0\Z\0\0\0\0\0\0\0\0\0\0\0\0\0\0\0\0\0\0\0\0\0	`\0\0\0\0\0\0\0\0\0\0\0\0\0\0\0\0\0\0\0\0&\0\0\0\0\0\0\0\0\0 L\0\0\0\0\0\0\0\0\0\0@0\\0\0\0\0\0\0\0\0\0\0`p:PE\0\0\0\0\0\0\0\0\0\0/\\*\\r\0\0\0\0\0\0\0\0\0\0a\0\0\0\0\0\0\0\0\0\0\0\0\0\0\0\0\0\0\0\0\0\0	`\0\0\0\0\0\0\0\0\0\0\0\0\0\0\0\0\0\0\0\0&\0\0\0\0\0\0\0\0\0 L\0\0\0\0\0\0\0\0\0\0@ \0\0\0\0\0\0\0\0\0\00A\0\0\0\0\0\0\0\0\0\0\0a\0\0\0\0\0\0\0\0\0\0\0.]\Z`\0\0\0\0\0\0\0\0\0\095&\0\0\0\0\0\0\0\0\0\0/SC\0\0\0\0\0\0\0\0\0\0%q!00\0\0\0\0\0\0\0\0\0\0|	\nyC}]\0\0\0\0\0\0\0\0\0\0p&\U+\N3x\\n\0\0\0\0\0\0\0\0\0\0\B|at\0\0\0\0\0\0\0\0\0\0@ \0\0\0\0\0\0\0\0\0\00A\0\0\0\0\0\0\0\0\0\0\0a\0\0\0\0\0\0\0\0\0\0\0\0\0\0\0\0\0\0\0\0\0\0	`\0\0\0\0\0\0\0\0\0\0\0\0\0\0\0\0\0\0\0\0&\0\0\0\0\0\0\0\0\0 LC\0\0\0\0\0\0\0\0\0\0\0P%m)\\0\0\0\0\0\0\0\0\0\0\\0\0\0\0\0\0\0\0\0\0\0\0\0\0\0\0\0\0\0\0\0\0	`\0\0\0\0\0\0\0\0\0\0\0\0\0\0\0\0\0\0\0\0&\0\0\0\0\0\0\0\0\0 L\0\0\0\0\0\0\0\0\0\0@ \0\0\0\0\0\0\0\0\0\00A\0\0\0\0\0\0\0\0\0\0\0a\0\0\0\0\0\0\0\0\0\0\0\0\0\0\0\0\0\0\0\0\0\0	`\0\0\0\0\0\0\0\0\0\0\0\0\0\0\0\0\0\0\0\0&\0\0\0\0\0\0\0\0\0 L\0\0\0\0\0\0\0\0\0\0@ \0\0\0\0\0\0\0\0\0\00A\0\0\0\0\0\0\0\0\0\0\0a\0\0\0\0\0\0\0\0\0\0\0\0\0\0\0\0\0\0\0\0\0\0	`\0\0\0\0\0\0\0\0\0\0\0\0\0\0\0\0\0\0\0\0&\0\0\0\0\0\0\0\0\0 L\0\0\0\0\0\0\0\0\0\0@ \0\0\0\0\0\0\0\0\0\00A\0\0\0\0\0\0\0\0\0\0\0a\0\0\0\0\0\0\0\0\0\0\0\0\0\0\0\0\0\0\0\0\0\0	`\0\0\0\0\0\0\0\0\0\0\0\0\0\0\0\0\0\0\0\0&\0\0\0\0\0\0\0\0\0 L\0\0\0\0\0\0\0\0\0\0@ \0\0\0\0\0\0\0\0\0\00A\0\0\0\0\0\0\0\0\0\0\0a\0\0\0\0\0\0\0\0\0\0\0\0\0\0\0\0\0\0\0\0\0\0	`\0\0\0\0\0\0\0\0\0\0\0\0\0\0\0\0\0\0\0\0&\0\0\0\0\0\0\0\0\0 L\0\0\0\0\0\0\0\0\0\0@ \0\0\0\0\0\0\0\0\0\00A\0\0\0\0\0\0\0\0\0\0\0a\0\0\0\0\0\0\0\0\0\0\0\0\0\0\0\0\0\0\0\0\0\0	`\0\0\0\0\0\0\0\0\0\0\0\0\0\0\0\0\0\0\0\0&\0\0\0\0\0\0\0\0\0 L\0\0\0\0\0\0\0\0\0\0@ \0\0\0\0\0\0\0\0\0\00A\0\0\0\0\0\0\0\0\0\0\0a\\0\0\0\0\0SA\T\S\Gu~D\\j\{iP;k:\%sD+\XK,\P?\\<.U\Uk\\ZU>\Sm\T\+J\l\\!UuiJ_\G\*!:V&)\)\0\0\0\0\0(N3\0\0\0\0\0I}D>U\\*9GeUT\qvM\DL\~\i\ZH\)<Ht\\B\\\\Yq@?\21vk\/\\\+&2*\2\0\0\0\0\0|>IRQQQ\6\\\0\0\0\0lf6Jgu\$EEZ\NC\\GWKC\sz\\\%\o?\"^A\\a\q,~]\r\1(\\0\0\0\0\0$`\0\0\0\0\\f~0_/-\jI$\U](\\ZjIV\\\kR\%`\]W^{\;\h0Z\0\0\0\0\Z#\0\0\0\0\0\\4.[}v*B\E\t]\,MN\\\Apwh^\rl~_%g\h0h@\^5\\c\0\0\0\0_\0\0\0\0\\u\\YW5.gs&\\Zn\wjYV\|T\\\nlQMG=U5Fw^qKr\0\0\0\0\0\0\0\0\0\\\\O\\;}~\\OU{\f>c\\\\z`v3/&\>^\n\B\0\0\0\0f.D\0lU\0\0\0\0q95c\\n\Vi\\"\~\4W\%\`04\y>\7\hi\Yq\\=~nA\7\k%\0\0\0\0\0S\0\0\0\0\0I/\\oh\/j{Jg~\Vb\\\\N\XUk\gipTi\\\u%IO\&^z\0\0\0\0.^\0\0\0\0$I\l\\y\\Uz9\rhg\\\"TE\\S\\ZzLFS%\0\0\0\0\0\0\0\0\0\0>>S\P\)9R&\"L&\@0 \\'\\'\#\\p\SyjP^%\\0\0\0\08\'\0\0\0\k\\Mw*=\\"-QJOJQ\I)\)b\)1b0G\d4\h0\`0=\\nr{w\YC5:X]hg\A\\G\\\_Yd?`\0\0\0\0G\0\0\0\0\0_c`PooY\\\nBXKb-QYcc\e)}4K/O\hl}|\rAoc\kh\r\l4)\!%J\e6a2+\dV9BF\<*)\UtTJt\X\:9\u\+\]z|\`?`\0\0\0\0y\+O\0\0\0\0\Z;VWx	\0\0 \0IDAT,6Tic50%WTetHU\\Y\hI\\SyM6\+\\\c:\\[#\:VWjC5N\\\\\\\7\\\\FE\"d1G(*\\"[dl(Q|Tc\\\\tm\4)kL]URi\m\\{|j\f$\zg\~\2\\0\0\0\08k\0\0\0\05l\\Z*\,80\\\\eeS5Zc+\ZX|\=.n|}\s\}{`\!kD\",\rAA)}4{]\s\\rHs\=.\dw9\\zx^ZN{Z=SRL|r\0\0\0\0\0\t^\0\0\0\0\0_\Z\\:\h[i2\.\r\5X\/S)B{V\\h`F}S\8\\vRaPtE\\\\(%tRJ\\vJS5Z1VY\"\"a\hT0T \\\\\\R\\Z\VhN<>\>:Y\a=(\\ uM\(l(}XZ\\\\hm\\X$=1\z\o\\0\0\0\0_S>OTTT\233%`\0\0\0\0z=y\*mbDkxK\k+S-^\\ki>\Wvj\vx.G\BAI\U=;+%Onz\^1\g9/\\QF\VJ\;=U\\UuP\\Z^\"\\\Uk`\[_]:\%\YfZs\\u({4\\P\0\0\0\00D\0\0\0\0\08/lZ)\\J{ICF+}be4\Zs^\V\XN\uy^IRDEw>Y*=S\;+\\(EEZd6B\\QVUu\rw\]B-\\\\\\\]\v\f\^n\:c\>&^Yi\sq\u*:W6\\-Um]M\jHZ\'\0\0\0\0f\0\0\0\0\\\\n\\\z\\^l\Z\>&N;u\\\\o5\\"{};%\\7t\&D\*!&^C{\#4%\\\'\`QU\\YN:\Z>\\N)K\Gs\or\cNN\.l\&su\\jHoQ\"U\;]\\RP\S[]G4\\hU\#[\0\0\0\0\'`\0\0\0\09\\5\?L7\rRW$%J}%j\\Zk\\\NIR\\1PC\hX\%\L6q\]yPW?}+U*I\o\\\y$TY\zw\;o&\\\j\\NUe[vf\jh]\sF\\[_\\kVqo-\\NO\2U3k\\0\0\0\0pu!\\\\0\0\0\0K[]\,Mm_q\JM\$?S\.\\'\2t\5\Pu%]T\i\\hR5:TYc\,\*>X\\?\\Z\+{]l	2\Z\\\`\T\\Gi\\"\Yy4(CF7^2\\;\\\\3\\Q\\O_\q\'\0\0\0\0\:\0\0\0\kh\StVK\&R5\\\l\\Q]\vm\;`P\Huk\\hX\'\\\uB{\~D\r}+i\Pu&\yX\e0\>bQ2\2LD)!:NI\qJn+\\\7:l3@@cUyYu\n\\b\rdw\oVOfS=>=CZD\!n\hW\!j\N{i\\\\-kT^S\4\:%}\0\0\0\0_Mt\0\0\0\0\0@0U\zs\\Z\\*\2\Z\\\S\2Z^:J}:_|vo\\S\\MW\TNa!\\n\*yo\<\\e0G*_c[M&\,Q\\(={yb-YeTJlM\o5F{XWgp\\b)}o?\Cz\Zu>\\\V\;>\\\iB\HMtm6\y\jq\:h?#\}\'\\B\gi|\0\0\0\0\00\0\0\0\0`0\ZSkX5>\*\\)_\|Ow\rn	\\5w\\SuHG2u\\c{(!*\,Q#\y\y}n\\qfI6K\hNq	\\%6\\)}eln\M\z<`P.4A]\{4g\\2,Hkv\)WK\e\\\\\\w_\?~GeU4c\Kzn\R\G\\-R\)ce\S\"MfY#,JSr\\:\2\0\0\0\0 <\0\0\0\0P T^w\<.U\\VW\Pu*vZU\U\X}\m_\\b1dfP;vSF6_/G\`0Sl\{[\Z<NK\\rR\\*IZy&d^\\\;}nW%g\\\Z\sP5@@y>\\\ZSS\Q\Lc.\\]MC\.\K\\rw}m\\3\)\Z\k\;}?&\\9\V\pm>;\<%J{(+\uw\\\v\\\0\0\0\0 \0\0\0\0HN{j\\T|hJ+ioU\jh\7-&F_\#&h\%W\d0jw\\?\'\S\.\Z9R^:JYinK\Q}/\\\_\\S\\\(!:.\2!\0}v9B-iz[\\\=X\~\Z\DN\\b]PA-V\6\\\Z3`^\\J\7\\\MskU6\\[\R\]Co\#4\r\;vJ\wxP\zU\l\?_S\\D\rI\\5\)\\"#\\0\0\0\0\W\0\0\0\0s\\\\\\}#wb1s\\\%TTU.F~x\C,\I\\QU]K\nu&\\wV\qx9\*>KWgZ&2\\Q\T0<#VFdw\\\v|\\_\j\\\'\\\TPA\\kVa6\\O~P^X\6R\"=S\6\2\j=\\\m\XuBN\G\E=|\h\0\0\0\0\0\0\0\0\0\0\\$AU]\\\\\\o?C-ikES34\\?\\\:\\{LO=m}2Sz7sz\\n~\?\Z\%]K\})%>]\U\;TFgj\hRLc$/+\_?X\z8\:R[\jU:\v\\\Wiz\cj}u\IRgin\\#\/mFUP\r]\&\\\\\j\.\z\;\\\\\\\zwj\]\7NCF\\>C\\\\7x|^\<\'W\	?\\\*\\\0\0\0\0\C\0\0\0\0\0\\zf\S\>OV\\Zy\1AV\\\h&Lf]\\n\=|\R\NA\k*\U^U.K?\\+N{\,k/\r<\t`\\^w:N\r,\2\ZM\nzw[\\Vp\=\k-	\vL\\0o\T\Z\\|`G\\'\\>`P3V\\1\6w\\DK7\5}(o\b5\@-^t^XT7\\5\CFK{h\T\97{\"o?W`\\\5Z|\0\0\0\0\0_}\P\0\0\0\0s\k\t\K\[\Y{yz\\\\?=8>IqQ\7\\\~}W\\\'KT\OT\up\LFvIo\Z\\@\\\7\)T$\q,T\I\n}V[>O2\+{\\'\]qP\\!z$ui\h\\\\'\hj\\t\k\\\4{\v<lNW1h\^{\NzSU-A\\\1y\	U8\\\0\0\0\0_A\0\0\0\0pz7\5U\ncWMNizk\Z\r~No\\n~\\N\OH\RqQ6A-+^}\T]M\\.m}Pg\\\0F\,\j\]OV\\1U\1\\\zLj$\\\t\\\h0\r#O\UqPQ0T!2??`PJ|GM}0\\0v2x\\Tc?\a:7C<~\(\\\ZE\0\0\0\0s\\0\0\0\0\ZM\Y\+\\.\9\_\pu*\j\Go\Y\4\I\cZ=\>C\!UnZ\nZ&IJK\n\hoU\\\:\YA]\C-$\Xd66D\~6\\wP%Z6kl(EGF\f*:\\\~cwh\\=8kwJkVTP*\$wHi\f>Q\OIfn6d8e5\HM$)+\]\tyz\sk\oyTvx7w\~\Zy\~7z&om\>0T5Fw?{\0\0\0@\0\0\0\0.\0NS_{Zsy\\\a=k\=34y\\*]\yX\[\Zu\~`\1\\$%\\5y\ne\a2\MQ\'D\\8:)\J7\rRWTu\>S\AQm+K\Suc\\Z\x|>\:$/\I]}\\.GK6R\\\\'\]yP/]\\\TtUzw\G\SU.5~\jd\\uJO|Y\\\\+4}\\\\q\\\s\\\^	U\n\0\0\0\0\n!\0\0\0\0\\jf\|-/<Y\?x\\\`\{\s\\'>S-^OL\~wz%uAhS\|WM\\QT\\\?j\\\o\nFWl\\\QJLdT\\:i\s\I\\\'b,X^e\rAlLU}:tk\en\W Ttd{f**\Xf\\T\qIre\Ks\\Zk\\\\n45K/1\\z;eDkCYn\\O;	\r\\O\X\\\?WO\m\\\0\0\0\0//j\0\0\0\0pF\\(\s\\\*\r)>:V\wN\V\\C\=G\.kD\nm{97#%*Gs\'54~q[:hL4k&$K|vlDd;\\\\m?\\-\8\*\/5\\!YWf@\\\Z\?[\`\l4\\xm+/\J3<\f\:\8\]G\oy8!Y\\\\\et\\a\>7Rv\\q|6*5\:\~\0\0\0\0\0\0\0\<q9\\\4Xk~?\z\\q9u?\\y\\\]Un\ u\\\\?p\=%\\\r>R%I*\\mH\\7]2\7\jS^/V;Pyx\%.U\yt\8&o\^\\|T\rv\6\r\fYA@@oZs^~ft@ 6H\\\\xKtkDn2J\~\\\2\\\_)<HS\AA\\Z%?T)\0\0\0\0\+\0\0\0\0\0\ ?vW\nU\ZR-A4M]u>;O\V6k~q\nc[_yG){>-4O6(\r\a\5n\J\r\y\\Z^\{\t\qJ7q\\\\v\\x}_nGw\U8uJ\5U!\\q>\>\5\32\{#!\{\\n6\::\FE\eDGQ@ET@\"C\{?	3\\\\)O\\'kH\\\l\;\\0\\,\]u\26\bF\1>n\0\\-V\g\c0P)U\\s	A-\T7\q\0\Fw+g\~Sk\tn?\?\\@vEW\'<}\kQ&W/\PB!B!\\7[ B!\\s I{o\:-0C\\'\\Ivi8\^w\j^-@\\|yiIiUkZSk_\'n\'H)GHL\\\T\Us(.AQ7<\\6\w\@jC=uj\r\r4\r(Uj!\7\\\\?\<\\VG65OM\\V\Ve\\;Q(,\_`\nB\N \3\\\\d1e$^ \\'{^mq\f]\ #cz\b\\\s@8o%/3x\<<h\Zn><\_e\*eyt-B!B&B!BXV]<BQM\xa|wj}rB}Cbt\\f\\\\I;\klviVIAU	Oy\\\D*\\\\0\;\9 m\T5\r.?E\0l\8\c0X<~\_CY\\\n\\Z\wT{\\\g8.\04<a	9\W]6WQ@\v\\>\\\[\iTj,ViJ\z#eU#\\\\\#e\\B\\5u\\E~~x		hTj\DW w|+%9\\\LFftE=3wB!B!7Ih!B!/f_\\5\~l\\Ffx\*\]l\R*k\J<\\Y_\\\?\\oQR[I[1N\\!3Q4]cM\%g;\#Q(\\Z8y\,6=s\x&\)K\`6R*U\jn`674\\k\\\jsquw~^\\\1zon\\q\\5[VW0h\\Z\\\=Z-\35*5+n&\\On_(\`\O\0[\(\nf.C[1[,sj\Z\\0( yR=\RYW\\/g\l\OOWuC*\X-B!B&B!BTq&7\f+>(\\F\v|w\rOR]~\k^\n\HBP$\~aWl6\\=	Q4U\.;}\\6\\0,\*p\]m*q=<\\'\\\\\0%J\\@w?b\\;4z1PtV\\\+#Ccz5Yec\R$\\\\EqG\q-\M\3\00c?\n6\zPp8\m=]kh\=, \?\\\fg\\_w_s\|al\cR(yyw7{\3,\\n\9ivB!B=\Z!B!dw\\\O]\\W~N\\F\\\rr\\\4:\\5)\fcW\	>.n.<	\\=+\`\]\7z5J5\feBoHkU6;\&K`$nN\4\Q\P\j\apdW\\3qz\\\3N8\\P+\hT*4J5j\nJZjQ{#\BP\\0\0 \0IDAT\:\>.eu\\W\\\'\\\6\w\!\n\\`W\	\Z*}\1)~@a\X-\k\x`\<[i0\\\V}\r=Q>|6\\X\n{x\nLf3/\\\0yB\{~[,V\n236\w\r!B!A\0!B!\oM\N{]`\jZ:9\'\VnE+\:\SYRSGT\\I/\\\2:\Z.lK\8K~U1\$\\'BI\@~UkO\d5\Uq\hCg \V*8\ps\\q1}#_\f\f\Z\lWg-+\n7vU(t	\c\wH\8KVOWK<Nv-\\L9\\08\xb\\\\l-dk\k\5\kf\Vr\77\\#<\=FjZ\\3\k\\s\\\(ra\9v\\<\?.\\\wdeodSk\0X!B!GI\0,B!sx\PL\C:\\rStj-w	[\/V\\'\0|-_\~>NO\\\\I^e1%\\<\<1l6V}un+c;\d\%f[\dj\!\\,\\\t\ \\\[{\p\)\\\ZEp\\"\'\\\oP\LQM9%5\VR^_MUc-u4\Z\rLL36(PW+5:tv8\\ps\\\	OW|\rtA\\\\\\_\\\\eR1[\58\Zm\j\ZCo\X\|x4_\r[\wrrcR Mz7,!$\0WoL~U\f\\_S\\U\n@&\\r@\\8;\\X>s!{\O\\\+\<6vU\z\YoM\\"oB!B	B!\OVgl f\Zps\qg\\OicV\q,p?nNNd]\4t\reXt\\\nyz\\,Z\\>\\|Bn^WY\s?\\\a\\\z\Jc;\k,\HF\>|**\k\Z=ys\e\^D\n\\\r\\dPoh\l\`2a0YWC\V**\JZZNA\b#\7n\n\H(G_\\'/ASh{G-a\lk=\'_Dth>\t\ \N\@Tx\b\|\\\\\7V\~R\VYDz\\\\{\\_\j\\&\)3g)*\~i\-B!B$B!B\+K^N\\\wp{\L>/^De2\p\ZJ\"(G\\\0nN\2\^n\6w\V\?,mQ\\]\\u\Q_\rFo/H\'=D	ju\'\h6YJwW:E\\t	FT2:6:cy%d\'$9}\\&\n:;Z\JJBTT(P@R\\P+XlVL&#\jh1c4il\\\\l\|\e\7\Z\A\\y\f\svY8z.X\\xVUV\\\s\g\U\T7P(0	m34\\O1M\0\\1A]Zig\\]<*\8wD_(>\<\\<\M\\0\"3\6\rRG	7[*B!\/H`!B!\U\lI3F\cCf\J=\\oZ0=F\X\\U.\_nu~EM9.;R\y\o:\D\ZL:C&yMo(^r\\).\\;#\\I{={3c\w\Z@\ZG,f\\r(\\'.r2\'\M\+*\|\n/n>z\\+nN8\p\\\Tm6[-\i*\nk\.#b2\\\KymI$f$h\n\{\%0n!1\n\H\h\\x|\fd\^oq=-g\0LJ\\8~\0og\Z4\rW;\llpW[\\f\TN*\\\\m\'^Gb\EbBp\\b\v1;.\\u\\h?=\\\UP]v%B!B!$\0B!B?Yuc\\0P(\m1\b\\O\n*\;>;5|o-)\-\Uif\f`N~a\\r\n%Cn\nJM%\7\14*5O\'O6S\,\\\2S?\\cc\\0|\}yf\,\u\G:Z`9G~$$jf\\Pi\\Z\\\\B/Nz{z\4:mZ\Y\0W\Zj\rT7Z\\lt\\\\n\Dszav\x9y=\n`xO\I\\n[SH\\\r\\jZ;:\n%%]5&/e\\)\o\0\n\)34GAn?1\^ph\`wFfy.\\y\\Oi\\#!B!-\0!B!\7\9(W\\\bq\W/s>/` 6\zs\\\R]<i7oN|~;h\~\zD1GW\\w:Kx/\\\\\76Q\_a\yr\\nK\\)76r\\nkN\\\\(iN\\P\`n\<q	rnj\r4\r44\4[QBne1\\\\VR^_C\fCP`\\\o\'w\|\\\>N\9{\\Ny\f%0UQZWEQu9\'.1fMW\zUiP*XmVFu\EO\0E\\<\]\0\\\\fYu-c\F/szn\Uh\\n\j\I	yo\;\Sh6\]\%U\`	S\pjgV\U\-B!B\0!B!\\\FB=t8\\xx\\|\`\~v~\\\)mj\kc\H\J^,\o\\7{\VRX\o2.k~\q{\skY\s\lp:7)	`	Nz{hI7\\\W|]>\\>\v-aZ,!8\%d\[QD^e	SS_\B\\\\I7!\~{\LO\p\\\J_(OIR^\Z8|()\\2q+C3>n\0:\\\Z^cQT\K;\A8\0M,=\\0\\L\j5\\=F@\\3{xg\*r\\\#CncR\\\\\/gRo^\\\iORQ[\\\=Q`!B!_%B!B\uw\&.0\~w\w\\s\Mp\\jb7{\'\'&LT)UL\<[S5\\ \0r\\00-\_8\\xl\yv5F\AmP=\?.\D\*ZJ`\T&\\r \\kf-VI\tQPQHZCf#HU(w\'\\O|\ps\I\^CPP*14M\\Z\-)#\eyYKfin\nv8\\qs_xg&\bpdW\Z-=Bb\{z\'\\)*e\\l=~\yj\LtB\\)\\\	BAjqXlDRsg	$Fm\s\0{\\(J*\kxx\l<\J\\V\Cg`\T\Q^\,a\<7.uv\\\#\\o?|\\\xu|L{)=CJQfTKB!B\0X!B!d7QixdFvcw\I\\\rVMbfQ\\C\\itLf%m\f5Y\\TR\"\\\!8\\\m]q\]m\Sk\$n\\\[\k\1\0nZu5t6M\\(;\\\\0p\;\}0{-\I/\c\\>hjS\\p\;\\CG\0\NGy4BwQQ_\LNep$\<\rR\\2R\n\\z\\0i]\t\r#Xvx\<_DW^{/=\~k\\U\0\\/}\'\WU\l6j\roLx\0Z\Op\*\@T\\&>0Y\\J9\oSVU\B\0\DN\>\=B;29aO\#k\\7\Z!B!\_B!B\'k4\<\Vx7\X4n~\'}\\rj8;8cYOlg\`Y\'3)aG\Iw0\0\\()#4CgV\l\\(\Ysg*\k\\\\C\7{ghj}(\,S?\4sSh06\n\]\I\\`1~\mGO0\R\aq\rcSi0\\+LRn*\'r).e\u8pEteht\'\6;\gv+\N2\=\'\+j;{\i\'X<!]Z\X9B\0Ev\'\~\\\w?QZ[3{fAz\\u|w-\[C~Sd\\Z:gb\\04*5\r6\'\\\5o\\\m]u?l-B!\E]]\5=B!B\WhO.\Ag\Os$C\\\W[\\fe\W+5\r\\Zb\Z\\Nf\'\\\pq\V\}Bnc\W\N\n%O\+\\Y\n`0F\+eyXVGt\\qH\E\B`2C\>\+\Y\UcYQ(UgN.v\\JUc-\8iJ7{g\\\%n :\FEC\rxn\RNf\Y\p\\QY_\\\\El#\/.cOs\\Y\v\CrA:%\XW0>$\\o8\74yk\\@q<v\\\\@Zq-;r\\Z\r\\Igp\"|sz_B!B?\l\37[%$$\0Zp\K7[,B!\\r\YZ<\9/\907w~?\\\\>L\\KP\\\.c(,\p\2n\v\\\\G=n\x\h1a4*\=ps])\1[\\&&\\rIo\\\&\u\\Zxe7\U\\1\|2K&BA\\3\\Zu[\l`41\7\ZP\0j_jV+T+\n\4:<\\HdN\1L\<ZKqM9Ud\\\n\\<;\;\\qwr#$\\\"]>K\\\N!\v5\\'^l\f\\'n\kDk1\Zf#\8r4Jy\\L\\\\8\93%\B(\'=\\~\\r\r\,fz\Y!B!\\\l\\\\\0!B!o\\]\|V\$\$\	<9|s{OiV\\FJQ6\~\^g\\\><5\^7\dNxq\9\ZMd\\9(\9\\Zj)mar\!^3Ok\\"\9]ws\#\\REE}5_\\K[>\_RPY3\\,p?\\\\f\hh1Q[?po\\\I\\\\Dx\\\\n@Rn\Z\K\JY\5x8\\<\T(x91*S#\\'ZCne	Y9Y\\fB=q\;],{\h\*\\rq6\\V:@Im%|\\V\\\k\Akc&/\\:]f*\i\\k<Mg\\\\rl@x4*5^A7\q8swX\'Lf3G2\b|J\|<{B!B!8	B!\#\(\k>\_\^c\)\gL\s\\+5oO\\bQ\n}NgXZ2\5Z#(\-fr\{<nNLrQ&	C\\\0,\/^\) !$cN\x;c\\\Qf~2\%n#(Zc\Xz\\w\\ V\+[?\\XM\\sr\"Kfr\h\'UV\\\0>vV\h\V\S;7gwh\nX\4ZI;\\I`d^\z\\L\Kr/\"\\@\>a\K\'4\Y|\\/\tv_\:{=7oynAUmW\T`\\|{\\\\|\\yxtE\\\\\YXV.\5\U*\q(\\n3y=\\58\\G)*m\r\!B!\/`,B!\"\B\\\Ba\0ZUw\N7Yqx!l\|Bn\u,f*\kpsD\\pKtcN\7\\\\\\.\eF\(JL3;s\w\/+\zO\	\hX\\fL3vN\c\sP\\r\\h1\Zj\\<Vsz\Ag\\ry\87\\\L\\\Ms,X\no\d\qN=5vZ6ZCZ*\\Z\neJz\\	Fq\(W\3/\HDUC-j\\#\ \;RE\\s?a\\\'?n#\\)b?\tN\n\0*X01=Q*_	n8{V\\0(J:Fbtl^[gh\u\\+z=\\<H|b9a\0\\\G\H\\%Sol\\ymmB!B\\0B!B1U%,?Z\0\\'\\yk(J>\.F\i\\Q)8\\g\\l\Y\,/d\tF\\P(34\\xn\\T\1 7o}\\\\\\r<v\\:\nJ&\X8rn>m^\{(`\/@ \+9r]vd\/_\n\\\.~a%8vRgl 1\\\ag\q\\9y~;{%REfy!U\\\Z\Xzh;Y}\"\v\|}\'&tu\\\npbj\\c0H.\&)\\/\l\"\3\07{\'Ev!\72\z\*E\\\Jg IyiJ\\Skp\r[d\\dzXYV\:y\'\:kqV!\\'g)*\@Jq\\	\$\\\>L?!\nu}OB!BQ,\	!B!\JY>uMW;D\U\T\\\]O\\Z\Z\\I=\\9\x\mk++e)U%L\aj\h\\ZR,#3\re=o\L\\\mSy\*V\BMc]\2\\\GXM	\\M\\cX\\\,=}\\8\0f%\\Z\\'\\\3s\s,;\\n:;\Z\U3&OE^y!y%\\\kt\?g\\\\\l^\/fx\hU\Zn\fFQ\4\}k3g3CO6\?=!E\0\0 \0IDATGM\Z\\e\	%gh4\NJk+[\\\\\5?v4#\g4\\w\"nk(\\3\j]Q\\\B!B!wHB!BI,V+?\\\\\P\<1|:b\\|zpNz\\:\<n\\f\\'\\\m8\\sl$\\[::3J\\lJV\\hx;Sgl\)2p\\3\(\%t\R\Fg\0\nRV\H~u9\Aj\g\"*VBW?Uk\e(U%l9\B\\w!\\\n>;s\!3\$z^\`l$\+\Ro-\067N\\rg\v\Z1~\%~d\R:{\b`\8BFqG{H!:{R^f\\)\d1P(	C\S\X@fY>&!\Z\\0]<	vfGr\"\\\,4S:i\\\?Q+c{c\\\\\vtWh\B!B_T\0K\0,B!c\Y\Kk\\#OfYwz\\Kc\3\m\lV\tYr\`\\|o\r;/mJ/\8z\<~\\\pwt\qyj\\8\\(\MKyu\\4\Z\\Z\\\o\g\b\x\{:5o\\F\\3ZV&n\\\rEw\\S\Ohh\\Z&\_x\nJ\v&\'?\s*\'oOlg|\=vt\j\\\\n>\=U%,q	AQ\8\\c[/\MAt[\ZM_9\4&#\N\-Z-;\90\re1\lx\2\\"vroX^\\l\"\\\>>=\!\\\08\\>4;%\@b\E\\\\UP\\+ 7?6a\\[t\lb\3$f]dXT\q(\d\\DWB!B!s\0!B!\Osr,P\\\oq17~\yu|77G(\nt l6+\\US{Me\n\\\\1sq\\z^\tN2wF\nY,;.`62\x>4=Cc\<XF\\gH)\\i\$\|{j\'\rF&\+\;\8An>\xe\r2+\nd\p\\*\\\\e\5:\=9t\/G76_:\\\pf+\\U\;#kO\\X\y\v\GG0\8\\\>\]Q/\\>i?kOLVe1\"hR*ed\Vs*\\Hx\|\\ZE\(&4i	t!\/U ]Q\\\.\\)\0\n}\\\(`\\k9z\j;gl6\\\\?\AN!!09\\oKW3QCrIwCl=\'	p\"\/\{!B!}$\0B!BFwr\\)j\n\f\\Cf\\|o-j~\	]qwpfLL\Z\&\0XmWT)x806~O{\'we^\_%(P\\0>,czc\G\\\*\\\7o}E\\\j\\*FGfY\\tk\103+qO\K=]\\\,=UP(r\{\\\S\g\\7\c4=\\\\\\`\tF\kp4n\\`w_>\=[\\P\\\}\'7_\Zu<\=2\4m^n\+|=I@q\\'P(ps\;r,\K\Kw^A{\\\T?~a{6G3/0cBl1R*c\\%~ Z\0R\\nr|\0\\V3CO-^\\>7g=V`W\qJ\d\\\Tp:\'zS#a	\B!B!	B!\/,7w~\;{@7_L\nZ\K[>\\\^\Z\"\\n\M\2CODt!\;\\Nxt\2g;v%\\UH-\$> OnaQ\l|v\G\!U%t\n\\iOr[a\ZJBc[x`\\^\@\Yr\\$*9q\]UkpwbR@\\\r\\xp\kNN\X0\'\\B+}B\i\x\Ej\r\\{m\r\s|r\V\~pTJu\\ZF@\\^BA(b\s \\\\Q\@(\"\\\\d#8n>\T(\;i3h5:V\|!Q\Z]KT\3$\IU]UB\to\j}[l6\nBA;w_%8\\:\t\C\'p?HUC-fY\9^%\9B!BI\0,B!AVOq\\\\z\0\r&\\\'\n\\\F7$ol\\pmc\n\0W/zvbhtwFt\\\{R*9p9yVM\h\"=C;bZxq\gsJk+\\J?\\Ms8\\\\=\b0?\=	S@{TMAF\\\o\'wtj\C~y_FtaL\~L@O\06+w\\"7Y\8\w^eI[RIw czs:7yi\K;\jx\^to\\\Vr8\,\\D\yid\`I-\gN\\m\;8+9\\\\U[X]\\Vh\VOO0l\"0Dt&\\\r\FfyRRM\B!BB!Bb\(\\kyb\\Tcu\\qvg\/WY\2\$\0\Zj1hT*/X=\n*\nR\\7([\t\r\kH4\F^\o\\n\wj\:\`6ul7vbO\	\\\qvo1j\ng_\n#7ZnHtjwXmVSJ\Z-:m\r\4\6P\\\f\@z#<B\B<|\W(\;3S?2J\\\sh\\Zt \0\@9\mOOAn>\LNi~s~eU\r\Z\*\n:RX[\\\#yn7df\ys\jx\i8V	v!S8wdC\C\w\b\V3\\o\n!B!J`!B!0Mlxg7}\\\\0Z\L\:\\#Y~h!|0	\\\/WY\l\AG)g(b\EJ?C_{>\a0Y\,\\\zc#w\I\\\\\|\\	\'!0\Z\\\VKPtp \+\\E\\'S\\\\j\U^_\K\o3|OU\\}\^Dv\\V\E\m\yp\;D`\\6\\^O8\ZjId\zz%\;@w?v$Y\n\\\\v(9\\)}?P*\A\\\\V4\ffkx~\'l<\@au)nt\\0@g\0\\"\0Z\m]\\\\\Km0r\\;\\/!B!BB!BP\X\\~\\\WV\\\ZZ\1Y\<\-Jj\{|\]\\\_r&7C\I\t\m\|j\;!ZE}\rV\\KGi\WwD\\NXwv\\\\Cgx\x9W~\-qye\|w\\p\\+\\\0j!]i\\V<g\K\8\\\5.f\Y\F\\\\j^Og<\\\\h6/\4~\0M\I93h\:#\=\z\\\KeloO\\$\0f#g\\/GV{\KZq{7\\D*\[\,\\A8\\qw$\U1:#{G<~N>FvE!=Bb\\[B!BqB!B\b\$f|<;Rill\r{|{g;GW^7v~\d:3\K\h\D\J.d\[[H\MR\b4n4yu\nM\L~QzaZ\^i9&}\'x\8\\\O\!3h\\Z`we\\\\mSk\`U\v\\\\f\0{\B\@{|CXm9kO\b\\B\l\\\\\ENOXeU\s\JO6\I\Rk22,=Bb8+\9{)\\xFr\L^;~s)\\\\\\\0\66\\G\hTj\\l9\\R=Z\\9{\k\M\h\9:\\\~_B!\$\0B!BG\ZLup=/l\v\)\hY.d0\P\\w+*R\./\^5\r$!i/+ma\8KR^:-&tiod,z\\\\^\PTl:weuL\6\&>c\\\uXm{wPUy\\. \RjYi\T\^\\T3\45S\2mj\b.\\n**\\\\\}}?h\\\\:\Vdm\<}\\i\wc\nLV3\\\xN[2\u\\8C\\$D3\&$\\@^y1|2M\Q7\b\f}r53liE\XM9\0#I_x<\\\<\\BJ\\d\nQ	j\MLHJ\p\t\COyYs0Z\H5Z&\'\W\o6`9l-ML\3O7wB\{{Rg2ra\$\4))\m\5:CcB!BB!Bq\4\s\\\-jl?2fc\\d\\\w\\\%y\\(D1\0[vI\\\b\{Q\P\br\fQZW\G\O\\5|u\Pm\K\AO1$y\X\=\\)W\,z\n`\\\v\\`QV_\\\\:o?hS\X\.aj\0O\gR#<\Ey\e\?|\(\\\\\-\\F<s\-h\\ZN\'\em$. KL#x>Yth\'\"\71	\el\\d\\b\Z\\deu\W[\Z\w4~\m\kG\nE^Y)s3o	U*5\x{\>\F\\\\WY@IM9C\\ZZoX<oJF$0\"?J\]|l<\\>gdf!B!B!BqUky\\\Y\Zk{A\]\``T~\n{\arm\\\\{8\5\(-\pPXYBBP/\3N^\\C	\n\DeC\r\uc8\ol^^\\D\*uU\\\/T31y({\zO+3k\CW\\'W?\fTTx\0R#		dU\\H@<Mj\F\3oG^^\c\\ZGAE{\+4ew\{~\-&c=+!\\K|o^X\#\?\z7\,8\lfI\\\Vp?ft\\0\\8p\"	|{\\7A_ojdWQ~*w}\\\ o] \\5{\"{#\r\&N\\Z\Z2\r\0\\,\![F\\t\O1\nWV\hTj{X!B!@`!B!8\Z&\->\#6r\0Bbxb\8\\_\\MoP\:7F\\lq\08\(\\\\"F\"-\X\V\0z\\H]0UT\\9x*)\^c\^?/_r7)aq\7Y`\ ^w=;\W818\Z\?~7Sz\r!-\|lgp^p\!1?\Q\\\I?Bc\{\0fK?+\\38\vYk5%8{Qgj\\d\O<9\fGj=#\\v\nhZ0/_|<X{he(JHeX\\_C\xk\X\r#^\\\\ju$\P\P\r@c{tu\"*\;~\r\9:M\\p@\\G&2\@\\@Y]%\\t:Z\"-t!B!\Y\n\/!B!h\a\\n\0L$\\jal\CO&\;\.(PZ:6\{\S\P\\\]\J\V\\IuC5cS\{8\n\\a\\%f&.dtB*\n\n_d\9\8\\&4u:\\`nox\un\3\r\\kxd\xy0?m\"5Q\0w:)\?Vf!q\\\\\n*O\1\r\\M\\\\t/\\0\@\c\\;\/y9\{c~\d\\\\=\k\\\r\\9x\nN\',\~\<g\0Z\\^Cxp\B\Zs\}c8\\Ip6Ukp\Z-&<\\H\na\\b\Z_f\Kk0\HH\C\+\\k|N\\@8\r|z!B!8I\0,B!8\9\\s\\-/f]\6Z7&x\\1_WK]S=sw1\\{|?Z\1_2p<\\\rDOqf\q\]\\\\Z\\\\(\nY%y\\v+\&\\	\s\\\Sx\0Z\\\nkur\\\Zy\\7	`l\ W@x69N6\gat\D\\0T6`\Y\r \/h+y6\\w3\TJ\\\tPJ\e&\c_I\n\b>\\K^`\\\[\7~\-={>_w/F%\k4\b2wxf1N\<\\lu;\\ENI\\X\r}\\rL\=\+-`k>~!Oz&s\Uk2\/KXB!B\?,B!\c\\Rj[uTv&\\9\W\\]-s\1f./\xc\8ZF?\Z6\N[7!q}H\\O v\m(\\\nE&\$q\\+\d\\\\\\c\\`D|?\^]9&.\^vpl\\\\iy\`ndK^\6kW8cf^X1+m\_\\%&v6\`\\p9c\\d\%\s7/`/\\\\\\sq\\\!\\\'\219\uMZ/\\\\\e\"{3E\e\;~\@i]\0\'O]p}\)\C\r\X\\\u\Vt\\cyB!B$\0B!B\\%Nc-J\a375\LV3\pzn\Z\\r\\W?EN\\&0,O\\'h`\o^Fa\\\aw\ c[\%\\\\\\f\JV\l\\i\36q=\\WYyp\#\m\r6\^1\NU4 +m\\(\Guc\)I:HB\\0\\n0\\]|yp\l\\\m+9\\KT|m%dd\\7r\\$)\0\0 \0IDAT5^w?\u\\vdk_),1\Fv~/?8\<z.\bC e8v_k\DOpw9q\e\;~R!B!%	B!\}\\/p8\d)\Ujn5\\\\TR119wx\kTj\6Kk\Z-&mrz\tj\ryo\7X\V\^\\:<=}\0@K\u\{\\;|&krw\0!^Durg\\#{QTMi[};RX]z\gZ\\3o\B\\6g|\nV\p\\\_kj\6W	Ii\\3|Vw7~\\:n1-\-\ba\E|t\\J\\(n\\\Vj\0T*5j\Z*c-\(.\jFR\\#\\\_g\\a(\<r6\Z-8RYBH\#\\v\j\OwM!B!\\\0X!Bq\2\,<\X\\\PlX~{x:\'\\\n\a`\\bRP\k0.|\mWGmSCkw=\\\0\'L\\@l@g\\SE}8\\nMc{\~\0\w7@O%LH\dbxl\n-Au\\\fu\\N\r*E\\|\\T\v$mV\jbC^&om\nK\Oa=SPq\'V\awh,\{aG\36}\\\u\I\8j\\w\\n`H\\_\p\\\"MSt	\Z\|s5\\\\a\#*B!B_\0X!Bq\\y4-Y]\dD~\4Z\\/\\r\f\\\`x|q&(4ZLk\bn9\Z-vkN\'xJc\r\"}\n\0ma\r7?\\n\\\\\o\'A,Y\\1M\\el\\CZl}v\,UT\5nOo\\vV.\\_dF\5\A^\%\j|<?\v=&s\r_fm\\2\\\p\Z\\\?oa4\\\\`\]o\x\\\\\\n9\T\Zk\(\\UB!BB!B\ag\\T\Zk*m\'\\vf_!}\sPW-!(EWR1Y\|G&~_\^\uzv=n\Z-u<\\\v\\r\6\\w_\^KmS:=OO\\\~>m!\\\\^\1\\'Gwxv-\Z/7w\quwur\M#\/J\\\@i!\.\\7\e3\'uWO\QI\\6hGWKi]zgf^g\m,\\\\u7\\\\oP\ye\\!\O0D%BrH\\\\\FRSW\3$7]-k\h1\X.VR!B!B!BRuS=HS{\\V0\"/\\N%\/W?\#gouKn&,;\\r5\0T4\\\0\PD&\p:b:( \\\\\+6\ *\\s3	\\k\\+\\q\\6~\^N\\\&%\7\\D\m|me\}\{\/Xm>\)nu1:wOLiCg\\yQ\\Q\\?aw8\\\\\0xno{}\\3\=}/\0oH\`G\jYPg2vU&B!\w\0X!Bq^2Y|\0s#lAR3 wA?^u;L\\r\b\Is`cNK0y0;u>\|\'\&f\>\\{\\1r+K\#<\G(\EF\\\k\kz:K_Q\>#|\\SM~^\\;>4k\\ZfX.\p>$6\jf\(oG\\%&\$$\\\O\Pi\\O\\1\<u\\A \nc\r\jYT\\2Z!B!\O`!B!\yi\\Mgj\d\Z?/F\G\h\\\p=\\4 FzpGQ2\n\zOv=\Z\9\4ZF%wv\L\3f~v\btx\\\dK~65MF.O\\B;\&\\vfw8(:\\ x\T55*5O/-{Y{x\'0-e8=kj`E\&fg\9vyZ\	1\~nm;c47[^\\\Ms\g<\|u%{\u_0$7^Tk\Sai]]\r\Z\\0!B!rngy	!B!\9\\J:4\<\\\q\0\M\D\Z\\\\p\eF\pR#HJD(\SNs\'\\gh\j\tc\UD\n;\\\\k\0g\\|ssH8\h1QEk{\ddK~3D{GWww|[\f\\n\\\\\yj\;\w4ns	7~4?\Fa\	zF\VT8\'\\E\A\[\+V\\LIMi\z7&\\3:?*EE$]\\tVew/qg\6+%\\B!B!\,B!8/\>\?\\3F\C\0\\=\;rxv\\"\\\<3\3_gm 9\8c\r\{p\0x`\\!tqf\Z	Ii\Q!zGu4`__p8d\kG\\\\wo1-e8n\'_pmWO%\?%|{-\0WM&2 |gzKN$\\KBXs>s\v\\\[\\\9\'\nX\'yov\/\\\g9\\VI\\\6\\h1qQ\\v\Q\B!BB!BJ\q3G_j\Z\}\\0\\n\'f^Ed\jQ\X\\\\\\}\\';\j\\@m6F]\\\k>R\\:\a\_doI.\x;\|\;6\\aLk\_u,j&\Z\\X\0d=KMF\\\#\\n\'18\\\ond\\]|\5r9\?R\0\s\Z-&<tzn5\6|\jfh\\\nsN\J(\xm\\p\\\\\MV3\,Krq8h5Z\\pK(u!>\\\<\=\ \jMF\]c\eB!B1\0!B!\K\\X<}(\P\Q\\ZcP\P\\G2M,\-z1/\\\\U.{%\T\LF~>\ZQ9|(cM\r\Z:\8vo\;\5ZL|w=\y{y}\v\0k\yc-vp}lo-M\F\\\sHQ4j5Z\\[}\,\)2cw6?(\ucJ\a(,;\\ZY>\(B8Q]\wP)*^NE$\t:\6\-EJ*r(.eS\\wfK\n\[_\\y\\gl\\5Tk\?/J4\\\M\\XN[7~B!B>\0!B!D7\n\[\\,L	6QT\9\b\\5\|Z\\c\?ob|\FLe\QVW\zPt\n=\"1[-|m\0#\\\\`uN\\ZB}8|zS<;\f\o\\rg\J\\rLLNkw\Rmc~!-6?Ccd.\o[l\{2(7/[\,-\\\3\\8XZk\	WQw\\\ B}C2\\lv;>\5wto:\\rp2^-c\\3\rZU*Fr\I\f\0\n\\\\\Cx\=\^n\]!B!4]!B!\E*Eq\Z!H\C\\0)\dh\\\\\f\\_/GsX\g~\\FYmUMXmV\n#\(K2Va\\q\8\\X=1\m?h*EaWAQk\@yC\r\\\\ppezx\\45\p822o\D.\;\|\;y\\Z\Z4\r/j\:j\r\\n\\0eG\};9\\*\{;\=3`\"ON\\\\\xxIec-^\_\-\\`\Qz\bXyy\\jTj&\\@i]e\\'GdTjhs]EQn\u\d=\!>))3WP&WO%!8\nEQ\tv\yW@W%B!B!~\'	B!\@O\\Zj*s1\nk0*>]FfHl\nCbSk2$\\:z\8TV\\Z\\X\\\bHLo\&%4ci\\\8N6\gS\XGzGQTc\\\\Y0x\^,6+/7\\\\\]\)W3\'ug\Hyu\@l\m|\'I\\Uy>*\0\r\\\a\\L\6)aq\rw/:}\'9y\\,:cx3G?<|4`Bchac\\0UuX\V\\>_W\X\|AQ\# \ezl\n:GvRCb0So2\:B!BN\0!B!\K\!5n\$F\x>\\r\|\x{22?#z\h1Q\XGnY_daq\\T\WT:\+;J^\Q>\3>\4\\\IH$\\'K\n`Y	\rf@dO\0\\\ZWa\}xzM4Y\S\'pa\Q\n\/S\{\\\ZnY9\2`&4VS\Ai}!^\|yx1h\\uv\\\,\X}C\0D3\P\{~aX\\_G$\d=9mV3GK]\0\]Flv\\`\\r5\u\g\r0\@bN~Dq\(\r5<\08\\/7B!BNB!\UI:w\\\\\e\\KQn\D0>)7.gWop\\9$\hE\`[hd5\$\\aE9\0\\7\\r\\\';DQOi\u,\I\\|\\{\p:\0[\nQ\X\Sz;SV_EF\\	\NVI\O_o\\0o\Tn7/\rTE9\\n\\2p\5M\r8N#j\ruUl\'\b^%\6+\n\na~!<?T\\a;\~Z{&Fb\\\B!B\\'B!\4\\04\-`\@<\T\r@l@\i^Q\b\=\\\:\ph	\<tzG&Sk9ZUJ^E10X\00\`\$7-c\\\@l\!1\46\NC;s\jfk~A\\\IU\kM\rl\\\\EW\.f=,H\\\\3o\Q\\s\W$\"B\//bOa\0.j\\"\{<Jc-n\Z-\*\u-6+\\n7G\\i\U\\X\|@Q8w.Qm\\s\'6 E!\d(B\n?<!B!\\h!B!\y)!(pr*``d26\\\0D\\w[<}<	Ii\Z00_d!8I\0;\J|p\\\0\"s\r\0iQ\{\YR[\\\r\\\}[LIN\'\\:\^C;s\XGF>\N\Fi\\82ij \\v\\nC<\v>\XIf\!\cz\\}7\^Ug\\\rN&5\'!A\S{#5\'\k\\09\'\\\SBR\h1;\\0y$PT\:r6\w%=/7=hm\I\\\Jb{Q*E!-*\r\OQIlB!B$\0B!B<}\Z\"]\"zRR[AZK\Zu;Cq7\\n >09c;\15wN\=JE\3P~	x\=]\v\on\\\?p\\'OSgndhL/eN\"\ZnE19\Gy\'\S\ug2\\*Eq\\`m6\\\nJ/}\"f\:\\\cER39ym\3?m2\/y1fM^^9a\\\\j_i?GRh\q\~t	I!\VPiy\0\|v-Qw%\\\.B!\\h!B!\y\Sg\\\\\2,&<nDu\VQ)*f\01y0\09\'\n5\\\\AV\=k\e\k|v\3\5\\nv`b\\\sPi\\\'7m\N&#+7uUvN\8zb}x\=;`F\r\n+0>q\0ks3Qy\sx{x\V\U`G`O;\\\N}pJMrHL7lCo\Z7,&J\\\0xl\@b*B!B_`!B!\ykB\`\"|8XvRCb~6fnv\UKI1\0\?O\@Vy{21y0cQ1\Xo\\\\\\8w\n?\5Cg\\\}#\f/Y\\\]]1z\]v\N\Uq ?{\]Jw\|z\\\\\\E2 *VGaE1\k+	\I<W\\\{\\du_xN\\~Z{`VO z&\u	\\\^s\ev!B!gB!BV\\e\<Ep\\\nl|=\L\^x\0A\=q8(-\D_(\\\z\\-\\n1>1+\ \JUFQM\}\\\'P\x\\[p:\\\!\h\]10j]4ZLT\Z\n\c\ndLW-M\Qx|\uyA\h\\\\Ei}yx\\?C\*:\t@\4Z\ah\\lv;eX\6Bx{\V\r\f\lm\F	wp`/?Z-\r\W\'2 \cw~\dzEuz\\!B!\C`!B!\ymA4>\\wZ\^#\\\i(<\\i(8N\'	!q\vE\08^YZCJX+mf\]\1v\\\Z:G^D\<\X\dG%rx>[\nkk\dZXk5!1\])\{YsiUkWl;\)?\\l\\G\\\Z\ns)\:\%\?_\z7>d\RXqNO\\@J\Yt\}FYQkw.\0\AMc\\r57TSV_CYC5e\rUT\WSnjJj(7V3)1~\nOo|<k*(Wptp?\cB!B!X\0!B!\k7wr-({#0T6\\0N\x\=:=N\'Y%y\0D\\Sa!Q\s#[\\\Qsy|\\<\u4\nh4:f\^K\Gn	F\\g\9\0\{2\\\wz\\\\\\x*\\\&ry\\3VkYp\0\0 \0IDATl\ET\Zk1Y\\?q!w@C\9q<tz<\\	%-\"QF&\wHLog\h	\Z-&<tz\^\?`\9VSF^\1r+\-?\"*a6]]&sK\\qwyC\rf\0JE_Y)kG@\{*\\q!B!,	B!\aq}<6\(\(`,6+U-\~!Ug:3\Z\hh\M#\?J\\\\}Z\D\\T*\Z-M\'g\\\\S0t\nw%\\\S\o 5\'wOr\\\4j6\'\nd\\\2\Z\u.\\[|\\>\{t\\\U\\t:i07Qna\\>\#7\h	CT*a8u\\u\\\;\\p|u9U\Z^\^\7~	\0W\h1\$\7EQ8\\V\aV.\pE19RQ\~>CQt\Zz7FVKo0V?;u\Z\_\N\~B!B!NM`!B!\y\\\\S\xd75M\rb26Q\\)od\u#\\':u\0$GjMVft\\?Q\\s\\)3pq$\\\s\qY\:j\\xf\M<0\Jvr@MimyW}HF\\\p\n}\ja\l\\\" mlF\\\\7<V\r\'6 \-\a36>\;\\Z:hk*hQP\@t\Z&K\r(*W\->\OR5{x\\O`/_	0\\\/^~y\7	\,V7\a\\b\\\\\1!B!<	B!\=I\C\#\mlw<9\03p]T7\\s\'\?7.\.[\\@Pu\\t:y}|\n/7T*E=Dl@\rX\VZ\\'(\<QWI\\,\Q<tzJ\\Z\HFvWR\\xs\|{\^:Yy\\E\dt\LH\d-GO\*\\n\\:Q]\\<g\\Z7n;\]RqMl\3Ws\:,hg/k\\\\\\Z+\\l53>i0OA\!\\=(\b \+\0F\f\XC\X\MuzO\\"H$>0\\F\{K_Z\`\}k\Z\mm~/~Ukxx\5itA!B! B!B\0z\\;i49h\\Sgj~=\\\:]\Q\=v0\\\\\\0\\\\\q::\#{_PT[\9\ %=Rq\0?/\\?\rYsxE9|ouwA\\\\\20.~a/\bbr::=*E\H\\2\\\\W{_QLlw8N7-W\>U\0\\#g:S#e\l>2V\\v\d\_U*\z1\S\v\\\D\\n\\vJQ\AN\aJj\\ /_\Z-f*c*E\\s\CG`q\\Z|\\\@/\0uF_EC\\\t!B!8$\0B!B\\6z.\^\n>z6ssWk\ow\o\\aZ\*vO[\0\'N3EQ:Nu](6\Q)*\#\\\i9Z}\bJ\*	\1$7}\|\U<\5q\+	\rlW\\=/\\1]r--\gs\\\\UHbN\NR\\y\{=\\9l\\f[\x\\e]-@p\3\nz\uU/v\o^eV\2z.=;\\r$\0U\{x\hi07Q\Xu\/\p\\\p:0ZL8Nu\\\\n_?vnZ:\A	/\B!B\\0X!B!ZY>o\B\04Z-:\N\oQ\V\S\\JQu:\j+N37b\5x\=8^[@\s\]\FRHI\#\n\n0\N\$_\\;2 2\5\Z7\czq\*u\=v2\_03\\\\C\^gpk\\w=Z\|{\D]vmw&\\s\dn\8\\77=;\Zws\^\\\\0ZyD\\\?Jv\n]7\\X0d\\p\r\0\-\F	Z\S{2\00!B!8;$\0B!BV\"}\(^Z[\\@qCRaw80[\\,\CU\')\\b\'m\*k\F\\\Z\0Zu#M:=H/yI\gy&\\I(\n7n\2\(j\ZrZ\\G2m\P\Q\G9\><uz~m5\6\F\\n\a\*~\\\Y;~\	|\=I=rkhlJW%.\?\uU\\j\\Zl;g \0>QWIB*z\1N`\aGR\\Sxh\\\l!B!	B!Z\\^C0ce\\\\ZT\n\nS\*\0Y]nw\\j3\n\($v\Z\2lN\'\>Ma\\/\El.\W\3(\\0znLCeGG2\g`Y\se0N\'_g\\\n5\\<:a Ns\X\\\\\nS\`\\\$6 3e\rYKG\\rZ\a\\E\'\aw8\t~\4\{O7w\0\Q)*\Z\\B!Bi\0!B!\oJ&\?U\04hn	#Z\\8\(\n\ZG@\\\m\d\0Ui\\u6\\\h6}\\s%\\'\f\>E\\\h\\ZR\z+P\X\,\\ZM}c-M,{\0x|y\\r\\t\\>\Xm\UQ\\y;`<:}W\gP\X-#\=\\rL6KO7\\>\\rFm9\7<Xs!B!\J`!B!\rZT\CQT(-]V^m\fk\0F\\\LBc\VFBi\ru:\\ti\\h\sA\1wxD&?\?h2>:\]\F.H\ \%\K\f\|{\p\\?,\\3\\VW\M\\+\"<\\w\\p\0/\'N[C\;qjKn\{ZFFUNA(\n\nJ\xmEQ8\\^\*h7?\q\\B!B]\0!B!D\"}5h\	\V\\FFZB5j,v;e\yx5w&JcN\2\\\\\\jR\\uK\\"Y~\\ye\\\s3w\\\\ku\\:bC\n\x\<j\5e]\\<\b\p9\]Ue,\\<-\\3JRVT*jE\a\b1jZ?\hYn\q8((Z~W[FU!B!8$\0B!B7\3wQY\SLz%4BO\]Qk]w\\\mkDJ\BOH^&	!C\Z(\\r/\3\\\5wsB@Rn\r\.\'\[\P\>zWhi\>34\\i<Z-uNv:qFK-&\0&[\r]\\!>u\m\\\g-|=EYu\\\2plO[;eYYk8PIo{fPD<\&\bM\.>O[Ef\\Q0\4Sh\A\g\0W(Z>\tm\r9{G\\\uvVeAB!B{\0!B!\).\'{\08q\\`YOo\l\-\\\\5h%\Z0P@\bl{\r\I4L0|\~>3O]|;t-A\~m\\\j\\\"\\\6\\\>\7\I{\e-e-.\\\\AzSv\\}4*\rS\\=NBHTO\3\'!9ZZ4@\\\Z~F\n\\t`w:p98pT\\i\r.\'Nbo>\(O\n\\l\B!B\\0X!B!NQ\PEvU\06JC\>pS*\w$\\\\t\<\_G\=.\'v\\kv\,B\j\\Z\n&J\"\Z\\dA|rS\\\lY\\\,yb3dU\Zp=G\SAfE[N\Wq\\&\?b\3\\"%Fg\\g w\&:?M&^MH\\\rK\U\'&@RB\s)s\\\\\)-\\v\n\l\\m<\2s\\Zl\t\e\ZeB.^]!B!\"B!B\" \J\M5J5\Z\Z\'/\w\RE\\zvRi\\q\'\BT\!\i<P)U\vV:\|\0h2*N2Z\l\9\\?/\\\f\\\\\_\Z>3\]ns)\Z\\6WULQ\f\q\\K\\n\\\\ew\\\\\)}G0)iz\zv m5\\\t\\;\?\)hU+9l\>\~B|]\hj \0\0\rF=Ju\\\n%J#\\/\]\q\\vMh	\0\\\7?nNB!B\0X!B!\1Z\l<Fske\\\K\[\m-B}\s[5\0\rz\\\}\i\\+\p\:?>Zj\r\ww\m\^\5RZ[\VQ~a<1f|=u-U1\a\2\H.0\mR$\0/\buT4\\\Od\LH\&14Wu<e7\\'8.\\\0uF=\0|[\wfJr\n>[N\'vW\h2hU\Z\n%Nk\\\\t*s\'!B!8g=-B!BI~m\m{\[\-U\'`\\\	g7\Z\n\NCkht`KV\T\\\\nL[EY]?ok[IJ\c/\jQPUtZ\\C\?g\\}Mf\UVvp\{!\\\<7V3\3Sojb\\55\tB\2?:\\\`j\Vi}Kvp	\0OR\\%yzy.?o\!B!\B!B\\\'\(ot\\ZM4J\\0VaZ|\X\\@qcu{\\Z\\4Z++NoI(\K\\\\]u{~- \NJT\A,9mf\o\'5?\\.J\*\xl_\ZgD\0Pk\cq\\xyw\\r\\\\2k\TfOTj\6\\ZOTJ%v-4U\\y\\'!B!B!BV9\\|Skd\IJ5`;1tff\#\\r\.\%\2V~^:f|b\n}\K\?\\Z\jPT*5\Z,v\k-v{`r{\n33\<A\\,\"\"e\0(\nH\\Dtrguxg\~\ZU\\z5\8l\Zon\\<F\r\V\\@fe\0\#;rp)x\t(/Ok\rUSJM@g\\~#\od>BTa2\\\\V\\\9f3B!\|#B!Bmi{Mu>\rowvJ=?\l2+\n8V]B\M\\Gr\\w\5C<\Z\MT4\\z\LyC%e\\\8\vakA]9e5\EtXkA\*#\[	\\\n\\2!>\\\O\\\3?!\I\\\=V|\,=NN\\:\f<\nL_\n\\SG=\R\\\CRw{:k\e\q>/B!\\\B!B\\Og\\\7Ukn	\Ji\r\|l?~(>3O|6.gOAF\o\f\njJyo\T4j|PkT\kp\\xiD\0p\\y5em;YeW}{.ld`l7\';/^qc\\MiCw,z\{b\\\\2igp?\B^m\\r9\eU\8	V@qC&0N+E-\thTjh\\oj\\\4\B!BqnIB!\gY\\Fj;\r\*ZZ\zP((\t]yc\r\nmT(!\?\\\S\a\75\p:\|,}\sN\IxP7\`[\zF\ZG8\\\\\5T6]+nhw\\LFJ\\\3I*{&^\-gv\\\UEE\;>N\(PpKj\rz^;\\ZQvEL\XK|8\0qA\x{xbu\(\\t\"\\N\D\H\\\\\VrW\\\\\\V\\\l\\\U:]#B!\\\0X!Bq\;VU\\&\*\0	D\R\X\nC\n\nAm9.\'kR\@\2&ndL\ #C\\`1\\F\-\ZC\~\CSn \QIl\J7\H+\\p\\\r\L\k\\\x\aNm\Ud8W>\xr\\]\>>n>s\\\\/\y\R\[)w`NmE\\3\2\R\E V3\[\\b^U*;JMlP8	!]\r\\\*\Xu1\+.&UE,F&$\	W\hj\bky/zQ\mWm~*\\?V	C\*\B!B\0!B!\{w@E\<\\. \/O\LQO_0Va\k\\\'\7~\\\i\7\t>\\0u\\r?\GLgT\\0h\\"8\(j\r\+0Z\\<<\\T)h5Z,/Z\\rC6K@BH\\6akWP\0y;\u&^^\I\\Z\5>\\\\dO\txb\l=0\@6?/o5^>h;	\6%\P)UF\\Pch %t\\?Vo\'\^LdR\P&$0$:	O\L\IFY.3w1\\0UE4\r4YL&\\\}BhnnbV	\rBTSSBwV\yrF\\B!B_N`!B!\y-\t\n\H/\ <5Z\v+\0x\\=>*$\nN\HTqem0c~\tF\\2\ZM\ERX>:frkJH\\v(O\E{Va[)ey\\t\nE\\f\\]R\\\t\\V\]E}%wk6:\\{z32~0/y\\\r\\f,ciEG\nw[38\"OP S:ES3y5-3\\ZC#F=F=\0,=\0\'2\0f#\&Wk\zg4j\r:|<\J}fOp\ \\.\U]sku\%\\B!B!\	B!\-\\[\\\\\U\\\@$QK\\0\0 \0IDATm\\<r\\\	\ngaw: 2 r#%\z\\'C\0eT\BArd\"_\]\\\0X\VgcY\i\+GwS\T\\\F\\/\n\vJ+\\\?\\\k\\YP0!.B\\\\?bz\\r\rhh}X&=^A4j-6o/6@_\\y4	\W\0Ja\h<Z.|\e9.\b5>+Y\?ATA&14~a1$F\;W[%{Yc\rf/!T5\S\\>o3Mu\N\1\!B!\L`!B!\y\r\#e\0r^\ZO*\(in{\h1\p:\\GtqJ\bz\\\Ffj\p\Ycu\GJQ}e9\\;l[i_7uY3\\y\\\zs\0{e\FKOj\(\\iY\V3:v w\)\\	\r\\=3bZ3xzS36\qZA\\#e9\\:x\"7Cp\\\4[	\'!$\\0\0~^:^\A-f,F\nk\\]AzY,l6p*/dRa@oPkvs\+n\h%\?g;0\,l\=u\.\4\!B!83\0!B!\[{\nP\\s\\"\>\qdU\STW\\BP\\CT\l\r\+;{\a\`1ch28VY\#\\\dl[g)\"\/`\\n\\\@T1X\s8Y\U305\\rH`\q6a]92}\\\v/A\hU}gCQ]3|\_\\B|s\6+{\n3hBP\t\\`1\LHHaP{eLb\\\U\Z\\9Tw\0j-V{k\r\|\oxfe\\\SpJ\\\\\\\\\.F\\t\\n\0R5\r\'\h\<\\\\}knj\0\\\jDu~\\*\+;\\^D\\NNWZQuB!BqH\0,B!8/\vd\l5%\\.\)hkN\A%M+\\\n-&\n\\)\xM)E5\WSJNmf\f\n\+;\1\QV_AzYCr!OZ\Q>K]\\\>?Y8^>\&\\\\Z@Yc\rj_P]\\Z\Z|	*\\nkoke1oog1|`#\\\V\\\-y|q\t\\5;3\I\0lw:\S\\\	\\\n74oO^}?5<\r(\D^\|\Y)-\T\\d\\R\$(R&\cs\p-\\\nc\vQK\\n\+mCV\\S\W[SLl\B!BsA`!B!\y\b$mFjw\\+3\;\0\r:\'}B\\\0Z\\/\fW~;38ZGb\brk\7C2>~0I1\00$*\VF\'1$	a.f@\L8uZq\\\76p,^A\0}EG\[\\\\bu\AS\x\;\\"\.x2^\\\?\\"|=u\\:hin7+\3w\\w\#nm\1 <=\>u\mO\\\Z?#2uY\60@R\\\W\'A\\\o$o\'1,1-\?\\n@Bp-\\EF\#\O7\\H/\\	W\%\03\DAm9\0\\b\\(;\\\\8Nv\fj\\B!BBB!Bqh)\iY*rjJhjN\n\m\\yt\n_|&?X\\<J\+7\[\_^ZOB}dH\\ql>\i>u/e\ymD \1P(|\rJ\\\p\\,\n^gh\\o^fDT_\|=\"B\|\0r\_lQ|\\i\\Z\\\=W{Ve\wc0\gc\\z:?<\w\\\D\\u\\|g%Kl\r]W*\<rPg\w{p\\K(R_So@VP0:n O.\BW\\\5 \0\R\f\\0xd\~\|;y\)\nB\"\\\	FPPgh\3c\+\\\\{Ao1[[\n\d\*\{\\;P\\!B!?B!Bj\\_\6\95\|\@YC5U\0\|I=\\\P\\\~7j&O\<\7w>`\_>\\;&\\$<:5J\Ks\0\"e\":Q;\2\*O9l>AQIm\}xx\\r,bU\N\\]KQCe\\n\\9X:\\S\3nO-j\\5d2?\*B\\(ZPr\q|\9q6~w>U\~ANu\GR\XM^mY{bb\r\T6\"c\'}<5^\Z\{}B\\`q6\:Li\w4\j4j\r#z\\U(<8z\\v}W\Af f\9U\\77\h;R\J\)\!B!gB!BR\\6\V#\U\\.\\`g^:\0\n\^P\\\\\|c~\>x{kL\;\\JU\n|`5\\	Q\\nc\\5\?y1!\\n\\n\\-.!\/{WSRW@q]9JNoOo\\I88k\Tn5\\\rYo\\\ew\5\\\b\\w\tPI6|[p_\	,=ggOb\\}k5\yh\\r[~\LY\a><<w|{p\O|p$.\\l\;L \RP*\3R~X\x\h<\0\\\\O\\\*\ %/^>dU?\\0%B!B!~&	B!q:\Uc\w`]\G\\Sx\X)\*J%w\nbR\pF\\mdD\\2V\\C\\0i8Jl\[\\\\AtP\vm\rv =d2\r\,\lQkK\\]\\z$\xi=7\'~\S8J\?.w9[F\d\#3:qH|].+\Vjx2:n0_\_\v\2T6=\xl/y\\raDt?@\a\lvOy\?\Z\TJ%&\r#\\\Hj\alvQ\\\\+9BAO N\\\Q(mV4J[\\\\0\4lg\6\h5D!B!\\\\L!B!\z%dU7]yi45\\\\\9p\\OG]p5\\[\\7\W,\\\Seu\nex\$5?S~!\Oo\0oo\\V\n\\\r\\\\\E\\r\\yrf\\\`\1^_;s<6\&\"B;9g\cYq\ky	oo\\N\k\WD%q\	J\\\'\\l\9\\~#;\s&*\r^>N>\#\"\3611i8z\`\1k\\hG_&Y\\n*\\sQQ*J\R;w\exV\-*kMaPdol\ik\|USP(L\;\HVEAgv\t+B!B9	B!\%[k\\H\'X\\\v\dk\AHg}18/\Yydz\2.>>\\:5Gv2{\$F%\76au\\x\\\i\'W\fBa\=\\?]\Y\\C\&\al\`\\2\wo\h6\3\JO\0w\\\r\\@Ne\\\?ad\D06n\|g\Y	u\\\kr\o54\\gS3	B:,F\f\\h1-\\lA\\\3y_X \$\dK\M\\	 1$FS3\ey@oOKB!BL?\B!B\d6V7\"\01}+\'\\_Z\OEy[`[\hyt(JVeS]H\\"\\V[\\\1\\\\%m\*\n.40\g6\TF6k\rpA\\7q6j\n\EUS=\{\\\\$G2\\'xjLLG\Q3;v\\\\O\+?\b\\cJ/Qks\4L\?\Z\vUF|\\FL#%\ZP\0\\"	7\nR\\\r\nO/&w~w,\q\zr\\o~\$ud\Rs\\iB!BqnH\0,B!8/zli6<5L\CeG\!\\ru3!1,\\"\\\\;FC#onZC\2V\\\X\\\aS\\\i\ptZO]o\\\rv=\]p:\\\\\`\cz\\0{[xOv-o\[Nbht7\'|a\\2!Cc:<\xo\8Nn}	=u:\\Zy~\\*\ar\PB}a\+l\9,c\\-\~G\$J}\(-!\\'\aoWj\r\\OGP\\z\=-B!B3Ih!B!\y)\?%Z\~\|k\`\qVIZ\"C9pxk\\\\Zr!:{\\fZp~KF\\qCyx,K\FY}\0:\\rT=/\>\\\!=;\\2w\\\>\X6\mW\}No0\xq	)hU\\S/\x5o!+d\kW\~NJd\"\\/\\\6x\j\L\;>{p\Yo+o\jP(\36ew\0\'g\\-\4}B:\\\\r\rzz3\"?\\[{\q\mB!B=R,B!8/\\\\L#\\&9*P\@\Lzvd\t=\\ZLH?9U>R\g::C#zs3F\nk\z\J.|\0\n\0>:b\1Z\*k>~\n\M=GpUj\Z&Ba].zgV\gX\ \\ZBIrT\E\4@_\s\\sq\vdP\\Z`.\\KmUYZ\5:Kn\_\$:\ZLM\\47P\P\?\l0.>I}\\#.\\Nn8].eQoj&\5\\0\=m\\D,B!\0X!Bq^\isH\\\p mgF\%\h2\\Fa\tZ/a`8>i\\\'w\o1\\\\f\0kxi\v\\_KZa\0$\qW\"c\'\I6\\?O\\\R^>s\#|t\SR\i~3#3\\r4uy\\\\q8L\7\\\La\|\\y\"y\"\`i\d6\\MDez\kz8v@L@\i[D%\iB!BI`!B!\y\\SG^=-\\5\4r\0;3i>9\\zK\\0\\\\\\n%sO%1\"FSKcRa|r\\Y+gW\\"*\r\Z%\0Y-vaS^\\rx\(uw.|\\\\\\\\\1\R\Y|\\y1\0.7/f$G6kwO\pt/.\qF\1j\Xl_\ga4~:z\\\J\pi+2v\0\}r\R\\\\sG\\\{\R`l\`t?oB!BI\0,B!8/y{x1<?\~\\G5?m\A\>J#_>\FWJ\O\\||?{\53(2\* o+\\y\vz\\bA\Zj-OL6\\\\|\\\r:\R >8n{y7<A0o_Rd\\58iSk=7\yn\\',H]O\pP^\0\\t;B\\\NVgW|\bd\\\2p\\3~\r\sR\XO \Z\L\z\\A\}B!\\\\'|EB!BFR#;hzZ\\\)}G`\X}w\ne\<\_S\\H?o%8\GbH%\Z\gp\Na@xc:\\6=u\3xh\\P5|{\r\a\?\:?\z\|V\w	eoQVgG//G{~k\n1;J}\e97\Q\P\\!	\t\\\"-9UGv=oq\H/\!>$7y\$4*\rN\\ysa\pv\]\J\\n\*\Z$y\"\_q*\w\_\{.\\\\r\\\\+\W\2}>\r\i\pt=ZB!B?\\Ap\0\\B!B?bHTCPU\\R7N]7\d\x^\\9K 	)=m?\C\o4_\^k\dr\pF\E73\ e9<\<o\\\\\\\\0/_4*5\cQ\P\\n\HD\O)nb\t\}z\:\\p9\\Z\Zq\L^\>\P)P*&\'\r#9\"?\\t m-C:w8|w-\>\\\\.b\"\?\\=\\M\\|q8<}2J\V!\Z\/_r!\\:\\@q6{\376+p\8]\n\/So[B!Bu\!B!\9Q\E\>j\\E\\\\\!N\m\Z->^\CRS]\?a\H\\S\m|w`No\'1 \\'R\fA\/\o%!$\\)}cu\0\\T7\\\|\}fK\Ld@\~\A\\\	\n3\p\\#\\r\fV\?\\xUMf1}:9\\\S\_.\4[Z 6(\0/Noe\Ujnw#:\|k)b\\B\njm8.\\d\#)egAFO[\(\nn19\B!B!B!\\M#g\\g+\\h\\Z\OvUaO[p\@<\ZNw$(B\M#s\4x}\B\\[L\\\E<5\\\<O8Psq|b2\v\\\Kk>\\\vVFY.\zd\m\\rATr)|w\\\\6hG+:L?\#\0&T\n%\\"OVr(\}_\?a\8]\'?$PR_\Po\3,?w\nJ\\l\^\\@T\\\\\~\r5\LER3\Ht|g5	}B\\<6	!B!8B!\\\H-\ \"nJ[\KW\~O M\\^q(~\Yf\rGkX\P\K\`\#	\GI-\d_a&]\>\\\\r_j\j\\B~!\\\N{\j\\\m\\\\\\\0\0 \0IDAT<w\]8Os\rb\\6J\K{2.-\\\Em\KR\{\Ka\L^\><\Z\\{\n\Qs\r\\woR\\\\[\V\-\NR_C?\Fo6\\\\\zr\\k\\Z\\R!B!gT\0!B!\{	Q\\uzti\\\\;\"9*a\m=:]\m\\\>\\\\].\\V=z\a\'<S\G\\mD\O\\\=+ys\\\\h*f\r\\v\fNs<\B0@j\^>3\\	:\'>\3kj\hlk{ls\)\\M\\\\v\-Hw8X\V\',6\\\(\\\?\\s+?!5`\>\\{:T\\\\Z7(\\/`32;yH/\\\pS3k\\l0 /#ce:i\R\\)\2\\V\B!B\N*B!\=BC/\"m+\\7\\piS\ik\&\\\r_\ZNA]Y[x\xIJd\"CDzT({\0\\\\\7t\n\\)7\\yaD\W\\'\\\6k>k7%u4)-\\\Krd\":=bfQJk\nh[]\\\3o\b\<}xb\\\2UY<\*>[\^\\be\.\\o%\?F\ \ZC#\ey\-\$Jc?\\;\_\[\kW?#V:l>\n\F\ZM,L[\6j\O\\\G3\l!B!y$\0B!B\J\\'\\\3o\\\]))e\\\;t2FX\Zoo^|\\\\\yy\\Xf\6\*9V\7\\OEkp\\\I\`\O;r3Y.}$0(F\ )$\_\\E7\\?\'~|\}U%\z\0\ir\+\+>+}\\V`Yx\\'8&v\.J}\rM(\{\\)1\H\\b\{\57\3\E\r\\\r\h1E|\Z\d`5Uk-qI\r]g>\\rF=\qQ\Qpx\]Q)\>/\f~B!BTO>\3=-B!BFfl\`\ZM\d\\85rg,v:\'KD@\\\Hfy\r)o\u\kW\\.f:C#F\U\k)\\	{p\q,\J%,\\<`oABH\jPk\\\s;\@vd`jZ>\;a\ZR6\KQ\{	`xL_\8\"K\lVZ\\Z9XudG\ZOo{{\\\rbt\@VP(	\h\\n\\_\\\',@~G&`yp\<y\\\.\#\rf-\\n\\\o\\`\=-msF\_\>L|p$\l\\\Sxm\y\\!B!\+NgK\9\\\Af\0!B!;O\/+\\MnMc1.!p\Ol\\\i\\\M<l>\#\,\$G%5\ w-|\\\\3\\\;lz\n=JZ\WoWEjqV^<pL\u\\[[\gy{bkK]:`^Z\0\a:AvsKEB\~#\\\lyx>o_>:Ws\PQz\MO2wV3i+;\]K36gV}\\`t|2\R)cUVjO[\y\>FoOB!B\0!B!\)t~<<F\,}\z\j>2	Z\\l\;\\\6+\\q?\G;\\p:\g?@o+3e\hjFP\x\\Wh\Z\*z\Tb#\0\m4\\m|Vf\\tV\Xb\|.pQc\\=,M\aY)k\\C[\>\r06~\0&\e\0DsWcZz\:bPD1a(J\<\<6\'/\_\\\\N\\mgY \\ih\\Zf\rDO\0_\YIyCu\\\\\vB!BsGf\0!B!D\'*\rS\\;_\\\3\lG\\I|;WLHH\4\r\{{Z,&[1\b1p4\\9qbr|<x?U=;]N+ya,\n\\C\\X\"/]y:\'1\j\\.\]\/C\9<&P(\{ \~	)U%U<\}\[\fAPr\W3&n\=\$\"\'\[P(5V\n3x\'$\+\e\\B2j\n\\?\\|wO\nB4]1\\\\7qKm\m[YoM$f5\-;5@Ak\\\W\sB!BzdB!Bt#\O$)$Fs3%\rU8;	C];V7\\\\=5V3}\"C:=z\~xl2Y\l\9\DB@t@/acv\ZM\\/\/a}V*:Y\yl9\F^u1\jy`eW~5--\Y\}I\l!{/\\w#e4[Lg*\il<W\\7/Jxh\\9\\!r\G\\\lW\\hx}\Rs\rZ\;]\\W\\\\\}FGYnmOKJHB\'\AD(*v\\\E9vG`X\;$\	I@@~k<i\5\$\4yt\";Rv\/D\\	<0Js\i\(\\\t9\\0\\|[f2\~\R\tC[\oz\Z\xj\\r\\g\q\ADDDDD\31\\v\\?ONia9[\H\\7\dN\Z/\\=][>RZ~|1zM;pi\\e>[#%\3\!\\V`8x\d6\\<Rxn\G1T\r:\xp7u\`\{o\j\\\[\\\.\FAto.}\\Z^;\Kf0y\\\\cBK5\\\\XoCu\)!	%7\\?iG\kOV|\Y\|g__R3I\\\\guX}xl\Dn\3\Z\\\\I\}\Y\\_p &\\r\lH\\Q\\C\\Pu4XDDDDD\8\"CpV\Wt9Pj5E|n>&O\\\uu\\"y\1\j{skKl>\\F0y\\\\H\F\_\\u(G\0\Zn/ew\Co$\"(F{\m\\0H\BU\=?o_IjA&_\6(k(\n{%\%q!\\\\;\\\7AqE)v\\U=Q?4\l]\=\r#7s&2[\n\d4\ *W.w\\c\a|1T{\dAD}\\B\\\,`?+\\\\\[\T\\Y\Z\Z9d\&>^1gG\\\\\~D;l\D\\\I\\R\"\nEDDDDD\2j-\"\"\"\"\"rL\F\FVVu-<\EfN\Nr\A\e0m|j\\xxv\\NYKfq.kR\!!Qtiql8i;u\:\ZE\\9\\qTNHBX=.\2F\N?{s\o%\"0)1aD<CZh0\vy\{\\nBz!\*Y\Y\\'u~hVUR}\jM$\)[<\j\'x\&$\;}%_[u~X,WuJ\\F8\\\"m\zF}i+\r\1wYG\+7|>}4N\\\f|x\\\\8\9vep\.\B\"f/p? Zt\AWZC\s/6qM3\Z\I\$E7``RWY\IQe).\0`\*fQ\	I5B\\^\\u<\I/\a\\MtJhABX-c\6)vc_v\nsw&\"0\\r[^c\\%qe!\\\J&L}\s\\\j3w=\'Db\ZETU\\p`w\O5-e)\%U\ldpy5\\\[/]}F\<I\x<\Yve%W[\\	Ts\\o\Pngs\Y3}\|\\B\\\\#\\\pI\Al`C=sI\V=\0\\\_@\>{\t\Ox@p\\\\K\\GLk<:]~\nP+[\Kx`\"\"\"\"\"\"r\0\}\m\5aY&J*\Y{YG\\\\KrN\Z\\i\a\~b\\E8\\gf\rJXN	-qd}.l{m\"- 36.$\o%\/\00a\$Y?\\2\\T:l\\6l\\\yq4d$SiW\d\\\F? @D\\\_=veG\Mj{tqTk\l`|\\\\7\-\``]\[\mm\\Bza6>5kw:t\(,cG\~K:\r \\ZJ_\0~\\\=\GKg\C\\\\i[)No7,\\/&]w[?*JNm\\ac[\~]y\Z6\\<\Z\\\\0urXDDDDDDN`Q	tKl\\d//1\)9_Or^:\\d~r\Y)+~\\%SZ\\"\AahR{%[3jVl\':(Q~g	:&\\Z<9\;^6lC^y!s FiNq>1!tJH\"6$\\6Wnc$\ZG\\8E\?\'\%\{\(*/\h\J.lW/\M\Q 2F\\\d\\\\,@\\0n9w,^\B\//\_\gvg\Eg__kdGf2a\P>\I,>\\\.)\]0\4\\m[9\nEDDDDDF\B\"5h\:\\n2I\\P\txZ\3m\\\X\XR[m~7hEx`0uit\"?n_y%\\/G\\\\M\l[C\C\\xx\\\Ys\rG\>\\$5?@\\0j9wD+\r[)m\\J\s?\q\\\yi4\\\Bv\q[Z\4 (F\r\\\KmDlP8N7~Aj~!\0\\{\", \\U\Z4\#\J\r+J\n\\\SV\\\g\c2\\\"g\"\06\sm9Q\n\\;I\Kg\|5a\0#\ri;-\\\g\r@lp8\Xo#	-\\\\\rM\{Y\l\%Zt\h4pOk}\\J\LzA\` \"(\LfA\/_Cyg\\\OZ\\L\\9fq\-wdWf9k\\{\#< ;Wxz*NBD$\\\\3^goN\Z>\k7/&Q8\.\`\\X{m\90\/_\\, kSQ?$\&\\Z{\BDDDDDD\yh\\ruoR\0,\"\"\"\"\"r\ny<F\0v\`0\\	<>d<T\)M&x\\\\>Z.Ar\|?Ww\:be6\+\Oug}\Nn9f1\SZY\\Bc0 \\\\/>\6*\5OU7\S#n\x\yq\Zu\0\\\\d>o\\LY=3\\yt&]F\5s4g\nrj~QX@0\\\}+>qMz\BDDDDDDk~Cf0\y;W\yi\Ew\umqVXo#\|\\OHx%\\9|\G~-\HIZos\\\?, kz\\rr\gI\9Xk]:^TQj/\\t,F~f_~Z|1<3>X:\>)\\\s}\\|y1\\\_vd_\AE\'T]\p`7~.\\\=FiT&2\e]\m.\<\{1w*\^U\\\\fQ	\nEDDDDD\0bm\V\^-_[^\q\i6l\x\+-\\c\2\.:%$^#^$c;\\\\'%\'/\M\Hn\=Fqd\`aDN\`\\C\<2j:\'\^\"-\@\l41ew:\'$\z6[\u((qf\\a\]\c\e.6[I\K\'68yc\tJ\0?Z\o\s\o`x>F*v\\\\\\_d_\Z\\Ef8\vK\\W<bs\\c\}\\<A\;\\\\U~\\\\5a\0OZw#\\ra|\\$\$rQ\\#_k\\rK\\;[`p|xN\\\-DYC	h0VmKk}hf\\\\k\q\0C[\\~_PV\)\\LV\\\x\(,#$r[%\u\d\\\0\Z\u\%a\r\\\\Y:\k\[ZP\{:[\\K\\h4_V\~\\:\\\E\qIV:\+\\\\u|d\\N\%\7\~G:X\\\rppcQDYC\1\8\n\\91m\V\\M	\\k8ba0\5cE\\O\Z73\\o\D\\1Mo\_:\RZ^TumY \/`@\;2y{|i1Y\y\*0tl_p#\\Z\`\a\\\<Q>f7s\Ze\dvZMX@p\EDDDDD\\e(++so9!q\]e\U`k3h\\|\k$Ex\:\v\8*K\mxjD7lCx@J\\/I\N\l\f]\7jC5?+36-\et\"\\\1>\\\\\\\v#+i;uv2\9\\kEd\\|g%o\\vb4\ZY\\\\\\)\xd\M\\\gs1s\szt\95jn\Zu\	\r:`\s\^\\r}\\\m\&.\k]:1i\\v\X\F\09LS^]\U|\>13Mo\B.w\Xw#vd\ul8` :8.-h_-\5]\\E%\6n\Bve9cn6\CAY\!\\J\-\#Zt{\\}\0\++\n_;\0\0 \0IDAT6+\El#a\L_7o\?\-{\zODDDDDDN\ZDDDDD\4\U?\%\\c\\\}nOruU\/@5^\\1WVgsuw\S\n=\\"\"\5\DnY;23}\>_7~[`\r \/ Z\oF\\V\h}\"J++\\}?\i\\(\"[9v&\m\7\N\'	ac2\Z(W2e\\sRRY\\\X,>D\\e\4*Y\Yk2\\'\"\"\"\"\"\"g/\"\"\"\"\"\"A_@\\*\ya\toqfV>\\6\Uk\\\\\Ex`\kRr{\3y|\[<7\Sn\9qd}by\;EwpZoX=\((E9lM\\\s\8\"a\\'20 \@}0\Z\NNEe\]R\_\f0Y|A\\6ip\\x(,\@A36-\\U]\\>\dElCqZt\_\\)<j\_\\\\&\Y\}\o|YDDDDDDj\0XDDDDD\4\r\\\n\E|5;RX{m`\\WIZ\83m++Jy||=\Zwm.-\V=UOJl\l\\\\\N!%7dYGqi!J\\#kL\B#\"><FiODbB_r\rv$y+nd\\\G\\2\b\0<\6z4n\ss\No\O\\MG/7[Lvq%\"\"\"\"\"\"7\0XDDDDD\4;\0X{7~y|^\\\gl\]\=\\\S\0-gUD}?\\7%\7n\r[a+\7eJ\m;*)Up0LfUR@~y1\n*v\n7&	A~i\r%68QF\g\\\\\:\\r6m36-f\\\WV\\sK\_\0_K:W<:q*L\/\\i\|p%j-\"\"\"\"\"w\0XDDDDD\4z%0*\r\\'<\\$ \c\r\s\P?4\[2aU\z \\J\\\z`7%y\\:k\r\.\\'$\wiV;I1\r$\Sm\x\=lN;%\*\//am\v~9;WWt\N?K;v\h0\{\e`*\\yu\q\\\'\\d\\?-l0!\"\"\"\"\"\"?\nEDDDDDNHk\N;o.\\&;z\"oKO\\V=\\\\0(W\kl<-O\\\\qMxk?[3n>\cI\N\\T\X%Aa4NId}\\KHb#\L?&c\a\\\QIqE]Z@fI>E9dIr^\q9u\gO\U\\\`8p\i\E{\B?#.,^\si_o%\"\"\"\"\"\"rR\0,\"\"\"\"\"r\Z\V@^i!|2\\\i\06>{J[EwV,\rZo{kG\\KXLF#[\%qE\8\yR\x\-\\'$e{7\~|\|L\&3VB`2qy\\T8l\\)(\\r\p9q**v\N;S<\vT{\q[f{~3\\:=a4\\\W<B\]hl\]q\hA\JDDDDDD\,\0XDDDDD\4hQ<x*Jq\$]\{\V-:N\Zn\\XE&\\0t\\p`{u~\=g\7 \0\\kLS\C\F\\TPGfQ!\\0#\\\e\o9t6>47.xvd\\\-\\\e<2\n\qADDDDDD\.Fo\"\"\"\"\"\"r\b\	KVIw}*S3H>z\V\K%r\\rU\tJ+Jj\ZG\\\0i\M5\_r{%\x\Z1\r}\?\\0q\$\c*{f\e\\l\\\>\\\C\'2H\\3Knie\\t(\09\r}HVV\\\gpW\\\-9\n\{1a<\3nqd}C_	\:mI8=\\W\?m[[\z\H7\\\>\v0\\{69\\q\\@?\Z\\8>Zt\RK\q;>\	\:o\g=ru\\\"\\\}\\!>\[\0V\\0E%z+;\y>vd\y\{N$\3e7C\\[h\w\$~U4\x\i \\'<G\\rF<O\9|;\Kj<\wFam\\ai\.`M/0\'\\\W	\\gH~[\\'\\\Y\@v\\;c2\n^TQJ\Pl@LP8/\AT|U0}yr<4\Zve2\9\mY6\\DDDDDDD\R\'RDDDDDD\\\Oz1\4&~kRsK4VBC-~X\*L,oU\\`\\3#n\k .$\0\\m\b\<\\\\]\~S&\"\y)Imi(|3AkJZB\[`\\\\\\|\D2\qvf`sjl\r`dX\\0\g\\w\\11\\'ipD8}y`5\;J6\\\/CJNeI{oe\"\"\"\"\"\"r:uCDDDDDD\`SB~\{+\\a]\6\|_\\\\)\~U7eEK|5!VV$ofy=n	h\>@j\?^=r\8wl\9i{\8Z	`\rCf5\[C9~Ht\Z\\\5syt\j\\\<b\\r\ckLv&V%c?e>e}E\o\)?b&((%8\]\--\o_((+\d4\\\r|v\cto\\Z\\nlok0\1f3\GH\\S\X\\5~h29K\\i\-5C\\\\`~#_wax\>5\ZF%Tt>\n{%;o\\q\P\mN\r1Mx<2q\`*\S5\Vm_LQECB\\\k\k\\\bhYF\\~\\%\\SuFq$E\'\ZM\\D\T[5c/;3W\.C8YJ\\n^\n_I\\\\GK\0\}\\\\|l?o_I\\QVYv\'T\;?\\/cK\>y2O:5\JEDDDDD\,\0XDDDDD\4	rU\jca[o\xX\{.j\rO\yl\DE\'\0\b|\]W\:}\k\\\\48\j1	cC\Z\V{C&#B0\ZS/8\\d\\\\\m;\5\\g\VtYd\\r\\yL6\\\p\W/2\{\Z\kc\\\e\Z&L}sa\\g\\\"\"\"\"\"\"\0XDDDDD\4\p\Zj\t\\"O1=\Z\\\qa~Uq\>{\\\\\?r\{\\\mw\_u?(}Mie9u\\\b|N\f0~\$fY\\ !f\\\\aT-7\\ZJ\AmvI>uu[Fr\\\\0\\i_K\\Qn$\08\\Z0\^\Y\\\\\\\e036-e]\l}<\M\\\DDDDDD\,\0XDDDDD\4\n\&\cx+=\R&\gC]75L6\\{q\\\s\\(It\"\rf\\\qY#Zt\\\\\zs~{Ur\	`S\-&3O5\\^g\q#h=ZYe\7R:\\ZB\&\\\\n\\]N\0\"C>tMF\4\\C|3\_:	=}skJ\!1\\`\lp\IG;\w\\\\\,\\\\	zz~ny	_n\3\?\\.W~4l\{\:`\\Z>]=n\`\O7Nd\\\\Z\VQK\01z[M5\`?\>\\dGv;\*\U{6h}\\e4||\\\_\f\%\"0F\ADf\)\09\B\\`=N\\e\9}w{1\LL\'\\a_N\Z\\k\\8\~qlC\>\ofq\|\m4\fDv{\\|p\\\iG6ttp$\#f\V\r@\NtPx\\ZpQ.G\\!,0(\{nGF2\2hq[\"!5\\\*hA\c\`\/_t?~WL\\R,&3\{\\\\=\`\\s+;\\Ix\tp7}/fo^B\\|w\7_\\63s.&,\\	P\\\f\+N6GqI|=awwi\u\L1N\0\GU{pz\\KbK.\6\~lp N]\iU,$\2g8\n\sxp|h4Qw4i;l\nvf2{:\{c0i]	_\\\v}\!~\\6\\hbD\>\}\8|dr9;(\09Cn\=;,.o\'\Dz\\e3),c[f2/\p[\#Y\>\;*&\ZIe9w\'Z\m\&3!RD|\GR=4*Z\k@\Q\'j\0[\\\\G\A3\ag\8\<\Zu2}?&N\\*\c{F2o,`\\\\\X\\\{_\0\\r[\\\K\\m\q3pma~^g3\\[\Z&\G^YSV}_uI\\;\\\\\=7O)-f\\\\+|j}9k20\3`F\{<_G_ =t\N\\#N$[&4}@A6\\Y<=\F\0\"C4V.\Ab\n\PM0\ \0-\<M\\\0@hC\'\rF#m\7g|\\\1\YrqL\i\n+J<\n\aTTq\y1\\h~f\\wwL\?`3(\/\@QE)\U\rs]_\\bH^,}\\\\*Xg][\6\!\	U\\[}\[ $=9i|b!\0n\3\h\`0`\r\d2\rj\}t^\\fO\u0bpnn#\\\SkhwW\\l!&4\S=?}h[VO\y!-zpM!to^mN1@\\\	\"\\0:\\7\\:\ee\re\ML-=.FhkdTc0\Z}\9\Bx\DYC\\B\	\\5\\n<v\\Z1dun\\\\\q<\\WW]\b\1AG\0.\\\woR\\Y@^D\\\2?\7)%\\0\\1\>+1,\^{[T.\'[\2{|M\\\x\\{z$\\n\z1\=p\\_?#kaB\nEDDDDD7T9aV_\pZp\\m\q)W\c/:g\6|n%8\\\g\\U4N\=h\lJ\w]\+ \\d5r\Q-3Jrh\Z~qr\S\03\\Ua$(Q\0$F\o\V30^{r\8>\0a5j\l\|a!\{\++Dp\yrk	\n\\\ryh\[\\\rz[~\\b\Z\\3j,\"\"\"\"\"O\0XDDDDD\/\c0U/z5j\\s>d\\d\r\l|\"\\n)\\Y{-o\3Ro\\VA,~\[9.\\\`@,u\r\\!`\b`RaMjk3rK\Up\\HT\\Gr|\gz}\5\N^Y1sj\\\$~G\n\rm|s3Vz4jCr^:7|<SW\\Z[LfB$\p}\\\ypYDDDDDDY\0\BLyWt9h\z6\\\\\'\\tor\f\=q1k\dfm\\\E\\\08\0\Q\-\\C\uAy1Z\\\q1{\0v\n^\<f:s\"\<\\n+JX%6b\&\\\O\ZLfz7\Uqq\((\\_>\\\\my#$\\,*6\Z\9%Z\\\m(\09&:\\'\.z\"8e6h\Z\\\\\\mj\\.\uY\G\\_w\_\a\IiT<A~bep\uz-\'zN;\z\V\\r#\@\C\"!;\\}ddSR@\Sk\J\\\'\PfmZ\S?}=5N&DB\0V\0\Hx@0QaE\g%\o\0>~O\\g{Q\0,\"\"\"\"\"r1DYC\.)7@\\\\r((\i\a\\t`s\p\\8\.\vR[9\y\\N!8\\B~\/\\>q\y2]_\\\e3H\\\~\\*\y\\Z\YK\ \\0\.6\Lj~V\\xg\ZIg\\0\.\n9\x<P\\04u\\YkmwO\Bbx=\>\\\L:\g~x=\\5e`RW&iT<>~\PVVvj~\,\"\"\"\"\"\"g\\t\\Z\g=s?4gl\\\\ym\5! \6.b\,	\>Z-A_ ;Rqa\P^,[tv\\'O0m\\OhzRT^\\ S\d{l.\#>,\[\gfn\\H\\S\\k\I\8\s:a\CP\0,\"\"\"\"\"\\fM\3\00\ZMF3\\05\j\"!\*e+/\\\k\$\NNh\ZG\ZCLP8\nZLjN\-_s\nl0IG\x\!\\ZJrn> $\oz|t\=&\\\\"\"\"\"\"\"7\0XDDDDDDN\\C\V`\WqI4\b2d\F_0M)\\-+\\<N,&3\P\$$\+8Y\'\N{rY\7j\o\\ft\\WDDDDO\0\0 \0IDATDDY\0\)7s\"\\K\0H\\7\4\@_\0\fUs\r\\HYeY][\@\\\\3ZtSB,1g\\n2rj3\{\<>dB\?`9\\./.\>\^`\4\\\|((/! \6\g]U\\B\c8w\OXBW2e\|b6{\((s}Fm\\\'FDDDDDDy\0\i_^\\S\o\\ry4%, k\GV\'o&\\2\\n\vLF!V\C\-WwI]1LX=w\\vX}ye\2o\\"\"\"\"\"\"\0XDDDDDDN-\{\z+\\rZq;z5nG-\n\'8ui;Y\vn\q<kY\>4m\\\\5sb:&$NqeS,yKl`If\O-yV*\"\"\"\"\"\"0\nEDDDDD\b\<n9\'pr\h4\g%\\ZJFm\i \kR\3Y{-swaM\6*l\Wvh\\I?L\\k\`\r2((\y!\ew@xo\"\"\"\"\"\"\0XDDDDDDNRnEflZ\s_|9e\MFm!\/@*\6\`yf\\\\\d\l\T8lT8lT:\8N\\,F_ff\>Y|[B:\\'AD\\l4as:(,\Y\o7/& \\b2\Xo\"\"\"\"\"\"\0XDDDDDDN6rgOY\\:!-b\Z\4:f4QDQ\0\.E(\&(|r)(/\Jl\\*(WR\cw9px<\1\ZXL|Lf|\,\\Go\0A~\o%( \DY\r 68@_\0*\6R2\\\Te=k?[2\*\q[fr\cDYC\?\\\nEDDDDDG\6\\{4O\\bW.u;\Rc0\\\O?AkF\\hUu&:8\\\\tbw9p]8].nn\\\`41bd4\`\l2b61MXLf,&3&\9\\N\e`\\Z6\;\\2J\T\p9\NN=G\TDDDDDD\OQ\0,\"\"\"\"\"\h\\\\kXg#S\\Pj+\9XoS`E\\$\"\1DR/8Hk(aAc2Fex`w98<nN\'\\]R@fqiY\/\do\As\9=[\\"\"\"\"\"\"=\\\\NVzFf|,|M|\\#\0\\\\vR\\p\>{k\\'\TDDDDDD\\ZDDDDDD\e\?g\\\FND`/S1\nEDDDDD\0\\\].`\\||N\3\d0LLP8=yt\"vw\\.(9Bk\0?w{\\ZV*\"\"\"\"\"\"r\(\0*f\\\m\ie4h!z1yW:\' \\\!$%62g\r\\\\MnY\1<\u\=G`19,\"\"\"\"\"\"5V\O\$p_\\h:f}\yc\|a\h\`\s.\\\\\\\\\DDDDDD93\0H\<o3\^\`0\ge@.<=F\Z\V\\\y<y3\\\\O?{\\V;,\"\"\"\"\"\"`9\.\\7.N\Z\\\0&u\\l\\\\\G\U\RR: \!Z1.G	9\"\\,\ee\imABvLBe:fV\J+\"\nT\$1Bp<\6S^~?bi$\su\\\k\}\\\={\C/\|i.\r}BDTsA\?X|t\\$3\0\0\%\0\0\0\~?\k\/	\'D;\\Z\q\\O\B-\\\q3_=_)\o\o\\(>W\yWp\\}w\0\0\0\E\0\0\0\C\\}\?\ey\\\\?\8\\a\\{=1p\w*JY<\++}\\-kOw\\0\0\0@\0\0\0\\\\\\\r\O:mq\bi\e\Y<\BM_\qh\\\\b|G\\?\x\O\\E\1\'\\q\\q\^\3\\\9#~\\H<\0\0\0F\0\0\0`\\/\g\}?>\^\~#\x\iQ}\\\\\k\?w\o\\n}o\co,\\7\\\7\Z\\gq\	\'\)\Sc\\qov\\U\\~\\Bo\r\0\0\09\0\0\0\0\0\0Rb*\0\0\0\0\0\0H	`\0\0\0\0\0\0\0\0\0\0\0\0\0H	`\0\0\0\0\0\0\0\0\0\0\0\0\0H	`\0\0\0\0\0\0\0\0\0\0\0\0\0H	`\0\0\0\0\0\0\0\0\0\0\0\0\0H	`\0\0\0\0\0\0\0\0\0\0\0\0\0H	`\0\0\0\0\0\0\0\0\0\0\0\0\0H	`\0\0\0\0\0\0\0\0\0\0\0\0\0H	`\0\0\0\0\0\0\0\0\0\0\0\0\0H	`\0\0\0\0\0\0\0\0\0\0\0\0\0H	`\0\0\0\0\0\0\0\0\0\0\0\0\0H	`\0\0\0\0\0\0\0\0\0\0\0\0\0H	`\0\0\0\0\0\0\0\0\0\0\0\0\0H	`\0\0\0\0\0\0\0\0\0\0\0\0\0H	`\0\0\0\0\0\0\0\0\0\0\0\0\0H	`\0\0\0\0\0\0\0\0\0\0\0\0\0H	`\0\0\0\0\0\0\0\0\0\0\0\0\0H	`\0\0\0\0\0\0\0\0\0\0\0\0\0H	`\0Hl6[(\0\0\0\0\0)B\0\\\?p\+s\\X\".. \\'|2^~\o_&{\9\DEEE\L\\\CEwwP%K>\ .]\Zc\D{wYfDZ{{{455\=X\\\Z\\\~7\o#\\\\\\\\{\Xb\\w\\\0F\0\0\K/s\9y3V^\\\xF\\\\vo555\\\r=z4-[\cj\\Z]K\\\\f\_~9\\\L9}\\pc\{DxFy_\\=\d2\\\\x\;\\.\\\13r\0L`\0%\\K/\<L<\#f`|XlY\\|\2nuOCC\+6l7p100+W\n(n\li\\\\r)%/\}{?W[n%=:\"m{o1x\sg_>>\\'\\\kx\e28b\\NZ\#\\LD7[$7\ZUUUyaf\d2#iSd2A\<zzz+\\\	\\J|\\k\&\~\} \00`oc1\uww\]|yl\\'\FD\\z\C\\\_t7\"b\\\SO\\^fM*MfBYa\n;\Sr\\C\\0\\\m\766Fo\S\\j\F[dI|\c+WN\\URq\]w\#R:5\#\Vha\KZ\Zz=e\s\\o1a\\y?gu\\~\} \00Q\\7\tSw1^bEl\\0\\7VSS7n\;/9\c}t\\0@\S555v\e:L&\\{,\GOOO\\0|kkk,[,\Fwww,[,}100/2o\"\+r\\\L&3A\\'|2\'f\=\l\Q\)\\\6m{\w(\Nc\\\^3\mg>b\=`y\7r\F\Aq:::\\nU\l6\\S([S\\"\0\\\?b\\^z)\Jg?C\Q]]uuu9\'>5\=X6\;O>94&_R0uk9\Y*_\Wb\\C6_eee477\\\x\g\\0~\s#\X\n\\\k\e\8Ll\\fNz10y\9i\\O\Ka<L&SoS\2\0@mnn;vD{{\Z7V\\yw\\\I\\\\3\\\immmy3y}\yPr\\:9UUU\\\:\;v{MZ577u\+vwMy6\\}\\sy\M7\\\\6z<0}cMMMZj\c\\\{\-\i\\\0\`\0\[o5owq\W\\\\\=X\\x7n\?xpIK-Z(1\hI]vYb\\***-\8v\X\\x\}\\\&Z\g\Ks\z{{\'\\\\3\<V__sl\-\_=\;t\e\_}\\\\O<\\v\mQWWWsAEEE\w\}\\\K.\\$\6z<0UWW>\ZO=T|\\q\\\y-F)\0D\0`\kW555#?KEEE455\\_7n\Y*v\qDSSS\8x`N\w\bUTTDCCClLbg0*i\Y\VYYqH\\\n\0\'\\\>T]]\\\q\\&\\u2}\\6z<0[UVV/x\\7\\0?\#\~	\00^`N\fnp6mR\\*\Gs\\)i\0w\K//R\\_2I\\\f\J*.L\;^\+eBd\)^}}}\K/_\l\o\\\\\I\\q\K.I\?\J\\"n\\}~\\c5=(L<&kL\\\\\7\6z\x\=\n\~XQge\8OSV\\}fJ[>\\\^wz\e2^\f\56y2\\08f\00\'\\l\\\[\\\\bN\\\\s\=w\zjNzCCC\\\E\\O\\\\\\>\q\j\\g}v]6\|b}\\'\k\Z~8\\\K/-\\f\\\~8q\\\#\sO{\MN7\xc,[,\\'>Z6\>1\s\\\r7x\\1K\\\\\\\9Q\g\r\%K.\\+\u\b\~5z\rofK3Gusss\9>\'pbGYhll\Yb7)\>?qMr]dI\\]NpY\k_Z\\\\#\ltuu\m7WXW^y\-:\st=\?\d\\gM/\\_^\5\6z\{\3dLA]	\\w\q\WlOOOtuu}..]Zt\\\\'|2^~\|\Bmmm444LH]0\\=h^\'<s3V^.ms\+\\3\,L&p3L\>X\SS&\\c\l\*\\\NV<\r?\c\{)\0\\\ne\s~777\=b}\S\{D\\\\k_\\\\\.k\cc\\\\\\	l[.\\<Gqo;\\\\\n-\\{\\\\X([\l<\aBY,_<nA\{K>wJy>\m\\*+1\v\\kz{{{|\E_%K\rJf+V\g>\}{\>+V/~y.\&\\\L4M\Zh,\zf2\q$?*++c]c	c%^R\r}00:(,Y$n\8v\XbS\R|^P>G\\\\\Xti\\\K,\^A	\m=o\\w-&n\b1\\\2Vz,\g\;\\+V\+F{zz\*,-_<6l\P0o\KG]w\uq\\}\7\3\v\Yg\\K;\X\L9m;\I/\l\|\E\o1[WT(E\uk\\\\9\\5\\)\fq\=\\\\9\l/-\\\8\\'M]&).T?\0 \~GD\/P(k\/^a	h\0\\VJ\_\/<\'{\_6m*y`PGGG\\N\+K\Z\'\ko\\\"\"V^\rKQ\"\f\\\R\\0J\uuu\\\:w\8t\k\\\Wk\kVNy\\+WF&)h_|qNZGGG\\\.\\:*V9\j\l\q\y\#Gb\3\<31\SlY\\\{ww.	Yjy\\\\\\neMT\\\8\\wammm\6\mh7o\~\?\\nDm)>O,]]]f\x\_hhh(,uww\G>3YWWW\\T\c\\BYs<\Q[[[\m[\\y\S\_Bwww\=fE\=f\"\_eYu.\$367\\\\\[ZZ\nc\0\00\\\<\\||;EuuuI?\wfWkme\rep\0%i\Xzu\PY\r\\\>`l\\\+W,\sz{{J\\?1h\NZkk\\|+us8w{;s4=ey\#iVt9v\\]\9JR\mg_f\Ff\\\'\Sg$\\\\c\}Y\\\\$>\l\b\v\m&\t\\BYmq<_\\\e%M>INm\\Kn3\6\2\\\QJ:\0@y\\?\'y\1q|`/\Pp}\kw\\\;x\\w3\nI:vu\~\\.\\\8\sk/\[nM<L&\@\;\3\\\\?q\S\m\OX//Pjjj\}\{_\\\\\#\8\w\\r.\Z1`t\yZ\\____A\e\\555|XhQ~\QQQL&S\)\-linn\.,.\\q|\{\:aKI\>\H,O\D4\\x<x0\'mt\r\z\\\=n\\Z/Zz#\\G\\\Oy.\??\\9{j&\\\O\;o\v\\WhiiT\1\{\\O28455\\\~tyq\X~Y\\rIb?cXvmCm\\c9\Nccc\\hhhq7\/3Ueee\=}MMM466\;\\XpaTTT\\\;\Nbv\7<p\'|r,X 8x\\\\\\\E\\u\U9g\k=\\P\x$\\\\c\\\5~&=1S\6yR9\0\0 \0IDATl9VZ5\\0&\0\\D/8W^ye\G>T\ckkk\'$8\c=Ysss\|\ym[\?,XZ6.\'=\=\^\Z\rKm\\56/q\0>\\s\q\UW%=W]]=\\J-\\pB\\\J\n.L\\[.nr| \\?ot\SI{\r~\e]7.;IhM\RSS3!\)\P\\J\sNb\6\e9iu\6-eKd2x\g\Z/}\K\[n\	\\?\u\]+d\gMMMl9\Z+\"n\gs1Um\~\f0\\\V\\\Yuuu\\\^x]^|6!\\\\?\d2\c-JEEE]6v\\q\UW%\\\hjj3\<3\\\\0\ss\wGkkk|\N|`:\Z\Z\Z\\}oN\\\0W}}}\z\9\}\\O\Or6y\\'\\"\\\Yoood2\\s\2+$9|pNZkkkl%\'}]6b77\L\gJ<\04\0L\2\\M\l\\\\\\\6\keee444$\\\<9_SSm\UUUK\\r\zY	c\r\r\r?Q\k;\cXn]Nw\mmm9i;v\3\\9\\-:Z%;|\\~,\9\\\\\fnJs&u\\n\MvYd\\n]Q6ZZZ\n\#i?\8>>V*\\3\\\\\;a\\O\OZg\\\{\\'\\\\UUU\[s\M*cMMMlQWWWO\kb\\\\R_>\'RKmmm-[\n\\xp\\c\\17x$-\\hI\\\pbr\~yO\;_	o6y~\0\0\#\0THZj\d2\\Xqc\\\\\\K100w\b\\\\\\U\l,e`\G\\hk&1pI3\'l\\?7\\'-\}(1\J\,\@tvv\\'^\\k\>\Q{y&Z?UTT$\2A\\\hnn\I\k3\fR?YJ]\n\\e\<\s?h\aRS\N=n\Z\g&-K\\\>\Jj;::\\\<\={F\\\O\R\\gJ<\0\0`Y3}R\9i\+L\XL\Z\J4X\s\%\-V\Rn.4xJb!q|x|\+]|e/1TW\\qENZwww\O<{9{Fgggtvv]\nn!W\'555E(koo/jP~\T\\1\\'Z\\\\\\UW]U(\.\rGDz\9if\OZ\*)p\3\\<85]&c\\nea%\LEp\"Z[[s\y\\X\O\I[fMtuu%\/\L\gB<Y\0\0IA~:\'\@b\b%\r\\\<AR+$kJ]7\,\n@\$.,eH\,\|T\$\Mb\Lo\\9\9W\\X6m\WW\rb\s\\1x\\0\%\\R(\SQ\\\hkk@@RlIJ=\\syI\_\@\L3S\R\\\\RUU\Om)\\sJTi:W\ZHZyUQf&=X7\\'\o\e\Nu<Y\0{[\06\\\9{6M\\O\&I,XXIo~E\OW^y%\'\\5+s&z\;\Q(RkR\x]u\U9\q=9{%!K\sv,snN\\\\K\n:*eP>,_s\5\\X6m\6m+VU\\\{W\g(\Am\g)4\l)duq\\\_|1\)^y\x\7Jz0ao9\\\WG_B.\'\f\K/C\"\DD}R\\\\_|1<GCM\B^HZi`\\\FMM#\\\Xn\\\\LvwwGwww,Y$>\+N3	md\0\0\O\09gJ\\\T\\0thBYR)i&Iooog\\\\_}}}]\\0l\y3AEEE\y\q\u\\\rvttDGGG,Y$6l\\\*\ N\o\\'gj],GWWWOx*bM9m[l-/_6l.\\\m+u\\f\\;%\\{a\9K\\\\	\0\'mQ\\!v\w\\\\\\M6\).\fj;\m\\=\0\0% \"<X(KI^{\BYf|DX&O\;\'\\/<b\\3\<3\\{\\\S\^Yhmm\\z\\o9,WUU\}\[n3\\kWYK^o\\|\R>g+\\\\:\Z\'<;.x\\\\\G>Ek\r6LIw6JZ\\o\\_\\.uv\k:;w\\\.<ohs9\7;\\\l0Q=zP)Wh@X3o-&MM7o\<3L\`Ks\\5Y\j\L&\l6z(l\MMM\2ksO>\\\}}}#\"6l\---S\Z|~rc\*\\\\\)\\\\\\[_o\;2mzzzA\\\\}{zzF\X\>6z\\\\,uwwGmmmtvvo:\BC\r\0if	h\0e&c```B\\fg|\T\yj9\LQ\W\D)_s\\\YA\GZHwq<YWW38\"uBAsn\F\U%\\\\]v4\K/4=t\'\|N/\d\[[[ce1oQb,Fmmm\\\7\<H\k=\Z\Gwuu\\\"C\O}\S3g+F\\\Dccc\\|\QQQ\\\;YxlZZ*g\s\O\3+!\Z\Z\Z/xe;\"b\\_*\i\C\0 \0\\'dy\L&^\n2fz8O*-X`Fhll\@.q\YA,WTT\rpg2{wb\07\/FKKK\k2\a>\\\3W\L&8w\q\+T\\\Xvm\\s\5\db;wFCC%zw\&\\\\[!m\\\\o}D\\\Iy@\\\Q]]Vz*\\\XfM\\r\%E=\7\o9\j\0ig	h\0\\\\\\\I[n\M\9X~zN\t\IZ&S\;\\J*oH\;.\'x\"\\\\\\Z\\\\L)q\wD&INc\|*F\{\Z\0.)\K?9>I3!\\\}\\\|QWW7nMMMN\{l\\g?\>l,3J[n-*[N}\\\_z<\S9\\=7Ieee455\{cyB&\&\0c\0`NZjUNZwww\;1\\/\I\\\J\[s\=71/1}*$-\\O\\\p\kI3e\ip\\p\\9yn\Zppsn\V3,WWW\}\\^I\0i|Jic\eV-+;\\?q,eihh{\\'\'\|\w\|\l\\g\}(1\h?\eIg\`z1\fTTT\k.\':h_m2\00`\0\\k)Gx\v\m9\3z\}\{s\v\\9\\\\\'\o\\S!_@o,B[.1/I;w\\;@5]H\l\0W\\l5\rZT7o\G+U>~r|\xO>91\p\l6\\B\\V]]Sd\>,Y$\'-I)ec&\\W___\^sE24z\\z n]r\%9i\\\'w2_m2\00`\0\\~\+W,9x\\\+WL\\nJ<f6\0\6A\r6\uww\'\(\hI3w\uWQ2<)hRjY\nuuu\\0\\6-R\\zDMM,sn\FSQ\	&\+9i\\K\[K&\\f6P\Z>gK\~rz\9iK\;>xd``r3z	\\\1)`W\(~O|\b\/|\Z1I=jK\Nc#=\\&\0c\0`\\\\n\pEmmm\@\[\'-3=mhii<\rDWWW\\{\9IOGD^:nk\k\'lUV%>I\W9{\\f\\}\k_K\;\\+,\q6o\q\-D}}}QArUUU%mK%<Q\R&,744\\W_\\nP\\[SSy)2?]fM%\\IKKKQ\\Z>gK\~r%\\f\\\C>G-v\\\\r_ _=kWbzDD&O|\%\\ i\w7)7\p;(i\\p\\\8p \o8^\\\L\C\0\m2\0@}6;w;w%K.\\;\\x\\\W^C\,k6\\sss\\{\y_m\\\\\\#:::bq\\\;\\o\p\\VTTD[[[\ \\_~\o=z\/Weeel9\'6`\\\\:+^x\\\\_L\\7\"\\[oMLg.\@\G\\/y\#G\\_L&W84woN\\\\\\\X|y,\\ph0\7_~9\xJMMM93+fx9[MEY\\\:\+V/0\8\C\"\\{\\\x\~\9\6m_|1\=\8\"g2\\Z>gK\~r\koo\ `f\\q\YgEEEE:t(^{\\WZv\0u.DD_>jkk\\Omx\x\7\\Ovonn\i\6l\/r\\\\y\W-\9\O:t\l\q\m[\\5%Q\\iiS,Y$\\\cEp\l6[\%\A?\&\0c\0`NDO\<\\\mmmbbUTT\=w\\\hoo5k\$^n`<\Z\Z\Z`}\\ep>UV%\nz\\\}}}9\7\c\xOT7g,b\\\\\'?\B\\n\[^J>\JcMmtZ\\V[[\Xf)J&q|\\_}\&\\k]v\\\\>-[,o\0\\RN}koo/x?7]oh<,\r7ukEcG\s\=\nL&\x455\\\nume\\ek\g:VYY7n,m{Fsss2\w\Kus6e&x\	\n7.$m\s\i\\'7\XV[u\\q\b577\WWW;KMMMY{N\\\iVWWX[[[\tuU\6\0H \0\0\zZZZ\"\$\Uu\\E|Kuuu<\%19\\\\>555e\rJ\\\===%\r\577G&{g]~\\\\^(18\\\^u\\\+m\VZt\\\\0\\l4Yey\e\[\(8T---\\\Uw\ZmP\Di+Nc?9\*++\(\\\\Dggg7y\@\`}kk[.}-\%\rlB\S-\\t\;\\\\^\6\0\\\00Luuu\q\q\7\\;\Ntww\'.\YSS/t\\q=\~\9\\Dx~z\***rK\,Ieee\q\gg\O}lnns\=7.\\<k}\}\8>x\9\\\_\{6z\\d2o|#^x^\\\ceE\:\"\\//}\K{`777\e]6b`\\O/\rW\`h\\/1\e}}},^xB\e)ne~\*\us<me)&^NFYniiz\\F=z4}\cU\\x\A]]]\w\oLZ5-[C\6f\gpP9\fmt9&>Mf?9r8^I\\\{UUU\q\\\\w\7\x#\u\K\\F|sQYY[lO~\d\\\Yv:\Zq\u/~\+\7555\\\/Pjhhr\\\F\\\'xbN\\\\L\e\\{\\d2q\\\\\Z\}\{n\oZx\\Q\'\'I:_^s\\1\\|{\{\m\SO=L&\v\//\'q?\&Z\o\0JsB6UL\0\r}.s\\\?\\4Y\tO6\gO\3n\VU\lQSa\\X\R>\\l\\m*\\d	\l6\\`\ZL\ub\LFI|\r)\00\?^xP\r$\0\0\0\0\0\0\00\"\0l`\0\0\0\0\0\0\0\0\0\0\0\0\0H	`\0\0\0\0\0\0\0\0\0\0\0\0\0H	`\0\0\0\0\0\0\0\0\0\0\0\0\0H	`\0\0\0\0\0\0\0\0\0\0\0\0\0H	`\0\0\0\0\0\0\0\0\0\0\0\0\0H	`\0\0\0\0\0\0\0\0\0\0\0\0\0H	`\0\0\0\0\0\0\0\0\0\0\0\0\0H	`\0\0\0\0\0\0\0\0\0\0\0\0\0H	`\0\0\0\0\0\0\0\0\0\0\0\0\0H	`\0\0\0\0\0\0\0\0\0\0\0\0\0H	`\0\0\0\0\0\0\0\0\0\0\0\0\0H	`\0\0\0\0\0\0\0\0\0\0\0\0\0H	`\0\0\0\0\0\0\0\0\0\0\0\0\0H	`\0\0\0\0\0\0\0\0\0\0\0\0\0H	`\0\0\0\0\0\0\0\0\0\0\0\0\0H	`\0\0\0\0\0\0\0\0\0\0\0\0\0H	`\0\0\0\0\0\0\0\0\0\0\0\0\0H	`\0\0\0\0\0\0\0\0\0\0\0\0\0H	`\0\0\0\0\0\0\0\0\0\0\0\0\0H	`\0\0\0\0\0\0\0\0\0\0\0\0\0H	`\0\0\0\0\0\0\0\0\0\0\0\0\0H	`\0\0\0\0\0\0\0\0\0\0\0\0\0H	`\0\0\0\0\0\0\0\0\0\0\0\0\0H	`\0\0\0\0\0\0\0\0\0\0\0\0\0H	`\0\0\0\0\0\0x[\0\0P7\xP\0Y\\SO-\0\0f3\0\0\0\0\0\0R\`\0\0&\BY\0\0fW_}P\0\0Q\\0\0\0\0\0\0\0H	`\0\0\0\0\0\0\0\0\0\0\0\0\0H	`\0\0\0\0\0\0\0\0\0\0\0\0\0H	`\0\0\0\0\0\0\0\0\0\0\0\0\0H	`\0\0\0\0\0\0\0\0\0\0\0\0\0H	`\0\0\0\0\0\0\0\0\0\0\0\0\0H	`\0\0\0\0\0\0\0\0\0\0\0\0\0H	`\0\0\0\0\0\0\0\0\0\0\0\0\0H	`\0\0\0\0\0\0\0\0\0\0\0\0\0H	`\0\0\0\0\0\0\0\0\0\0\0\0\0H	`\0\0\0\0\0\0\0\0\0\0\0\0\0H	`\0\0\0\0\0\0\0\0\0\0\0\0\0H	`\0\0\0\0\0\0\0\0\0\0\0\0\0H	`\0\0\0\0\0\0\0^\0\0 \0IDAT\0\0\0\0\0\0H	`\0\0\0\0\0\0\0\0\0\0\0\0\0H	`\0\0\0\0\0\0\0\0\0\0\0\0\0H	`\0\0\0\0\0\0\0\0\0\0\0\0\0H	`\0\0\0\0\0\0\0\0\0\0\0\0\0H	`\0\0\0\0\0\0x[\0\00\uvv\\0\\\X(\0\00\00M\04\0\0\0\0\0\0@J\0\0\0\0\0\0\0\00\0\0\0\0\0\0@J\0\0\0\0\0\0\0\00\0\0\0\0\0\0@J\0\0\0\0\0\0\0\00\0\0\0\0\0\0@J\0\0\0\0\0\0\0\00\0\0\0\0\0\0@J\0\0\0\0\0\0\0\00\0\0\0\0\0\0@J\0\0\0\0\0\0\0\00\0\0\0\0\0\0@J\0\0\0\0\0\0\0\00\0\0\0\0\0\0@J\0\0\0\0\0\0\0\00\0\0\0\0\0\0@J\0\0\0\0\0\0\0\00\0\0\0\0\0\0@J\0\0\0\0\0\0\0\00\0\0\0\0\0\0@J\0\0\0\0\0\0\0\00\0\0\0\0\0\0@J\0\0\0\0\0\0\0\00\0\0\Y?G6\\\\192\#h\\?\s$\0\0\0\03\00\0\00\Oc\G\\\B9\0\0\0a\V(\0\0V\;+F\'B\\0\0\0`2\0\0\0\0\0\0 %\\0\07\3\3qk\\?Z\N_\J\\y\7k\\l[8n~-/\[[\"bU?\\\0\0\0\03\00\0\0L_\ZW\g|3\"\"NyX\Lt\\D\-q\\\V|o\\X\\qRb\\\"\z`|\<r{4;S\\x\\wWFD\\0\0\0\00\0\0:1\v~:.W\>\Z</\6N*5\_>\Uq-Q{\`\7#\\//>?\\\\K\\\%Y>v\\"N\0\0\0\\0\00U\z&\#\\'+%>x\X\\\\]\'%\Z\~Z,zP~+\0\0\0\0H)3\0`|/\\".IZ\\\'\\wE\;/\i\'\\O3\M\0\0\0\0H3\0`\\r\\?\{_t|nOwi\0\0\0\0s\00\0\0\i|\q\Uwo\O[\3\>1r\\Bo\0\0\0,&\0\0\0ir\)%>\o\ps\q\\#\:Ll_1:T\M\0\0\0\0\0`R:?I\q8:?LtZzoW,ZvE\\<\Z~_D\\\\w\0\0\0`\0\0)r\y\g~\\\{30^z\}ye\\\\LX\\w\\g%\0\0\0\0\"\0\0\0S\\_D\\s\\<sd\ko~/\o\\Xtb\\^Tf|k\g\5H\\ j\>-\\8B\0\0\0\0I\V(\0\00qq[\zpe|\\\\\\_o{+^\;oF?\\6VV[(~\\\\-\\'\\Xc|\G<_w&T^-\n\0\0\03\0\0\\[~%/>%\q\\\`\W}\]\'\\_\](N9v0GNEXv|3\W/q\%>\S\#\`\3q8ia\0\0\0\0f\\\ne\0b\wP\Y3\Ze9/})SO=PV\0\0(\\?yDD\l\\f\0\0\0\0\0\0\0\00\0\0\0\0\0\0@J\0\0\0\0\0\0\0\00\0\0\0\0\0\0@J\0\0\0\0\0\0\0\00\0\0\0\0\0\0@J\0\0\0\0\0\0\0\00\0\0\0\0\0\0@J\0\0\0\0\0\0\0\00\0\0\0\0\0\0@J\0\0\0\0\0\0\0\00\0\0\0\0\0\0@J\0\0\0\0\0\0\0\00\0\0\0\0\0\0@J\0\0\0\0\0\0\0\00\0\0\0\0\0\0@J\0\0\0\0\0\0\0\00\0\0\0\0\0\0@J\0\0\0\0\0\0\0\00\0\0\0\0\0\0@J\0\0\0\0\0\0\0\00\0\0\0\0\0\0@J\0\0\0\0\0\0\0\00\0?{\U}\ye	JI*`[8zevc\L I\^!\\9\'l7z<t0q-6$\2\pY*Q(\"R\nR`\_TD<\\\/\\>\0\0\0\0\0\0\0\0\0\0\0\0PJ\r\0\0\0e\J\0\0\0\0N\0\0NZj\0\0\0\0N	\r\0\0\0\0\0\0P0\0\0\0\0\0\0@A\0\0\0\0\0\0\0!\0\0\0\0\0\0\0\0\0\0\0\0\0\0P0\0\0\0\0\0\0@A\0\0\0\0\0\0\0!\0\0\0\0\0\0\0\0\0\0\0\0\0\0P0\0\0\0\0\0\0@A\0\0\0\0\0\0\0!\0\0\0\0\0\0\0\0\0\0\0\0\0\0P0\0\0\0\0\0\0@A\0\0\0\0\0\0\0!\0\0\0\0\0\0\0\0\0\0\0\0\0\0P0\0\0\0\0\0\0@A\0\0\0\0\0\0\0!\0\0\0\0\0\0\0\0\0\0\0\0\0\0P0\0\0\0\0\0\0@A\0\0\0\0\0\0\0!\0\0\0\0\0\0\0\0\0\0\0\0\0\0P0\0\0\0\0\0\0@A\0\0\0\0\0\0\0!\0\0\0\0\0\0\0R\0\0p[\Y\^j\n\0WL\\\0\0\0\0\0\\'9|{Q\08\\<2\~\0\0\G0\0\0\;F\Z\\#K\0\0\!{\0\0\0\0\0\0\0\0\0\0\0\0\0\0P0\0\0\0\0\0\0@A\0\0\0\0\0\0\0!\0\0\0\0\0\0\0\0\0\0\0\0\0\0P0\0\0\0\0\0\0@A\0\0\0\0\0\0\0!\0\0\0\0\0\0\0\0\0\0\0\0\0\0P0\0\0\0\0\0\0@A\0\0\0\0\0\0\0!\0\0\0\0\0\0\0\0\0\0\0\0\0\0P0\0\0\0\0\0\0@A\0\0\0\0\0\0\0!\0\0\0\0\0\0\0\0\0\0\0\0\0\0P0\0\0\0\0\0\0@A\0\0@	&\Z\0\0\0\&\0\0\0\0\0\0\0\0\0\0\0\0\0\0P0\0\0\0\0\0\0@A\0\0\0\0\0\0\0!\0\0\0\0\0\0\0\0\0\0\0\0\0\0P0\0\0\0\0\0\0@A\0\0\0\0\0\0\0!\0\0\0\0\0\0\0\0\0\0\0\0\0\0P0\0\0L\\32q\\}\,^\q\H\\u\0abf|{E\v:\_>WO\\J3\	p\\tu\-J\0\0\0\0H0\0\04ikZ\-oIgmMYx\Y\@\Z00MteL1%\YTGt[y|-\\c_{eG]iz\\K\\0\0\0\0\K\0\0e\\yCW\e\r?mX8mLt=x\\WfCv5\\\<\\\\+\.%\\0\0\0,\0\0\0\0\0\0 `\0\08YF]-?\\\8gko\5z7)3.<d`X}nde\>\m\.%\\0\0\0,\0\0N\44sP$\\32yU\"_6633\\'lj\>47~\'K\IUjp\\0\0\0\0\\7\xc!\0\08;v\HTUU\Z\m\{w\c\'LW\Z#\2j\\|\Qj=I2bR\0\0P}$\=\\\\/O\0\0\0\0\0\0\0(\0\0\0\0\0\0 `\0\0\0\0\0\0\0\0\0\0\0\0\nB\0\0\0\0\0\0\0(\0\0\0\0\0\0 `\0\0\0\0\0\0\0\0\0\0\0\0\nB\0\0\0\0\0\0\0(\0\0\z\R#\0\0\0\0\`\0\0\0\0\0\0\0\0\0\0\0\0\nB\0\0\0\0\0\0\0(\0\0\0\0\0\0 `\0\0\0\0\0\0\0\0\0\0\0\0\nB\0\0\0\0\0\0\0(\0\0\0\0\0\0 `\0\0\0\0\0\0\0\0\0\0\0\0\nB\0\0\0\0\0\0\0(\0\0\0\0\0\0 `\0\0\0\0\0\0\0\0\0\0\0\0\nB\0\0\0\0\0\0\0(\0\0\0\0\0\0 `\0\0\0\0\0\0\0\0\0\0\0\0\nB\0\0\0\0\0\0\0(\0\0\0\0\0\0 \Z\0\0\d\\\Jiok\\|\\0\0^\0\}\$}dQ\08\}\\0\0x\0\0P\r\0\0\0=\0\0\0\0\0\0\nB\0\0\0\0\0\0\0(\0\0\0\0\0\0 `\0\0\0\0\0\0\0\0\0\0\0\0\nB\0\0\0\0\0\0\0(\0\0\0\0\0\0 `\0\0\0\0\0\0\0\0\0\0\0\0\nB\0\0\0\0\0\0\0(\0\0\0\0\0\0 `\0\0\0\0\0\0\0\0\0\0\0\0\nbP\0\0\pX9?\<l{mW\0>\\\s\G\3_O_6\%\0\0I&\0\0\wl}a[Q\0(\\5\g\m\Q\\_q\\0\0I\"\0\0q\\?glY9cPy\(;\0P\\}]\\f}a[[\Z\0\0N\0\0\ed>\/\03\\LY\\C\?_YT\O.\0\0N\0\0\wl=\\\p\Y\#wlq\0\0\$\0_g_3\\\_\08g\r\eeym\\0\0\0\0%$e\*5\n\0\\L\0\0\#\0\0@	-IrR\0pZ\\\\0\0\?0\0\0\]I3\\,5\n\0\\L\0\0\#\0\0@	\\K\0\03\0\ \0\0\0\0\0\0\0\0\0\0\0\0\0\0P0\0\0\0\0\0\0@A\0\0\0\0\0\0\0!\0\0\0\0\0\0\0\0\0\0\0\0\0\0P0\0\0\0\0\0\0@A\0\0\0\0\0\0\0!\0\0\0\0\0\0\0\0\0\0\0\0\0\0P0\0\0\0\0\0\0@A\0\0\0\0\0\0\0!\0\0\0\0\0\0\0R\0\0\0p$\o\hp\Og^Nsg7d\\$\7g\K\0\0\0\0\0\0\0\0\0!\0\0\0\0\0\0\0G@\0\0pj\0\0\0x\0\0\0\0\0\0\0(+\0\0x\T\~\"s\_}\+YY\\\\|j|\bp\t\M\d)o\hp}s&,x2edz\\\r\\rd\\?S{\{\#}\0\0\08E\0\0\0aUg\\S\c\e\\IC\k\\\;$\_.\\\e\H3CF\\2k!b\\:;x>\G\0\0\0\g\r\0\0IWu\/zVLfc&]s\#\\rI\\\?zsG=\\l\\Euo2hx\F>\;[\\\T\N2o\/3\]=\\\K\\0\0\0\?0\0\0\0\'\\so\\=kg,~:s~\\\Y\\L\i$SW?.S\^#\o\H{r\\dG}\\fM&/Zw\'\\_#IR\.,u\0\0\0x\\0\0\0\\\\\g7>&\\\d3\\\\\Km\3[\>%^;Ky9~wf\C9d\f\aE\\\\0\0)B\0\0\0zz\_\>\n\=nhx\g\OrmG[\^=^#\#\0\0\0S\0\0\0I\!g+[;=\\{XqI>\{\v\wg\k\1\\\0\0\0\`\0\0\0N\?E\\0\0\0p:/g\0\0\0N7\\I\R\0\0\0pz\0\086\xel\1{_yuSd\k{z^8kHz\=gQ\\0\0@	\0\0\0T/\NWdhj;zR{vz\\\+/^\\\\\\T\0\0\0\`\0\0\0N\'gCO\M\\}fECz;w\faxh\\\.\0\0\0A\0\0\0\\\L\\T\k;r\\$/\\s\3I\o7e\\72S>uQnL$\Y\kUf\uZ1K;.\r2\\\0\08}	\0\0\0KC3\\3\T\\\rYg/\\\\aW\\+\f\_\\z\{\\|\\\^nlM\xH\\\\Uf\\\{=moO9\0\0b\0\0>\\O\?z1+\I\\M\\\h\~\k<jkZ_\{\\\\\r\\\\\\.\0\0;\7\\_j\0\0;$UUUF?P\4I2\\F.O|\\)cgV5G\Z0\\\g\\/i8vv$I\>0\\J{{{dF\0}z~\+5]~\\0\0\0|l\Rq\\S;\#U>2c\J\Q\0\0\\"\0\0\0\rZz\n]yIM~~t\\#3\s\\\U\"I:;\\c\\0\0\0\nhP\0\0\08utd^\K\Rs\\T_\\\'\%<G\0\0\0\0\0\0\\l\;ZWmJs\1\\0\0\0$\0\0\0\r.}9K\\0\0i\\0\0\0\0\0\0\0!\0\0\0\0\0\0\0\0\0\0\0\0\0\0P0\0\0\0\0\0\0@A\0\0\0\0\0\0\0!\0\0\0\0\0\0\0\0\0\0\0\0\0\0P0\0\0\0\0\0\0@A\0\0\0\0\0\0\0!\0\0\0\0\0\0\0\0\0\0%Qj\0	\0\0\0\0Ju$\\Ji\;\;\0\0x\0\0PJ\\\Uj\0NK}}\0\0G\0\0>sI\o\Z\R\wd\w&\0\0\0O_6&W^<*\Z\\[o\\QecJ\0\0\1\0\0\\~\{D`\0\{\\0@\0\0\0\\\o?\{\\tw\\\J]\n\0tw\\.\wGJ]\n\0\0J\r\0\0\0=>},\\Z<g_\J\*u\0\\~J\0\0N!0\0\0\r\\H\?\\6\\g_m\JwR^Y\u\\y|\\\0\0 \0\0O_6\\0\0\0\c`\0\0\0\0\0\0\0\0\0\0\0\0\nB\0\0\0\0\0\0\0(\0\0\0\0\0\0 `\0\0\0\0\0\0\0\0\0\0\0\0\nB\0\0\0\0\0\0\0(\0\0\0\0\0\0 `\0\0\0\0\0\0\0\0\0\0\0\0\nB\0\0\0\0\0\0\0(\0\0\0\0\0\0 `\0\0\0\0\0\0\0\0\0\0\0\0\nB\0\0\0\0\0\0\0(\0\0\0\0\0\0 `\0\0\0\0\0\0\0\0\0\0\0\0\nB\0\0\0\0\0\0\0(\0\0\0\0\0\0 `\0\0\0\0\0\0\0\0\0\0\0\0\nB\0\0\0\0\0\0\0(\0\0\0\0\0\0 `\0\0\0\0\0\0\0\0\0\0\0\0\nB\0\0\0\0\0\0\0(\0\0\0\0\0\0 `\0\0\0\0\0\0\0\0\0\0\0\0\nB\0\0\0\0\0\0\0(\0\0\0\0\0\0 `\0\0\0\0\0\0\0\0\0\0\0\0\nB\0\0\0\0\0\0\0(\0\0\0\0\0\0 \Z\0\0\0\PYq\Ly\\\\dY\Yzvj2u\\\"n\\\h4/<\++Vn\M_5\rT\\>?|r{Vm}=VVI\\#s\\RSq\\Lws%IrVeKn}Ruy\\s\s\:\L\\$Ic\.<l\wD\\0\0\\n`\0\0w+M\'\J\\j>w<s\'em32jI\\\3\\Rw;\~\m\\?I\\'k6g\UY~m=}\T:i\\w<$5cI\e\\q\xuly=}\\^\0\0\0xV\0\0\0rSw\r\\n\k,T8K\My\\"\K\=e\\'\Q%n$/\]O\IW\7\i_&\YOkR7\\\\I\jZ^\=.\s4=m/N4tq\\w{/\0\0\0\V\0\0\0c<]O{\\\nTZ\ms$9Jf&IS[:~\\)-\'&d\^\7z\m:\MN[vfe\gyUrWGZ;~\\G\Z:^W\{\0\0^\0\0\!Y}W{_VL?SJ]\\\\~\7\S2i\{=n7-/\Ok\g\~@m}xrCu\>va\\4>(]9^ou\EYY3IE\'N\=Y.H\!xG\\G\92\P\1g\\\Cuiu\\s`\>4\\${:1\r}K_O\/[r\S;\Tn43\k3$\\OUlM\t%\\\Y\\_\NGwRyne\\\\}\lo\\1\wB~3Owv.\|k>56wd\/vd\$\2i\\}<?F8\#_#\0\0p\Z\0\01!w>r\wWRy?\7_,\_\$\\'i\\\\hN\A+TvU{rY}D>\vd-\r\zzf~W~$w,\\7\_>$N\0\0 \0IDATO\\\\fd\_b\3\#\"nY+_\&e\y\"\|>\]-Y965\'\?;}\,i\\c]#^\=<kx\o\\Y\L{\'&I\\Y9\}\\\-~\\,\\ckG\X6\I=?9\}W\lx\\\\\\rXoM}\Y\\\\\A\;^O[\a\%U\0\0\0\}g0\0\0Ty\\\\\}?\+M%\r\fg~),{aY>;\k=\\jO\cSsVOjV\]vubQl*\\{\\\} \w\2\iCn\1\m\\R{\<t[XxYvw\X%0;\d\x`zK\yrS\\Y,\\L\\s\u\-o}7\'Q\{\\\\\r\\\\\4\\\\\W\=:8u)\\? 7d\\\4oO\1lMkC2vm\\\I?\{4p/\$\\.\rk|\t\\<\qz~\\\iJ\5\\\0\0p*\0\0\]L\7\NGAk\f\\y|yWr\\|C2me}n>i_\\]I*S[_\Z\/\rgy-MiMM\\u$]\\\_85q\\UK[-5V7OMylU[V\\+2\\\myq\\$9kl\\)>/y\\,\\?\Y\ksg{\FWy^}\\g\.MuyY22uAum\?/H$\\?\\T3&\o\\|\i\\m\\[_:\r$)K\\}7M\\/#G\\0\0\0p\n\0\0\Dx>{w\3%Uga\4&\6~\'\>\9W)\:6LlJ\\/~K6\3)ugv\\\'\\=Q*?yC\5\s\\\s\\rXkN\mC\'Z\[\-M\\wm]\\w\KS\3\\wi\~&3\?E?e\r8ow\`m\~\3\\\IMUO\\\U]V\?$)\\Y\tmenUgcC3:\iG\j\Hkv?9#3?\~h\W^\\?~7\0\0\0\0N\}\uY\\\;{\{\eU%UoJk\ZrkM2\sIVfSw\\4?T}>5G\/={\:gnF5\\Y\\\\$)O\\o\H\2\e\o\Quvq9R8\<)\w\rN\+2g\\wfo}1K~\o\\<o\\\I\}@\=\\\9\\\^\\d\+.;\V[v\1\t\Ct{%\~\\\\\\\+u\'K}:\0\0\0\/0\0\0	S\\\e\G9\}nS\UYPk6tu%-M\\s3\")&Y:\\\4*3:\TOH-\I\\Z^{[O\\9.3\\x+\\i^HZ;^Jh\7\\'];&g3\u;]~\"\{O\OdcR\\\\|wdC\>=jy\{:d_\\\\}\\}\}?w`\U\\\z\r\_i=\!\L\\.\\*m\0\0\0\7\0\0\08FL\\\nH\\%9t\TU>IkcsUp\i\5&<emK\dG~\\\ruc2lR&OMU\'i\\9\\z6\\Y\i\u\\\T\\\%6:TVzX\%I~;?W_\\/,\\Yzu\6W-K:{W;jd\S\\\-;W\\Q\]iOZ~=-?U97\I!3`eA\\\{6=!\o\\tRV<&Tvv\\\w\4o\8x_}8)_m\\9Wq\\0\0\0`\0\0\\\\\TS{Ir}ynA\\!	}E\{%]Wg\\\|nXWVY<\;<,x,)l}z|r\Rd\fes\\P{2!&\m,{\\+yekaS5\"\\d\9)%,];kX\WeJ\mU/o\\i_\uOD-\yS]\\H_\\\ztv\'v7\\=^\\0)[8Wj\$\{vM<\_2\\\>CO\w/eAsGO8!7^eg/MMY\I\?6\UVV\0\0\0N5\r\0\0p\Ud\\\M\qWQI_?S[\oM\\G2\h\"I#\\R>>7&$qNU\jLg\QL_~:CK\61GT<IW\V\}\g<;3yF{r&\j\\\'We[y\\\\Zk\u\2w\\|nrM\j\\\\Z<5\\K\\Y\\\Y}gm\\\d\\Y;+\\O?l2\<q\lG-W\\\X!w%y#3\\u\j\\\\;X\ssg\\u\K.\w\\-\{\Gy\\;<\"cg\}aS\\,{9\9qY\D\C\5\0\0\0\0\0\\(\\h<<=K>m\w&H\\nM\%9Xyj\'4$\k2v@K}\Zp\7IyjnY\'&6e\\%y|\\)iZCj(\\?6\w~)X\\^\y\"\\\Ex~SR\\2K_\\\#Os/\\\W\i~\'vrXnD\\yn*lG\6myg\z1ao:T[,,%)k\\Kl*8w\M\\&\\\j\\9S1lp\.hf\\j+<+:=\2\D\\,\-=\#\\r\\\\\\\0\0\03\x\\0\0\x\#IRUU\\\\\zy\?=\\'A\c/6<\z9W8T{{\#\Gh\0\0xg\\\\\{\\\v\\'V\0\0\0\jU\\\|\D\J\\i\\SkO\L\\CR3F\0\0(\Z\0\0\0\z_GZ_\N\\\\_p\\1S-)\{h/_\0\0B*\0\0\0\\|e0?6$5\>U=rxf\xi\\\\$\Z\mil/_\0\0B0\0\0\'=0\0\0\'\\\\\n`\0\0\0\0\0\0\0\0\0\0\0\0\nB\0\0\0\0\0\0\0(\0\0\0\0\0\0 `\0\0\0\0\0\0\0\0\0\0\0\0\nB\0\0\0\0\0\0\0(\0\0\0\0\0\0 `\0\0\0\0\0\0\0\0\0\0\0\0\nB\0\0\0\0\0\0\0(\0\0\0\0\0\0 `\0\0\0\0\0\0\0\0\0\0\0\0\nB\0\0\0\0\0\0\0(\0\0\0\0\0\0 `\0\0\0\0\0\0\0\0\0\0\0\0\nB\0\0\0\0\0\0\0(\0\0\0\0\0\0 `\0\0\0\0\0\0\0\0\0\0\0\0\nB\0\0\0\0\0\0\0(\0\0\0\0\0\0 `\0\0\0\0\0\0\0\0\0\0\0\0\nB\0\0\0\0\0\0\0(\0\0\0\0\0\0 `\0\0\0\0\0\0\0\0\0\0\0\0\nB\0\0\0\0\0\0\0(\0\0\0\0\0\0 `\0\0\0\0\0\0\0\0\0\0\0\0\nB\0\0\0\0\0\0\0(\0\0\0\0\0\0 `\0\0\0\0\0\0\0\0\0\0\0\0\nB\0\0\0\0\0\0\0(\0\0\0\0\0\0 `\0\0\0\0\0\0\0\0\0\0\0\0\nB\0\0\0\0\0\0\0(\0\0\0\0\0\0 `\0\0\0\0\0\0\0\0\0\0\0\0\nB\0\0\0\0\0\0\0(\0\0\0\0\0\0 `\0\0\0\0\0\0\0\0\0\0\0\0\nB\0\0\0\0\0\0\0(\0\0\0\0\0\0 `\0\0\0\0\0\0\0\0\0\0\0\0\nB\0\0\0\0\0\0\0(A\0\0\0N[\-J\\D\\\Yj\\\<\'\tf\O\'\[?\\\\Q%?Q\\L\{+rSgT_U)7%z;{\2\w\z\M2^7\7tGn\\\8c\sY&3\\.5|;??9H!\v\\0\0\0pB\0\0\0NMU1G>:?Z_\\\\\K\j}!\JL&\wf\cY\yq\Yc\l\Zj\\}w5\{\\\Y\p\\\$S6\\0\0\0\0\0@)\f\nk\\\:\<\{s\\\TW\3{^\\,\,]Yx\8p\iy\P;\\'m[I!%\OMY\\,\NRw\\Z\u_P\\\0\0\07`\0\0\0NaYhcR9_9$uYr\\\\>\\\K.\3a\q~/mM\K}\CS}2\0wh{.+1];\\{\\7{\0\08=	\0\0\0\'P\L}\\\oL\]\LO\I]\\\\5f\~\]IU\rnM\%Gz~\h\\\\\?a^r\<l9\{v\Gf\{:aM\on\u\\\\'r\Y-H\)ix\\t\N\U;\ywz/Rn\zW\\y\Ak\\e\I\\;\'adz\}>~=rw:z#k\\2\\Lq\;\\\n\w$\\s\}7f$)\\[>]:7MY\z{Wp\Kr\\/MYIR\[}\$x)R\{\Y\x\\\KRV\+s\Hhp&Gg\0\0pw\0\0\0\\)O\\\\gIg\'f|oyltV\\=\<~zK$!!\\b\MBq1\Z\'Pp8 \JL\!`Yk\2\1OC9\8\dl.\"a\Xv<@ldL7$!YG\r\\\\\o\\#\[K:{.oOq`\W]\\6>v7>;W\\uLW^\"\ZW{A	\\U\?7\}lZ+Ww$6>t~\\4X\7\\GxxB\J\\\Alz\n|\&G-w}\uY\#\a\Xgwa\N\\{(\\mz\\U/e\0{j>k.\U[v>\\M;I^\0CG\\n/\\7\+u`cX1<)O\[\\~\\L\O\l\\\\=\p\[7\u\/\085/n\\]\R>s\Sg\zB!B!\0&B!v\u%\W\\\'n\&K_.4V\0\\-\\*{\\l\"uq\g1z\dyn-8\{G\\z\n;z90\UXs\r|\j2f\\\\\w#o\\O\\\?%\XC\p\7n]~p-V~\#w\_\,\gpYGc;n\lz\|\\\\\1\0 \\K\\\\\O\0ft\\"\r#?7\\~\NX\Ko\~>\\\\\n\>/;n~\mX+\fbQUo\\\Z\)\\\'\\\1n\`6|gp\\;\^o\\'q\\\-\\)G0\\S\8>?a6\:\t0nB!B!\'	!B!`\P>\V\0\^U?c,Pf7\\\\]e2;v-:|&\\dl\\	\\g{\;\0.~\\h\\\\[R\*\\&McVc\>4e\Z\W\\\Z\'[2k~\3 OvQ\\0d7,\0;\W\,5h)\\\\_\&\)Xxf<3Nyi\\?;GM\\\r+Q\0D+v\\\GU_`\'V6l\0;7}T,\0:\xw}yg6A\0|Rz\!B!D~\\7\0&B!v\\\'\\W\\|J\\6}\}l5F.\\\0\1\\$?=]\0xX\\xbML\\$\7:\XvRTx\X5X\&|/o\'\\\^_X+rn<[|v\\v\\\,9}\,,C\5\\00\<\^\vtZ$\0\0U<5yq;1oeG=8g;\rdmX-UM\$^1\0\`\x~0.<6\H^2v\S\n{	o\?W_\CHvd7$/_MB!BB!\kb\o\r\\\\'c	xgy\s\w\S\nV\N%g-\\kkg2	->Xo?\\	<G.=|\_\0\	\e^\Kq;MV\_?#oQnd\\Z|lX\;a\v\N<%\\=bdnW\\VSL<{7\CfaAnWv6Yz\\\nyd\b\}\\	_B!B9pB!B&%\\GmVw+Vs\:\\\U;\/\\k\\\c\\\^eg,a3fb\t\07	\fLV~3;-[[\9{FU]O\G-[vd\0\8\0/xy\'\=lX~Hq\?M\\E6W7-\Z\7,963L/\i.=Vu\h\3h^y9\w[ $^x<|!,=r&f_\\	\0<nNX\q\/5U,\\v\Z\X\`-\N]\\	!B!\ZN\0B!B\d|\\K\\\ca`\/+MZ>!\\[p\\\\xv#b#}w:\tE\\\GD\f_X\\\n1i}tYXp\\0\\v\\sU\;\K\/p\U\\2\\\\!0?m\+\$l8\mxy64,9XR;\Y1\\|_N9\XdU><\p\d\l\1<w\Zbv/0\\'u\':J:!B!IB!2),9.-[\\z\/\Z:M[G=\68n\\-!,y\2\0\Gqa:u\L\\\78={\\\{\k\\[\o5Kq\\\\~q\r0}VU=fdS\\\r\\kw\//(V\.8j\Z1X\\\)bx\.\\\}u\Ww,9+\-\,<JN&,\>yy/~I\7w>f^Sj\\=\Zku\rny6T\1\rk%Z\r3#y\0\\F`\\\\\\s\E\a\xW\I/>O\\~<!B!88L!B!\\qm\@.?&I.\?1<=`\\iQ\\\xJ54\\\'pCk\%X5X~#aI\\\^\Wc\\/?zV4\\'\\E\\\0\0 \0IDAT.\L$#q\Y\0w>8k\9\oU-3X\_5\i`V~\:,]qj\6u\\\Gtx\1G\"9x\\qB\)Xz\Q8\}\q}A}hV%\iX|(\y\0p\\\\evX\U\|V\yl\U\\b{\\wm\^+d\`\\\\QXWh\\\z\\.`\qpj]\\E#B!BUB!B!1;6b\3k[{u\\0\U\]\\_w\q#V>gw~\n<<<\u<W\d-oxr|/w~\~s>\=\\\o.MXq\\'#xhn\=\\\_w`.\\\'5;s0VTgLi\sgg;\W>y\\}\|\\\wo},FldU\9c_7iU\b\\\\/|\\wT=\\\\e\,\Mo+?\R|9\a\g\u\3m\\qa|9\T\:\r\\qkp\\3K0G.\nL!B!d20oow!B!c\\0\\!B\\\/gs;!B8z\!+	!B!B!B!O\0!B!B!B!	\0&B!B!B!>B!B!B!\\'pB!B!B!BN\0B!B!B!BH	`B!B!B!B\8L!B!B!B!}\'	!B!B!B!O\0!B!B!B!	\0&B!B!B!>B!B!B!\\'pB!B!B!BN\0B!B!B!BH	`B!B!B!B\8L!B!B!B!}\'	!B!B!B!O\0!B!B!B!	\0&B!B!B!>B!B!B!\\'pB!B!B!BN\0B!B!B!BH	`B!B!B!B\8L!B!B!B!}\'	!B!B!B!O\0!B!B!B!	\0&B!B!B!>B!B!B!\\'pB!B!B!BN\0B!B!B!BH	`B!B!B!B\8L!B!B!B!}\'	!B!B!B!O\0!B!B!B!	\0&B!B!B!>B!B!B!\\'pB!B!B!BN\0B!B!B!BH	`B!B!B!B\8L!B!B!B!}\'	!B!B!B!O\0!B!B!B!	\0&B!B!B!>B!B!B!\\'pB!B!B!BN\0B!B!B!BH	`B!B!B!B\8L!B!B!B!}\'	!B!B!B!O\0!B!B!B!	\0&B!B!B!>B!B!B!\\'pB!B!B!BN\0B!B!B!BH	`B!B!B!B\8L!B!B!B!}\'	!B!B!B!O\0!B!B!B!	\0&B!B!B!>B!B!B!\\'pB!B!B!BN\0B!B!B!BH	`B!B!B!B\j\ B!B!B!2|\CjwH\oo\\\n`B!B!B!B9\;B!B!B!r\nr\~pB!B!B!BMv2N\0B!B!B!B\E<\\\\/8L!B!B!B!2\\\\/8L!B!B!B!\'\NB!B!B!\?pB!B!B!BN\0B!B!B!BH	`B!B!B!B\8L!B!B!B!}\'	!B!B!B!O\0!B!B!B!	\\{cz=|7\ls\8\0p\s\4MCZ\gI/I|\s^6U\\S2z\a\O\\@\dE:\_]W\yVl]NQI\v\\KrY\el:?\KSnx;\"{T\\n\\J]L\\&\\\jW\QonI;M2\z\vs\j_xq\\@H\L7l\\0\08\CleI9 9X\sJG:U\}QJ\\\\	_w>{\\\\@z(\8\6s*\\\xe[\0-}?\0X\'r;6FV__nCn\pN\0FYB\\\-\Q\e\\\);sBZ(\\9iI1\\_\\\ADO\ncl\\l_\\7\\\\&%;\:\K+\x>^l\$i\\6H&s6\"#\qOH\>7!-_T~!\u{`^.uA)J\yD\\r\0.uA?F\\jZG\T\O]1\y\*s\n\\\"%y9\fHjI-?16\\E\*M\6\Yh$\\kiVy\\CRe\\\>cB\.\g\\DliB?Mv>`\\<oPWt#\\t}$\\"\\%\\\Io[m)?\\\\\i<\#\Zo;G!f\\(Y[\h[Z8	\.7U>(|P\SE\A\'-AIk<w\r/|K\\Gd\\`[\\&Q\Acu$Zi|\6\0wC\ZI\\1\Xi\&\\Y\VW\&\_\9&!J2/\\"k\~gYh[\Z\\yY[\zo\{V:G\'Gy\\'uj#\Du#v	XP\"\\\L.\ZY*\r.uA\\:m\\\d\N_\/\\! +~/vXYwqg9G\G|&.[|^3\6\\~\0k\\7(\\>\%iJ^O\2j\+\u\.Zmk\3q\c\vPm\_\\eOvX\~\[I[n1SN\r6{7@S}D\\QB:\Ye\\\B#\v\\+|\'\r\R;|=iaUM\"RZ.\+\u2eSIKO|q\_\\\T\\oi_H6\p~n3L~C\F&9\c?VW\.J+\bSI\\\\\\?T\uRPh;\\rL>S\(\WW\-$\\/f\"eh\w\HiZ$S\_\\mO.\K\\U\I-\'\\q\rcK$#Mm\nk\C\&\[\ANKw~XvmlX/\ZG\\YU\Lg~\_U!.v-|Jy	\%HYu\XY\\\}\K[\OH:_mnP6\rN\\8=;\Xq\\\\t]v\k6wv{\I\Z.Eb\Unn3D\\\\|\\\Olc\\h72\\0\\h	\8\6z\~\+\\\\_*t\4RH/7X5\1s\ml\_Q~\6\?.\\]\?	\RN[\\Dm7Q77/\|\?M\:\\\\x)g\Hy\Zr 2	<Tck	A($=XG\\ Y\K$|	\Dw\\(Gb\I\\\\]Q\IW\\].q\c?\u-%Xq\=e>^>=\0U\Z\QtZq]s\\HdXR9\9W*n)	IO/s\>;@k\\\r\i\<\h[\w\m.qZ\\.\'\\?9(~`@B|\Tae\G.z	\V*GO;\k\'z\\\;\\+\Jy\\iIz-I\Z\E5_|6A\Rz\r]:mt\?)S\'-\\iIzrZ\r_VT\_,\y5\_\^\R\\\\\D\\Kwn\kE[\:\T\_\m!\3\C?\\\Z\L?IvM\s$6A\\n[	\p\^Ac\\n\\m?N\tW\Kj\:>7\=WO\1&\HW{|\|\\OaJmdK\BI\k.\7\P\(3H>	e T\(\\C.\z\IkCI\\r\TV+NK\0s\t\%R\\0V\\"\N7NOFE9M\\"#\A;n\::Zt\jH\Pa+\q\<tZq~~B\\8(j[q:rL\Omg|\:P\N\\NC\\'\\gv\a\r\\\E\W\b\0\`i\r4Rytb^WKo\\uT_=+?ro/<G	\Vk\"G	wa\|\\#)~\\\~z(oUv|V\_\/{\\\\\6\\%\n\\^\\d+B\(\ZmPq<\\\&R[*\j\^\_8.o/VX\!U:Es/=\\\\\?{Bg^^R8\\\\\0\0\\V\\xIGn6ir\vM\:6 =RxDrU\\\B(U\|by8\J\H\R~\sU\dq7\?\^r\\z.oq\\n\^\.\\\\Ke\_\\D\Hk+\%\Pet]\vI9d\u_4(+\\mS2^l\\hz\Se(\8\\z\W\5qW7pXkW(xfL\q\_\-t\w\\\}<$:d_1O\f7(_\<\r\?m\g+\g?+m>{w\0\W	I\n\\LG\6u8e)7\n\ZH;rJ8T4Xl|\Fs\m\'w\"<P\"\M\1\>^\\>\\1Rm\X<\W\rhB|\^qf\"_\5\C\A>\\w\x\\+\G\\7o^C\u}\f\\0OKw\.K\r7\-Vk[v3\\$\az\\\\?\3~J/?L\\.\1yWyQOZ\H~\6;\\\\${/\GS\A02\5:\|f\\"{_\\\\hDob\CE9hgD\^&\\:n\Tq\\56_`ox?p\\rWm7\fk?BIe\\Gz*n,%UaZ\(4\\/\1\4I\\K\q\\\yVj_,ML\?\M\u}(z4|\\\\4t7xu~7\"5Z\\\;\B\'wJ\\QJRfSI=I/\,\r&eo\Z\\x\Wo\w_h=uLSgG\?+\m\_:UWm\r.\&/\H|\rO{0w^q\AM\A\\\|v\O\\sJ\t\"\+Me}\\\dN\r\G\}\\l2\}\'\4\_C^c)E\_\\s\&\VM::\v\\@qp\\z\0}O\j8\R\D.\\~\w\\Z\r/>\0\U\\\ZX2\\"@*\^-?BVUF*\rU]*\U:MS\j#\e\\\:\\\[\\\6Nz[lagI[l\\]\)ei[\T\_NO\\\v-K\K\J\K>IS\G}V\\Z\\0c\4%C\6c\ru\\e\\\T0\NgP\0s\\-i\_\\\\'W\fm0\n`\0gO\6\i\\\\\D0Q\m{h7T\\80\*4&0\r\\\y\Vv\]\\\Ve\\_\O-U/el7[m\"G[;i<h\\_x\Y\Cr\B\ULR-L|cGw\9|ieSy!UQ\\TU\u\{_B7\j\Y^\d}VW%*<\/VekJ\"cJ5C~^oj\Wr\Z\O]i9\7lxP\\_F\"WQ{2\~a{XJ\-\\R\)\\}y$\SG?sE{vO\\)l\DzQSI4%7\\&2MtzoYI)M\LtQk\xZ\_\\\\\\#jkt6v}\\x\\Z2\t;Om\\"0j.SuG\g\\9e+_\\\=\\v:6\?\TE=\\\\\o\?\mxn4M\XH\\K>I\m]\Wu6\[\J\\e{\s:M\\\JjjxZP/8/}SgkI\nc\\Y\w\0K\t!\9gCt\\\w]8]\q\'\Sz\8?\ALc\"#O:x+uRu\Fzk\\KT\~zh\\\\|t,q=\c\\\\0\z(\<$\\\BRl\hbib{i\Zl\!KY\x\fUEdKio\S.GS1:]&\,\6\\\:]\\\\\_[\T\Fo\Nf\-IJw\\+1\5yOB{K.0]9/\2\\\\J\v\'\_cbm1e\_\F_\U\`\M(\'\k:\Xshv\w=X\\K\1\0\0 \0IDAT\i=m(m~\\\\"\\"v*Ck\\Z\\Ew3?\\\\LloZ\?/C\aO\\5LX\M	\Zy\\\\qlM\bw<?-\V\i\6:-\Kw\;Bl>Y\N~u0=\q\\XS1n{mo\?5nw\\xTwE\\\&{\_\`\"\XR&\\\IzG\\g\\R\S\\X]IK&c\\\Z-\s7\"\\\yJS\1ZLq>\Sw\0UX.\I\\k\\8olM\+\t{\\&	\}V	\\<Dt\\\O\v\m\\\@\E,\\lP\Z3\8\Ra!(\u\7\_\\'\\crk}\SCo_\\q:}\~\Q\~?\_31\~c&\d\^/?\Jn?\?km8V\\\{?\"\\\s>%\_kk\.\'N\gub\Jt]\ \n\}j\\.U\r\\i7eYW|\~rM\~dU\Pv\m]\l4e*;&E:\y\]l_?n\'kON\n_U\@\%Irqt_GXE\V*oyZLH\\$/\o\|3\:\\'X\.\V\?	O\61\k\~e;C6\'\r\@\O5\O\/\q1\*\\\:ML\\T\\z\\\]\/\S\\&c2\t\{\]!k\\\\j!ty\\18\\\sC\C_;S\IA\K\ \\0\\\:\!!e|.\qG4:P\+Y\I\rf\\u$M8)/N\fll,;$\.8u\z\"\\6O}R6\QI\AS\??Y\ob\\c\s\_6^G\\zLH\_mJb\]\C\'55]h@X,_\\T\?\;\o\Z!VK]\\w\\?B[\?\\\\;I\0OoT>c|E>m\\\V]\n_e\\N\6\DK\E;\PG_iqq\.\\\s-[\\.\R6$\\\\vm\_\7u	gwJ@6>\>o{\$/\4!C\\#g\\R>.	:1@5\.*\"\l\{l P?=vD\&kA\xG\\\\6:U\~rO?q\!c\#$c\&\6\\"\ePlv\u\i\vN\Z\[=Q\}Er\[]St5\_\+\"e\\}\rOSA\XKm\\CK>r\O\6\T\\?l\[Rd\'\+C\5\\{_\\\0yc\.\cd\\)4\?-\4IO;\\\\_\\'\r\fv/.\\_3]g9_.\LL-\rlfB/b\'\\zI\ls\\q~/\4n\qa{\\b\'Wo)\\\M8h\\L\M^\b\p!^\\\\?)6w\\8\G\O\?O&ER]\@i-|k\0aac?v\\\m\\y!\r\\T\x_\vo\nM\\7\2N\Xsn\:I\\U7\h?\VU\X\g\?|m\\bF\'\hCB\\+\rQ\lw\Z=?^w\"XA\U\E\\7]	\ &q\0$T\+WE?>_:}\ \kqT\Ut>^aUB	X}LwzqgG7\zhtl,v\N\G|\3M.bt\~r.K\\0\ \ \r%}=\\\6d\?OSU\\\J|\d\_|F\6]N\C\?\\z\\2/|\T\'m&\:wM\N\YQR\\+\\\\?\'M!\T\AwMo{\sMc\\\e\]k]\\J\mSXk\\8Vn\\k\~\l\\pBl_\\\gY	\D.K\\O+_%Ix\O\Ev|\?\m\/\\V\\n/\\\r\y\\_\3k\\g\C3\zr\!\ok\}?\\\C\j?z~#\>k[u\7\\rR\\\nz|\\0{\\n;W\%>!e\\\\\\]q]S\}\\=\\\N/$JIz(\8q1Cg+>F:-6\g#@\E,sHZ\t\\u\tP2\J\\Rf[\\\VU\u\=b\Dq~z\@V5\*b\dP_]Y)N3N\(\?L$zit]\Nu~]\\A\\L\!Ca=zQ\IlDvk:kK\CS&_\FugnCm#\\<oz_\+\mUGiPj\Z\D\Kb?OJi\\+K\rW?\u\\'UG\\	\\l~|[\Z41)=lU+H\Z\\o+?4mOqm\\ru\I?U!\B\4ls-\<Z_n\0%MX^i=ED\k\J\=cOB\c\w)k$\N\x\/\R?\\?\L\$01%\;vmX!\\Ob7\\J\;\\\4%\\\U~\\K\'*\DVz},\7^3>/W\0W\N~+.*\C^^\\\ns\o\\,ZeN\0_\\1g	;\xa\\_\\NO\y\1\\in\=\N:O<7^=\?|\7Q!\0s\1\}\\\\'3\'b\D7\\'\\\'\~B \d\	R1^-\t\\|1t*V\VKe\9\000s6T=66\IZ\.u4e6^\\\\0L7x\)\Gl\D;qr\v\j\u@\k;\tu\|\\2@FM\%a\@b5x$?uqS\mG\$\@%PA\Wt:NC\_Y\\ni\\rq\\q\I\'ay3[{\O>dHM\_ \jP\\%q\\\\ka\cG~PuET\nv57o^\}\\\	Fc>c.A\8\b\\j)\\\1i2\\?\N\\Gy\5H\\\{\N\2\\\\9\l\^.#\`GY-I\|\~-\wr\\\y\@xT1\0|6\W\i[\tW>7kkb_\W`\\\\:pa\4g\jS\B=\\\*\X\\[Wq\\nm($\\L\7JLDU_[\\U(\zV]>]\\liQ\Pu}1\\WAy{k[ ySe==4&\\\Z\\ka|23J\\\>W\D&oM^z=E6}\fa\=l\Z[zvWcy)iF&!Z\\H0K\j\jM\Xa%!M\\\\B.\mR\qA\\\\\\%\\\|c|#\\/%\~\\s\\r\6M[\x\1\D\:\nXtzM>emn\4-\i&6)^ARgU06\\SJ\\y{\^ri=\!}\0ec;\<>\Ob\0\_~\.\n\9\\c\\`O=n\\n=P\\'\)\\.\.>\0w/v\s\;_\\\\%uX]vzU8\vmCS\V\\\c7;1\)\\Z&gkt\uG$*\nAe\C\v\0\tDctu\zRwr:9\Gg-z8@\\|)4\"Izq\kstLz8FK[wfq#wFO\N\\\,vNC>[5\m#\\'\\:\>\~N\re\\;lr\'\\\\v/5GU}\\q9\\Yf\\\?qw\y\0u\\axx3g\s\=\\wO}\no\~\l\n/Zm/uY\f\\\H\\`:c\&\\\\rck\\\l\\\t\\4Gu+mI^\\si\?x\?uccSgt\\\@i\^PO`\\Y\1\j2{\C\\`1\zR\\>L.\0\>\\g\U}\\c\Nr>\_Yk\|gF\\l~B(7>L\\drsa\(;\G\_\I\\vuP\AuX\?\\R,\V\\W\w\n\_VD;5%i>V7<67;7\c6<.\\I\\r`e-|<\RR\$\\\$p\*cz}\J\t\\\_n\)o)\\f\_6\\>DP2io\\\\fW6CG\\\dakX:#\\:Z &/\b^+|S\_Y\\\NF\\s\\W.\SB;\7\i\\\\/<ZGZ\x\c.\\}Z\\cA!Q\/Ovo;/./WI<h\\5\y\:r\m{9/&\8\\i\S>r\\\\\4^\r~\n\t\4\FUy\m\\\;\?/5L[_E\u\up\\\\3F33g\<\n}=D7?k\,5\#\\'?\UvX\P6V\n\Z\\u	0\`\\X|\)xX~}\\\\\~s\.`^hc\]\R\\gsxp\\\/\e\p\\\\\\N\n\\'?\#~c\\\\L/\<4\\y\lJ\\oL6mo\e\zf+}5V*\hC\\Q\q,y:?}^\g;\\,?m\WhGcU\j\L7!Tu\m\D\G\O\>\5q\9\Uv^E#u*@h\\\v)QxU6=\F\o\\985\\\~\\Tl_\\y9d\9S\5\\`u\>}\rF\\?3y\x\\'q\7\9\cXn\;\<{\[p\Wchh\no.\\\}\\0;\\o\[\2wc,p{1>@),`\\w3=\?T\r\J\z\3.FovLv5\{l\r~x(w;\_s\={c9p.7\0`a0\\;\'.:^|\\ilymu7\\0Mi;1m7zRL]\/K/\\D10Y\#2l`\%b\%]\ U\~\(\J-:e~\\O?)S<}lzi~\\\\+.[1\\\\\o\\/6\eVr-1H\0QQ\V\\cY\~k\Q0-i_Y\\FnZ\\g_Z|n\r9DR}\o\O\~\\\Zh\9W\V\<^\D\H\Q\\DscnwN\\v\T\\W\b5FnV|/.\W\0eS\+\\P6\\\'|Hj&:><VK~.*|9?Z\\UEM\>U|%R~#qFV\1A\MId\:7Du\+\Z__\~Um\qo\D\6\k%$>\W\?Mja_\?IS\W.L\vwQ/Ol\P\ih_Ck-\\\\"6u\\\C\+\uURP[\4\b$k@+|[w;\=MK\h\vk\U2|~1In\:\umn-vl_\\\,\Z\es\'.=009kf^Il~g6PF:|\\\r\b\a\\C\<L~cl\Z\>/B2p\	:uj\\\;\NX=`\.p\K\0\0\\\rnp-d\WGvngw\0\ZCK\eA]}M_\\\	lx158t\hQbm *\ku#a#\\6f1mTA\X_);(W-){%jT\\\\SAqn\\\\!.\r]M\.\\n\C\vE#6rn>tZ\\\viX}Q\}Y\'\h	?\w\3O\U:N|s26\5db\\E\0f\\Q{\\\Zy\O~\k~7oe<\\'>/|\8\p\5\{\~x\\J\V\o\o\kC7\|3Z\q\x\B\@(\N\\Z\\Ce\\}{a\F_\\\xXo7NKjxf\,\\fkp\\\\u\~\a|Lv\\\m]\\\?ui:t\Z\\?\Z0g\\\8W\\:39$xx\Ox\Z?-06\1\\\\|c\rS\CbGaP\fa\g`lR{\M\:\\#\iW\v\4ap;0f\\}8\\\v_{[G6\WN8\v\\\KS`\\7Fv\W`d.\@\}06V\\7\\\&5l)gk\rge\\\\jecseIcHB\\ED*wjL]6V\\\s\_7\RE7\UOa\	WG\.Mw]\Q\R\\5~\o \6HS\\\J;\dE}l\\\lE\bA\0\0 \0IDAT\\w\\f\\u?\7\[\9\&\&\\\\\f\05\?p.XS3;\tCG\J5F^\C\\\wi\yVI~mg}}K\H<I\1\\*bh.k\B>v\"AQh^V\\\ <I4\o\}\%I^&l?Z?\_=y\\]\qt\ZW_nR\u?W7\v=W\?.=k$\\rR\\\\ZK\+ymJ\\\U*m\\Z\J\t,\\|\k	\~\C\4O-OK\\.\0\YZN7~{d+\?l~bVnS~J$k]\=\\C\9V\\\[h#d]cSq\\\O]UJkxx\\]\~7N8\<p.9sp\q#^z\<M\}\9 _\0voof\"d\0N\+x1e\\\_^d\y_d\\\Zk6.\;u)\ZPI\/\t\n$iy\ \\}OV\r\nu%\	o\\\\nX<\zHz\\\uFn\'g\(Jzr|l]\'}~UytUu\\IM\T}\u\Q\}\\\|	=\}O\\\\O|\\)>\_.N__\Mg\r\-\\oLZ%lz\rC\o{/\\\z+~\w~\Gn\:\\}\	i\|\8p\%\\/\7M\\\CB?\K.i\??L\_\']z\\\v(1\\^LO\]T,5+o3\\\\t.#\_:5*+\Q_!\@\1>K?\\\Q]B^ \\\Z \\pa\4`\Y\WH\\4\?\_9\r6l\6`nsob``OzN~)\\\\\\\Qs\*vp\[Oqckp\s_\s\Z~\\0\\\Q@r\\\\_^x\O\c\\>cQ2\rO\\cp`\n;w4\6o6^	G6\A\!|KZ\ze/.iu\^)V\B\?\\X\\\pL2g@\\]\?\\\\k?uv\t )5\Rp\V]\\\l\"j\w\\+\mZh\'\\\m\\\WI\_w\/\\\\r\4-\u\\em?<\<K\m|N\\WQ$r\V6t\Z_\\w\\Zc\c\m]v\k\*\\+\nf\\4\\wDra[DNw\J.X},\LbZl;=\\FC\#[\o\Qc\"\\\\;X\A<7\l/_i\1V\\\\i{h\\\\?\Z\{4\%\nX\y \Xk\Z;\T_\V\\\\\	\\0\|\t&Gu\6\\d0~J;5\\!L\\_vC\rnK\F.\\qV=0\7%\\SP.K\OK1m\u_q\\\}x\Jv\\Up\\\o\0p\9\\Cf\\oUG\f@9nW?[!o}\f/c^I\43\^S\]Wj ;\\K\S\Fu*\I+&\\#\l@R\I?4\TM\!\r\\uK\ZPu\?=t]5P6\:cn6B\\'y\rj\\c5\	?2\>?\'\..NC\1z%\'e\9n\\O\\'m\\\\N3nDZ%L\\3\;,\\!~\1||_\0\\s\5y3\\Zc022o}\[>\mXv-.r\q\!\~\\V?\\'p\W\\\\\\\9S>=\o\\wc/\_\\\o\/\|\Q$Pb\f\S,}c;OMO3Q~DiwDL7I?nAov\p\\\\ut/\*\mvnl9\\;#{f\3\r\+\\\5(NDxNCS(M\\Z8jG53\>\r_\\N`,\\}30c\NL|dIG\Uw}r|\=g\=\8u\\6\\~M\wf\Z:\\\\\\\rxoRw0I\r	,oZ\?o\U80u/[^CR\_\\\}u\}\'/ZWo;\r\a\^CW~G3\\\}y]E\\;\l@B pc\7j2\82?\r\H\\\\GeIdS!\nv$d\[U?N\s\\N\'PO\\:u\\9Uw\:PGO\]\u$\qv\1\\I\N2:[\v3y\Zt\'\\0)p1-#$\	$\R\\\dX5&\]m\\?\\nK\'h\RdJu\_E2eC.+\0U\{%\BP}M\O,\~Y\\'\vQ9}\Kcj,\=vy\\'P\\\\\?-3{\)L-\ \[g\\0j\iDR.W\ca\VhmwykB\neMu\*?\\"\\\~Cxr\(\0\\\esP(rpa\@;<iW8xH8|h$=vZY6\B}\e\fu\4C\i	i\ZW\\\u48\oW<\\zs\ym2U\eMN\j\\Y(o\D+bOg1\#?;\{t\\\'K!\-\%|fU>F_eL\e?\*iM<\z\\?s,?r\\\\\w?.O/\\\dLA\\\\o\sGFFO~ko}Zk\\_\C\\/t\o?al\z+:\(Tb\7TgPQ1f\\L&>E)c.Eu\_|g?\W\\\\s\SfJ!\\0D3[CF@\%+|WW&O`Y9s&,Xv,Y\\K\ng(\Q.b\\\\@J\"2\\m\cr:S=	,\	\d1<y2-[K\a\\s\=Xn7~\t\\C\7T.),\\&\\\1xxb6\6Jk=2!\m0\&gyt\nwTPEz5\0\n8\0\s\\\cW`\paxzXW\'\}\\'L\\\\0\0\<,Y6Y\M~\Z\0\-`mb\&\)\\?\[o\7L3g\Ur\J^\Z\\	|@-eG!m~##v/go\'a\\'\\iE\%3=\%p\?v\v9vp\Z\	\\\?\oLI\q\Z00=p\ZM\\0\\r(uqzE%\b+\/\G\Rb\\r4a#\\T2v\9\0>wbpx2\\GL\\S\\o<\rS@3\Z\IS\0\"\9x\\{\x\-\\AO:Q*\TU\\W\0|\\	9p|\'ES1\\9\\\C\\(v\rah\.\"x\Ok?\\0%dL<m{\w\\\[/2?<\hnjGEG%\n#\/t`\m;w\0\`\K{`\n-\60\`N\8qAx\\Zx=#\]x<a3\4\"\m-Nwj\>\'CSIk\JJ\02jm\r*x)\LF[\\7\\D\r7N0e\X<\=S\Z\\F\V6F9\0Tn\y_V;\\)\\\c\i\9B\gU*G-\\Es\\)/u\\~X\R;B9;^\ ]\\y9\x<\\r?2/_khME\#Y\.u\\'G4wNuA2G:*\yg\nAV\\v:EzRi\~c\\\h}Jo[x\?\pI\f\6\\\\gf\\\\.2\\\_y\\U\\\_*cb\\\r/\e8\x\0C/b\n\c\kwWv\j\g\\r\o.?\\=\2\\+\r65HwZ\'F\S\\l.A\Nv\OnD\?\~.p\'\\i\W!\M\hFFFK.ukInU]3\8J+?kV\.rG7Q:{\\ng\?\3mQ-,wL\ne\=\\n\\Q!@v<f`\%# \!;v\u{\3gbY>\[+qfrZ\3-DC\\ig\cW^\;lIYE4U\;}\{>`\O~O\\xb\5k\8`\\x\nG@$8$.-\=#\0\'\r=\<B\s8<z$3J<I2\C\\L\n828:0a\Z\8\}a\}M\\\S	\tB\eG2\\\Z~y_Oy^x\,^\0\SOyy:c\{__f)k9\\x\Z\Z\rY\r\4S[\u\G)\+\O;\>?%G\\o.\0\\<vT4:`/g!{9~zH\\\"\Oo\Z\\an0\rN\k\`@\R,\\jw8^\1Jayj)(^]lN	g65c)c`~|{M\r\R#\C,g\~_i\\H9\ \7\A\\\\(\\r\l\"^[3q?\.\8]o\\\n~q}d+FK\h*\T`v	\\MWgpzbN?v.]\'<\vp\8\\8\i\>	Zxd\N\z\;0X\\{zqO\\H~.z\\xqo\\-/!lKH\@\\2{O:`\V\m?\0e\\U!L\}\,\7R\@a\\Z\G\\0E\Zq\-D\hU\'\\\n\\Zy,Oh\Ce\b&3<|r\XyS\|urY *\<Ie\l?a_O,\\\?\\\d\Zk\"?\\@\\\\\\\eQ\?v\?sL_N\>\_\n\)\.\\'j\\\\F3\rTh\>I\$m\0?\"?\\1o| u\79\S}\^\\/4U\glLw\\?T(L\P~w!TSyf/\\S\wkl>0\\> =\{\yU~S\>\\\S>NUT\ulA!.T\CY\n2}|W~\Zc\\9\\OY]%F\?\Cy}d\9e\n=g.n\\tvv\ME\^twg\}\\\cG\\N\Y|Tj\f\_hktn\^o+\[]ay.4sT/\?RdQ\ugfG\S3^;L\Z\gH\,;\(\\\\\\N\\\0\\Bw^1o~w/\FOO+\E\Kv\m\r\?\k\.\l]Q\Z Nu\\\!Pg\}\\^}v,NI\n\\\)Q\08\)\\"\i\8s1Zg8]\0\S\@\1u\R@[]b\\?3\8d:\v:pdy\Da\*vhkk%K`\>h\0@WWo\Dt)(Ire\0Sc\\rB\e\\+X\ bW\./\\_\r6<BbX~=j\*,X\0V\(:\GN\\FQ\"N\qyfc;0\\\\"\\\\z\'\C\tI\SYRs\h$\Q)w\Vqp9Q=0	{j\I<\\4\2=-\\}\8t\M@7\\\\"Y\*{^?\\\\??\#\\]\[\\\Q&~44mD-\\\\g|\UhF-O2ZXoo\0+\j+\?\oG08y@GLJ7QI)g\Hp\ASlb\\0\E0\7\\"nt\G#\(J!1[\'\\B\0_\\^\Z\T\+\7\\\Z\0 8\\\>l\\i\"bc|5:PQB)00bp\c8_\\\\[6-\0|i\ \Q0;\e\{=N7=m?>\r0\\M8}\Xp\\CM/ \\lX\y31k\dO\\p:|\g9/C\\9b\\?\n/s2LY(&	m\'!4c+\;bv@L7\\x&\,u]ui\\C{e\\(\\i`\nv\y:3W@\\\c9|\j\\6`\\'n~\'de\\b\Qii\\W\"\V]\#\G\*uY\\O6$\IeP.9jS\#6bL\\\*Kwb\\BM/\\\\\R&\\TS7)\ibhU_ \rr{8 )fWnYS+P\j\p\\\`<\q\Ln\6\nx\$[\&i)Ii\\\vq?\\0!]`p\\\%a\UI\wR/.\\\)]m\r\#^\\rJ\\"Q\|\!-!~\\mY\25.P6\\\\]Ly\\L.>\'j+N3\\'\n/\\0{\\\j\\w\U\\c\E\%~B\\x\\0\ry;p\r\@\e\p7\\>Zgo\n\z\\\s_\\0%m\\]YY}fv\"h*):xx\\ml\+WA	!\\^,ZSLAOw12\,:O<8\\\\*D\d`\I1\\\\\\\\7n?\\H\\Z4&\\0\0 \0IDAT\tz\u\\hzNY\Uy8)O5\oO\Ie.c?\\'\_G\nb^`\\q\~@\du5kW\\1\3Rnx\\+\%[\ N7\1\G\.B,^\{\\\\S\>jq\%/_?q\\G?QOT.u|\!\\A\n\f7\~\W\kzO:\u\g> (\\\x\\\\2x\\|$#:N\\_\\;\B`\a\4i:\)\\r:^|\\~N;\;\{^8\wh\3&C\p]\\\M`x\\\\?F\\\|\Ef\\Z<P3oWWW\\\q%z\\0\\o\;[\1\\M<\\S\:!0\m#4b63\w-G2\zS;3tm\\\81!N\g.BuF\k!%$1:\`\=J\e|i^=\d/Ev\-\\;*$\mn\_qBedS0$X;2\*\\lR\}#(\.DRBR|P\9\f?\z(\)-8`c\\k3:\"\Q@ksX\Z?\(\%!\\4F\; \S0	;_\Q\b\6T.)m\\aCj\P.\z\9D<uGK8i\;~zx#~{\\]\MweG5Og\r\\\b#gM\g\Z|u0*\}\0O<\\}E\\?\)IB!F[1FYi\hYaT\HYa$QY0h\\r1q)Vj!E\\V\\\$	\\\n\\Jhf46nWAl\\'Ul\\b\M8I<\\6t}\QjN\\\c\-:u\e/\\Oi\v	aE\gw\'\_cp	\2@\\\Jk[Pm%q`q\)D\\\	yLg\M^%\r\\-7\W\\o\NeS]\\t`M\\fu0A\*\@_R\\\T\;]V==DQ_\\-\\d\\#HS(\;9?il\4@\\~\,#\o\'\p;\|r>Om\n#D/\1;\>m5h=#IdZ)}\Z\Z \\;g:\\\[\g*\ni\"(NguF\\0\>y2YO>w8c\Xh&wt\]pF\\\0u\s9X=Z\'Z\8i\\#O<\\I\Z\]\\x\\\\g\GmXa\\_\\c|\r\\vr\n\1Wu\2/W\"\%[/\2;\\SE\-bR\{\\9\\-%?\v\\\\\\K\O\sn\\\\4\\_\Sq\w\u\Rk<e\Xw\~;Cw[)\5.+\?8\\"(\'c+/\?\1\\_?5C^q\\.\o\\|0\n13\	\\\\/3\&`(@\P\\;\v\\$\MF9w\u\\0\\\\G>\|\3\\\\\xTG?VZo~Xn\ZStG}\8?\\C\o\7\\AzO\vQ;3\:\00\x\"\yag\\Pa\O\~`ES^*x\yG\\\jDy\\#}\Sh\\U\'|]~/,\rbS\\]\[=&\=$I&XGO\Ie^1JJ\rYF\O\Qh\k\(<y=\Z\'lM\\\u4W\u RH^q;\Fjw=\?\w,+``\\Ix!>s\JAB@H{wu\@@\\h>$\\HB2;\}	  m$Rc-% pH\mz(\\\q\ \;\;\\?[\'M[Z1\\nHy\Q[Rh\[[a\0\rQpi?\ZZe\\?\ok\\\r\"tm\n\\hik\\s \ne^4\Q<\4\Z\\[Re\\+$fN\m\(\nH=\\tj\74, i\\x\sq=x\G\wo\(%	~\\\^s\_	\\n\0m\>zix\IG}.\\qDy\_r\[q#\\?X\P\``5\ngY%  0I$\nIB9\IE\\6`Gm<6:\-\\s\v(\'0m*G=\\\\6\'JM\\a\&]=\(9yQ$3E`\nS\\pj?6\R\n`\\U	/\?.U\\G<w/Ez4\~\"s3&Df21\ \\\\-\O*\\\\\G2+=\Rq\^m\\\k\,\<U\\\\_:\w:\yO\\\Uk{2z\\\Y9R\\M\JW\?*\e\o\tN\'Kt\\s\t\Iwp9_\0P\Y\\;A]b\\\PJ\\]\	\0~\0|\o<B`2e*|\Lp\mNk0m\tS\L\\^\\V\\Oe\\\FTdpAcZ(_\\\y\ZnY?\\Cq_wa#1s\,Ljm\'Ps\?U\m`\W.x\/!-o\;|\0\qz\\_8O~\\0;\C\\1;\\\3\tN\08sqS\\"Lx\;M\w7\\x\0[n\\\:\M<?M\IQUOy\\q\o\s\`M\,l]\$\8oHL`\6cMQ\<Oes\;Fa\\uAQ\{\\\ZGP\\\0\28B\\$hy\"JRY#N\Cm\N?kue\{\C=\r{E\r\r6`8\p\7\&\\\i\eJ\h\`\\r\\\+Rd*x\'3v6~o([0~D\vE\0h0d1}#R}\v\S\\\e\'8\\\\\ew\}!q\,A}>wzF\\{\x|lt``xA2\r;4N9z\SWR@:e)N\zOG1]`\\i\mC ^mmmX|9.b]6~\"O\L4_$XKmvq \u5S\\\zO{@0	w-7\DG\9\0) 9dZ\\Q;i.-aT\A\1qb \f0\b}gwwO\5sM`t\\W&3b>\v6qcW\4\l\0MBIX(\nO+^la$Nt9;etP\\^\h\zPS\qH\'G\\\{L-bzg-*%}e\=0\i8~\4LT@\\`\Qt`\\\q\r;\0\<4\.\cv`\G\\?=\!\\H\\'\\\y[wu\7j\%\77\Q<N\\T)m\sS^X\wb\ZQqT@b\Zd\FJ%K%A\\X\n%\lcf\3)\0U\pf\\\'\"?\\0Hm`}=n\dz\\Z Q\`RI*-}XyS^[\\d\'\iw\?Gx\$\\\b7L-o\DUEt-\hh\|\\Q\y)ia,\$	\db\0\\o\;GK*\n)=<Q\wjm!yYjc\2\59m&\3\\+\\_@]=9*\Q.5N\\\'\A\[\^\GrL\	\\l;\\_i\iGP\@?A{qAQp\Ak\/eO/\5i[%U\ycehq##[\?k+\+j\v<xH\lW\\9I\n@Zx\Z\\S#e9a&\B2y\\76_\\\\\\gW\QYg{/\\8Mnc\\\\\\\\%_\/P(\dPc\[*S\"6j}\yo>\s\\\?\o\W\kWq\\\[\+\K~]~E\\(\I=\\9ses1^\9W5o\\2<\\ Q9\\^,;\?\0k\'\K\0\{\Scc;M7\SrOSx7oS\\(gxh\Z\k\Z\^suOyoW^Og\m?\\\\BA\\\$$\Z.p\\E\{\\0~J+\jLyer\`\X^\01\"8\Hag\`I\F\i\9m`Ex~r4\:\Z*\lu0S~f\^t)n\\ZT\|r\p\\rO4m\\8x.\"\/^\c\\0\+\&\A\+W\\*\'.O\^\\\\?\:E\{\T\3`T\YK\0-[pc\B\9\|\\n\0\]\\$G\\\\0B.TK*nE\K\\SyL\8L\Z59z\r\\(o\\\V,_/G[[zfv*\# c)E0s]()\\\C8T\O\3J+\>GB\oO:\'n\\=h#\U\\Z8XL\g1<\X?n2\\o\:x\)\"\7`ga\E\nc v/\\0^3\0_bwD7\rs8~vR_e&\\<y\>mt1(\w@\\\r\B\MhI	F\\t\\L7\\mZ\0HF`F\c\\\)8tfG|O^\6lI ey1NEG16\\H\	r	\\\C\ JQ\y\3\i\\dg`\'\3N\\{`\&\g\sv\\\G7e1^FF\?d\\\}\ZE~\\\32!\$c\Ie(m7Q(k\reX\#,HT\;A\\*azK0<24 vh6Nj\>I\=\\1bt4U\2\0B.b\\\V\>w2s1\$k\"\\Z>8\\T\\,\'2\C/\|4)B]\Z\/\{^:B\\<\\\'jOer\:um?\O\Zj~<Rv.aVdt\Gj?\Z\\1\!\0\\\?vAT\[OGr\\\<y]\^G.*L-7j#\DrsYC}\"e\Vf,\\\5/\?\\/\	\r`!D6\)\JY{B\n;f\\\0\P.\r\\)Y\zo\\ws\W\i0>z~9OiU_kv-L)\]e_\+d\\|ox\9Xq\|}=x\T\F3s\D#\,{\0Z~QgvQ\#|X\'\0<\\\\\'\,_|\M]\\\\\O)\}\\\5\\\C\\\szmk\-XuWK?7\.\\Q\Zuw\Z\\\\\'@Exn\&wes\	(\V^q\c!188,6?V|cX\\nw\'\\Z8\\n\g>]\;xc\wW]9!\\'/4!9L+K\\gvo\\C0vP\\\\:Cz&\\\-Y\/J!!\U\\q_]VL&\Z\0T$\\&\C0\p\\Zc2cJZlLV\[ar?&6\!aBa\"Fr&*p%\\H	\E\\d@IQx\\~\E,Y\\2}|07lo~\v=\qe\l\s\:R\m6pQ9:rJ\$\<>rY\\iZk\{\hooG?\:\\\"p.\\yM\yy\I\\\;\:R^`%\Q4-[\@ %aQ\\\f\0\0\C\?oz\?;#O?A\03`bR\\\_;\\dQ\')W^\w\=+V0	w.]Nhf|y}P`\'\Zxx\\DT&(_\7/r+7yr@ln_rff3\A\Q\C\b\\'O\J[;gp\n~!\\\nV0;V\8}2:&if/\X.{`6\0E|\\DP\ztbJ\\q\\"\mj\\f\7O\&\92BV(a)IT\\rf?\_VZTr\\(aB(nV\ZC}eG(47aRG\Fbs	M\[$i-uR2P*ir\\!\raphR	rJ+(7*`YFf\=\'9\geiz\\u\\wR\0Ol}7\(>\\\<\\an(qMcCT\r\is\a`\K{Q\\H	MM\\"XTFTF\h\Zie0$()\(i#\")dBJ\7\\03\mO\U\\#\	\7\\NI{\	\r\\\\0\}\P\\\xKm\\M\?\\z\G\i;\\0	\\Gr;Y$\\1\\B@W\59a\\\j?M\k\(J_\\\;b\\O\\u|cI:NG\ra~\\?\0p\R[\_\n\Z!\\\0\\v\`W\\xg;r;*D\+@\w\\\\\2\\\0\"\\O2ew\\"zBKD%>>0W\.5--h{Viu\rkw8\o\'\c\?\~7$\m$\s\\oL\\'\{m?\rh]R\\zDed\nC96\\_^\,~\w>z{z\\m\o\Wy\.$\7\~\Z\\\\\0\\7\vPH(+7\'-:\\C\y\i!p\G!\<]\\\<\0\0 \0IDAT5?H\\\\.|+X\\\\2j5\0-\\R\z\M*\0?\\+\[\y\\\\0L\/TwB\l/0::/]y\WwySds9x{/\u\\\\8G\\0\\m=\X\]s\_]i\X@OT\\=Z_B\+d\\K`\aL?\So\)	\.6\r+V\nSR\/H3&\(Lv\P/M;\\nhkc \B\!s\I\0b0}fy&\0\Dt\QwT=\Q\\Fg2uL\IdA\\9H<r$8`\n\|D+\-\\\\\:\PvKQ6l!_xfz\\\;y\\\\S(s\\/~N2\F8/A\\\\0dam\=\a\&r?V\\X\=7s#\qq,\\#ki#V:V>,\z5s|4z>-\=<\Yfa\_\p\+1SH/\\P7`C\nQ\Z\\\*\C&a\Ih}q\0&\\\\<\`G\\q\?h\\rHfm\\"F:\m\nm=)\\\w/\\OxAO?\Zy\0\n$-p\\ 6&%8\\+\\\\#x2)!1(\QlR\0K\\#\\&+ci\\C\yy\nv`hhmw\\ZQ(4]ve%(\r *1yJ+X\6hC\(\;Jcdtvgf\\.[\\v\\\\\ja[\~\_V\nR\n$[\\'5/:<!\p\q\\K\ra2\&;\1>7`<B:OyXr\ZF4PehiQ\e\2\"\Zee0DcA$`\)mxj\.\#)+vE8U\r/*\\[ v\\;\6Y;O\\\3}\>xb\\\nkl\\+]Y\\6P!y\Z\ \]Hh\\L\\?\\=mK\S`\\\K\\F,*\G?sy\\t\"0\W\?+*O\I\Xu\"\\k;nX\Jgn\r\\\_H@&`?;v9WUo\I9\G&\\'K\\\\\&E\iQ\\xC.\D%Y\\<OW\3\p)\\(8Hezc;R\r&\k8jcyE$A\!\o\0+Q{c\cBL\W=\ \|\X\?\rjq}[\h\y\\\s\b\a>\\e(wol9,\iE 0 \3g9l\=Oo\\X+K?cA\n\;\\X\T\\\\K\\kG\0NX8?#\\p\Px5/\9e\nn5^\z[148X\#^vA\2u\"\\\ \\{0c\t\\\\\\ =oj\\\\\".\\~-\1o\u\,\; \\S)%\|\Z\LZ4V6\( _e`u\L0dr\0gt2\*\\\+2\\79\2:M2\xO22\q\)=`;;&4Yh\B\ik#\?\6qz\<\\5$T<N\D&)\"\Vq`Lr`x>^^\\"X%cah&Ry\\\\r&x^`k\\.?\rq+dn>@\!>\|t\\\h\2	;o\]9~0\:g)\\\9?)\\y2\\2q2\}\Sx\\ap+3k\Xts}\iw\\No#oC\r1VTGWK]]]\\\\rzj<\\\WWV\\\'O9;/7a)P\'9v\Z\|N\r%m?O\"O~3b9A\c0k	n{<vt?@J\/\'A\9z7QC45I5(C3^a?Syd7fi\00\'.\-\x\v4AqP?;`\p\\0\nMxv[hB(\Evd\d\L	\lP\,l~\Z,`\Z*-\nQlw\j4A6v`pr\$wU.\(\'	14<Rr{N\Fi#qd\\,8^ky(<\VtLjB6M%\n-._;\-\I\"\rq\~\c\iOy\\\y\B:o>t\#@\"\P\0\B\0!IFG\(kDhPHA,N;r&4\\\#/L\r`2\? \\\$\<\(\d 1u\?rw-7\.\\N\n\n]KAnKY#(7CrlR\;\\\n\\\F\1\\0\Z\~1.j\?r)c\\~9\\^6:w\`\\R\Zk\?\\?\\'\1s<\,\b#\\\ur/\r\\LF\`:`cq#?	$O>\C-Kr\;\e\\vwJa9&\Al\N)!8B\\V;(\\)&{\W&_IV\nD\AT\r\%\\\\\0`\\>o\Zwtv\\":457ctt\sq\W\\W;L\\r_\\\)SK/:\zg}\i1\[\nv\ry\pGu\?(B\\?\B\\v\\\\A<U.\L;\njmd\rSA8\mXw-O6\r_?o~u{Gu\sprW8b::;q\U\\\\ \3V|x\\\'!x=:\fc\\Q\g37,\Hoo\\rWvPAL)\0.\vOI\\Y~H)\/^tW1La#\\\Smf4\/\\70\\=npo\?9\\s\4/>c\\6U\29#+\\"\\0p(\@\\)P(3\V2\n3Vj$/O\w\$M`b\w*>\\\IJ@i;:\\r6`\b\w!p\Max\\s\\s}\|DJ\\\0\B\AB<\hXf(7\:\9:Cu\Y\\\\i\L\\%N?D0\\p\\0\q^zO\\x\wh\\\n\:\6Sb\\\c\\;DB\\}CWb\Z$kjG#\|\n\c.Y&&\r\nVXQW\\D\A691\\#D`x~1\?\n\\h#H5\9\\x\;\r\bD\\"QCt\/\Q3nEK,zN\/\nBS\0\eM\\\l\\N!0?*\\b1\\\n: a}$}\Ql\\\8\tY\sI9s$\/wD-\\o+{\\nRK(m\<\\F\`\	\\Z\Z;~$\\ZZ[(m\\5ZM\0F!|dB\(l#v\\;z\	\'\6n\\\\3t\\XIcPJ\_?ar\'w\\r\' !\"\rK(c\\v QvG\x\/`\\r$\vNT\dpeX\qj\9f@\u\Zs\BXX\G*OUZwGN*v,\\'c\\A\GOX%O\?b\\%+]\T\?AeN#\\\;c\;\1\~7vv!3\?\,=\jO\=]\\6{Z9k\D\X\Ka\s\\g{B\02[\Od/aL_Sa#\S\(l`\M!Gi	If)\\#N\\	vD\:t$9R\ME\J{-~aat\'1\s*\\\@%\n\\0q<O\<!\vm\/\";}@j-\'\=w\\'+O\S?\"F[\\\r\_\t\C\2DO\\\{)_)\n?f;:;q\r?\\9s\-\\\AGG\'\tXt\\Z\Z)S\w\\\\\\%\n\||\/\e_\Z\\\t\;}\!]-7`\]+\/|ko\\\?\\Z|\\!\q\\\RH\o\O\cN9T<?\#z\\X\)))\\n\\M\kq\o~k\O?O^0s\,\q\/\[-\mBS8[+\\p=V\\q|\=\0V^qttv\/\\BSm\=\Xo:\\\\\;\i=Gzke\f\z7\\\l3\Zg\\"\T\/Qd\\\?Jcx\DOJ1v$bN6q2\\\`\\(\0,x[\-l\zA\\Wn\IFg?&\<#\xH*\;\N\\\\8`@Rb%\\A\r\\\0&t`P^~LvyY!O{\gy&\\\\v\\Kw\\\qg\\'\o[\\\p=2;);g.6\GN\"5TxqV^\~qUC\\T\A\	y\\'c{7\\\0g\kSi\1IlJyg\R\:\\=_I\zF\r\\D\k\b\\cGE[\\?+W\3\*\"\~O_\Dpq]\Y6h,\aCka@3M{`jS7clR?\&\/m@hQ;\ \gF\0N&\{ka%\F-l!\j{#\\	/NMv.#X;2\\r\lV\\i7\G?7\\sSt4*\d\n2\\\\)AN\v8J	\4.@12ZB(v1cT+\0;ZJ{g\\h\\r(\\mv\\ \8/\\:v(\nG\W\\\I)a\0z)4z`\]\\MFY%P0R@K	\h@\\\\r 118bj;5\Zb=\0gy&%O\p@\e?\$*\i/\vG&\$\\#6<\\\\+d\`X`?\GF\\\=\0MMc\t7\s\Z2?	\\'k\{t!\\1.\\;c|F0<#Eg\\e\'\g1c?/\\\\ml0\de@\\~~I~n`M\r/#\\x}\APa\n\IE2RUoG78\LbW\9\Y\\\Om\Y=5\\\.g>1K}6,\!14J4\G+\{V2gXOO	>\\>e(	s\Jy(YYP\W+\\j\\>$\\o<:=>Z\\8\l\r\/\FU\	y\\kewf5\^\\^\\Yq\\6\\\\#\oj\]8\\3qyo\0\\S\\^oRHf\o~\\\/^z	n\\\"!\\r3\")q\\Wun7\KTOD\'\b\\Z\\/\]Kw\nKN\0\\0x\\gp\\\55\e\K\w\\\|;\+65\/^3p\\\\6!c\?T4\F0\\\'?\\?\hoo\\U#\\\\\a\nOy~p\\'>?~twg\\"QF\\q	\j\RTB8\\pr}5?QS\W\$OC$\\S\W_F\\\\-8nlU\\{ LN\+dB\\zCch^\\+\\Dtp`*h$ye$\0NL;%\"&S\]\-\h\\\\t<\P\tbR	0*S0\\\Z\T7WPY\\'u\"Tu\r\J]=/\\\\\\3\\\\@+^\[\m\V\"\n.}\\<\\/\'6wuuA\;\#Np<lff\rs\L?!_9M\1SHc\\\cr0\i\\\+!:\y~[N7-[eauXz5o\\\|\>8\qN\D\?/=:8\rWo;\rN\}\h:e.|\qPa\9S!.8NO\\0`Q`\\\47\:]\n\4a)\'\s:O;8\e\O\'e|{R\\BN*6\chMBbsRF\\6*|(%\0\;_\\`gTI\t\\R@~Or\l\/N\\%K-/\|\2pA2)%FKeh0mrFa\0x\\\\Pdn^\\b\)\ \\>\B \?ZecJ	\r\\\\w\"(~/\"1\Z\0q$1:<a\A\\jeo\\yI\km#\w\w?\>8C=2\)XRfw6\?3.b_<\ryu\qe\?\h\\h?\U\rL\i\\ O&\\O\XV\\,YXxN\sz\\\=.o\e\\y-$$\0rM+.\}D>\\\\Ur\r\%M\j99(\rz\hR_\\'C<X\u\5K;\yr8\"(\;:N(29z\+\ZHL$\/\{\	lk6\\f\\_@Io\\T\\w@tCP\?#1I^K^\\\\6\~\\nh/n\/\'\\?-\?\\^s5W\5]#<\n\N\\]8c\8\o\\,_9\rn\%5\z;\+\K/Zw\w\\\\\\s:\\\?aW:f;v\\r\\\Z))-pc\z\8\{\q\0v\j\/x\?\\gDa\\\qv\\Lf2\LBld%+\eQ\nnp5\n\"*|\+Hds!\!d\]O\u\9%\s\[\Gi\w\#q\UW\vuOXY-m\?\)oR&m9#i\g\/}\\h\0\0 \0IDAT8\OA\\\#\fQaJz?J+7o\MI\F<\e\?+r\uO(\P\\\\\\))Y\S\P:\\\L\_\+)||\\Q\JT#\\\YJ\Ir\\\}R,\\r\&:\7L1~a\r7\t,Y:W&\G\C,[mmm:(?<}\Z\\ryy>n\tdJY\\.\i(%9O7x\#\K\ss~z\\'\\\;!\>NaV@\0GMHs\\Q\\O\\dk0{\'J\sM\y:r\e\M\<V\\o8qb\nv\Z\\rEd&?Q!ks|>a\r?\\\]\r\J>\\\\S\\\r\\\\\9Ghm&(L\:(\@1@\rYr\ ?<{\*1r!\Tja\6\>\\\DN,5h\\=g\\j\\Uan\\B\\\\\c?{\t\6j\O)wo\\xW)(\W\\e\:[G\c?J\_\JfUG2v+\#\~\5sZ:;q\/\\GO\(*WX\\\ 6oum]\h\\F{W7:zEOA!4\n\0\n\\k\\)\G*\"\">zO}-\ZkGZ\==RP(@	)y\\\3*\\G1\3_?\yWr\\\?\rR\\)\a\O.^y(\ xB9&\\:l\\\\\q=G3\9X\\\_\%2\d@\0A1C?_\/S|(72\v\rRe=s\86\7\>\}w\R|:eS\6gq=dnM\c\m\N\knCEn]o}\n/<6o\\d7l?(_|\\\O)z\\%\X|\%W\?\\\6\\\\-/x\>x$\\\_7Q\W\7}f.\hkkl55#q\a\\q\W\.w\0_g\\Ow\c\'\?\0N=\\:\6/C@\Rz{{p\\c\y8\S(\M}az~\g0e\4\.wt!\\\1\0N:.al\\?\s\"f\\X\|*Id~\\0(&C.o\.\0)S\Ho\0qE\\'7,$e)\"+@|!\(\\pt\#QdJe?0&\nR&L+p\7KnXbVZ\\Ubxx\<\\\\oiv\\*[\\5\F\\Nks>]\\<:&^\\.\m@\t\0=\ uUmQ\L\f$;~FU\3Hk*\n7\Z]\/?x,__\0j\(W\%K4L$CdL?\\0iM.EF\"\%;\^s!|mRg(pg\\yg\Y\	W7p\\\\EY.\\-\0$0D??\fWY2\iQQBB<661r4f9\n\Z\\(U\\\\D\\ZS[k\Z\\\\}ps\>Xu-6ZN\D\\s#j\;k\@0}\&O.T@\vX\'[@\ZX:\/c\1\O\\xE83`\TySe\w0x\\FK>}\{QH\\^\hz\\\\0\c\ZZ\U(|\|\<jh\B\\<z{z\\E/)D\'>%\Zy)IarM5{n\N\hiGK{0B<m%|\s\_K\m)h2_o8\>4p\UT:\:\?<;I\\'z4\RkY4j\i9/?*G\F\G\\r\\\O\i_JH\TD\\\?*p\'ShRvwO\1J$I\\N\02\\EN\P0\\\J+\H%/=1\\\?\~\\\\t3\Q|h\VwN?x\\\\S\,\6ommAss&N\0q\3U\\>{&~~S`\}t\\'\ =$,J|\p\pr\\5N\;n.K.>~\\\H\K_|Er~S\0\/\\/Hw\L&\P>0\q9mmx\\UF\.\\^\UW~/E1\\/}_){<\l\0\ig~\Z\n.Si,8=x\pu\\e\#/@J\\v\0/\lD,\B\\k\"L1s\_f\_\rQ\m\\_3\Dk9\G7d\m\++Qa\?X;\\\"N,\VuJt\Sv:d\'(.d\\D\nL\"\\\d\Y\\O\ItV7\Xx1,YGUj\*<\3\\\Dmm-.\\8\#l\2\7)R4o<8\r5`\r\\M*{60	\5vB	\x}t\\\\'^/\\\r\u5<YHY\ 9S\\\\69\"\u;\`W\TCeA)\5)\=\ML\\]JYTPu+M\m+|6m[d4\>\Ry\P:u\Y8\|r,_\\_B\"\\\Z(\,<\n;qR\\/=\\M??\\	\rtP\\.l\x`\8l\Z\roP\m+og\UEc\\\'~`rCF\\c\/\\0gm-$F`/\-\uQy\3U\"\N]GX\Gz\~\4\{\'jUP\_!4\\\Vh!!1d\IJ\mF\0\\\\D4^g%\|[\vs\$L(loju/\~j\\\\\?u4~z\\\6\\g_o5;Cq\IU.\\\jT\;5!g\nQ\x0@Wo!@$+ha4` \m7 @gO/7#r\\7#E0:z\*aLv;/\\r_YtS|\o\b\L(;\?\\"\&m	\"9\\!z\Go<~Loq^\Gi_\\D\Q\?6(IvX>M)o\\\d?]F_\']q\Z\r!9\J?d\\\rrP?j*U_(/_a\'\\\*@\IEx\ndj\x\ I\$\g\r{\\'\fiWn?\D\JeI/dV\X-T\l\\\\UJo3x#)\(O\\52ql\\F\'\YEO9Y\;R\i31\mP\rWvr\+{O\\m1Y\\n\E\"U\rtP2\5Q\i*\&]G}\F;+\\/c\\9_g\_\\~)mE.K.+\=l\Z)R1<Ow\0\0.\2\?`\Z\&g\wOa?2\\)\\Zk\'N9`\oC\8>1<q\\\\\-S:qR\0\\\\w\q	x\\\N\O;\\X\\F\\]\{B[lO<q\9y\Fls\\c\\qx\Z(UE\f\?R{1p&-w~9~2)vI\'\O<\'y,xe\{)\\Om\\vc\mR\V\.\\\K\$3\\@y)OH\\J,\'oD\ZI\:\+M>s&2>NV0D+\4?/d\P>*\\\\Z\0Ea\\Xx[5b\\n,Zz*~9y\<\\\0\w\\7pqr0\\'9\d\RRtHs\\r(\\z\\sH>\,9\\\h0Z.+\Q\k:\\M\;/\}\'y\\' K0g\m>gL4\ZJ\37\0nWW_\'h/\\2\2C\\%K{`$9K\\_\2am	\ww\\0\\! \6\\i[+h\;\0xzs|\B)\}3\rxD\\\^=O3@s{\x\zF\2\\\\en\K%F\Ho7\\\0`~XV\;Rg\AVK-N1\r\\)9\\>M_\\j\0B\m:H\\$\n L\\IQJ\\q\,`;\f-\'[Q\^\7uBZ\0Y\eWw?\1w\_x_=(|s\\U)7~\5\i\\_\=/\\H6U\\\}/\szXi=CUk\\\\"/C\\=@/\\P1\R\8r\8(m=\n$\\nG(\\nB|Sb;J\@\Ad\\\F\\Y\ e\6\'.\A$)\\\\ ]\\\e\Ji\\\ }\\0_g\\tz)\\_T\i\opt\R\%\.\\\\RwmR\mY\\N0nR1\v\'Y|P\v3z)?s\\\T^o[^\O4Py\\y\|\?3t\u:Z\d4A\W\\*\\0nd\@^\'NA\?w>\\\B\x,w)$uWJ!/\06\\\|xPI\C{]\\Ga\P\\E;\\3/\\yC\\*;m\$s}t\?\\EC\sW\=w.\\WpGkK3\\Z)\\V\\%:\x\~^(:]/yi\\\1\nu$W\q<BN$Z#\Z|\0\=\dYId \28&M\\U~$e\s\\\\b\>A_{:::6Wve?\?\'W+,Xz`\0\\Y?3\\MSzdN%IM\"_;o>>/HG7a\w\\\\?\nL&\rp\Wf\WN)8,Y?bk?@\Jk7y?+2O)0Pm<\\xN3}9\sE\'=p9dL.\9I!\;wS\\#mC\0MU\,J2:cf1\"ybn\0F\@O\\%\s$C:o45g\s4d\\}\\\\N\v\m\[SdlS\w\\[N\XK\\0L\U;X,\\0uMx@\\xc\\\\o\\6s\\}S~\\\K\e\\\\\y\JMG\+/n\[\\M*J\>|y\)T\n~H\\`?O8\\x\Xr%XxqG}=d\<{CJ;q\e\0\\h\eJ)}I6mV\nT.aUG\\2xuriI!\r>}~y\W\\Zj{\\\ZwxM\\\\9G\\\\2\5@mC{C)o\'\\6?ic\b;\r\nyV\0\1vgVV\0;\\ ^f,\nGd\\\YO:mg1\N5aXG\\BC\r)\\\a\40\:>7Y\EC\g\2b7>\Vveu[_O-mm;[\\8\;{\*`\0\\\vkx\_kq\\a	\w!\v\\{u?/\_D\\Z*Ey;o\0B\n\"c@\0 @m(1g\!P.Xz %\PPy\nu\Z\\\Z2r3\\\r\v\n\\w- \Wt*Dr;\#O(\bD\b~4p	\?RgA<@H2/D\^AC9H\\)/D\/OE8&I$YN\i \XN\\'ydH\9+\\G3?\`\L/\}a\J\7t\O\\G/*\z\IVh5G`Bi8\NrL\\JJ1-T]K+VU\\\\0&mok\ri%a\\?\\(JM\!^\g]r\Z`y\\\m\'	V\_$>T{m}Y4.\d(J\\\e)\\I\~S\0SZ[lddvC\;\K\|	NC\R\\r\\05\e:\Y\G\\OO\\C\U\={\`\|\\\;7\'~a-\^BH,\\1XaWb; \\\3\\\\\]_\\h\O\"kQo\>}J\\_m`\w/\\0\\3f\/}7\8\S\'z\Z1zt=\\0m6%%\^|%h\'>c\6\+I6P9|`)\\_#\w\0!\+oSI]G)\&\S\\?y>\H\\US<V\Z\~\\\r2W\B#\\"\Pi\O^>N0}\a\p^YC%`J\P\>b\\Xt)\\.o\P\\\oz6<0\r\Z>!_e=4__0\7&L|<I\0$@(\\\"0:\r~|%<m\s\\5\;~\:\4mFu\f\v{\\\*++,nvU\n{R\\~\oW\8\\d\|_e\pnB]]]\g\?\}(_i\nFC\[.dEa%I23|\^\J\^\\_\w[\A>\\N	\-[\\WfCfW7~ZSu\/]{|og\\yy\5uHV\\}\$=v\]\fY\\^|\\\?\]R8z$z\0\0@u[w;n\\pY\\\\C?\9;\\(-lR\V&\\\0T\Vj\aC\x[!\0\ZR\nvK#\f_\n1M\{w=sqL\?<\\\0\0 \0IDAT5\\\\[\\Bp\V\o\q\DgOo<;iLe%=D\J_5j4\M|]\\\n(\P]3aZ#mB\09\K\TdzM0!$XttB\06Q\\\UF \/dCB7#8\\&9wK;,\H\`\\n_\\Mp\u\c=\\\j\Vk\U\\_o\2q\rA\@\\S\\`D\*B\$J\>o<\ms#%\\~[;3\\xy	E\&\#.[foIuj\C\M\53\\ \Wx,.df?`\\\~m&\:}\Zx>Neq^\?\0uGrs:\o\\_n\\\oSXWd+\s&ax\\Z!\4a!\\ \\(*x\6&u \\^\\'K\'mY<Lk7OwM\nIIM\vbbfq\\NY\\$=l;~.kIY,EM\&^\\H\SM\\\Z\4\\/ZQ\y$\a|\SazL1}\0\\E&7\\\Z3\\]\\\\\\\\^\\JMJ\\\Z}>\\Q-\\c\v::\r\"V\%_\\)\0O\~\=[Q+\Z~\\K\2\s7\\\0o0o\ox=X\oy\$\Z`rlDle\'CY\\V\lr\\a\W\\r\S\5/+>\4]&\\\ss\\o]^r\\?0\\\#x\O\\k,V\2T8x\0L\j\pov\\?o)_\R\ZK.32,~\\+x\\\rL/tDq\un \\\}hdFeS=J)<\L:2~\\\\`y\6!@\x\\2	\F8\#\3UX/\g\-/a\q.^y2\\\A\\0\\\_\'>|;\e:\R\I9\\6c\Xr%N8~i6(\\'\K\r\Tk1\OSS)J<\@_\`Q\Z\0/l\9%&\\\\a\\1\Fc\\\\\xy;n|W\r=\/\\\\Zl\P@\Z[\er\\\\U58z$\0\\Z<\\/:\\\\ eZ\]\e|gTnKAruTB&\k\x{  L|\nZKw[\\Ot;Zu\\\V\t\VhnjA!0O?\Q%q~1@h;UaB<\\\0J!\\\`	8\aTvM-x\u\V\@h\r\]\\wB/\w\T\M\Zt\5z{\\B	\'#0F)DFSa\0H@ *!0*q\rJit\n(D\nFEhi\\0d&\Z5|\\X\\KagYrS\\r\X9O\1\nU,X)\\\nRih\\\\2(2\U\"\$+\\re\n\\_\'\Hpdz\\?u>	\En\\)k\M\(\%k\\T\\{_n5I\\\Z\\\:ku\\VV\\p8\9\"5\\rLdB\r\V\:L<g^;N\n)+[**\N/3/l\xHV\:dgk\=O@SZ]m;5A:\&\P\<Hel\\CeW\:o]l#\)\r&z-_]yk6+a.\H\yW\\Rd\E0-C\`/o\\\Z)G_rFeW\\\\\466be\\s\\\\9K/\\~%\d+\'\\\\\M|\\\Si/\8G8B9m\\\YB\]f2\\$zi\0\n/\\3f`-7\<1-\\_\&\\E8\O\\r\\B|\)\\ \\;n6\ZK/U&LDuu5\_:_-\z\'K^7\r\\n7\\_d3\O\l\ ^\Z[\\%,\q<H\E?q_)\\_{1i\|\C}\?*Y\Q\\\vu\\I#]\rEV+{/1gI\\}\\c\5Lmu\mxK.\4\0dEtl\\71E<m\;\"f	\x@\*\(W=\'k	&\\\e7e\Z6\"%n@~cu\\\C|+\'.O~\\%Kd\w\/\Oyd\I\H]SxXdE\S^\P\+`\A/\JFye\oM?|\O?\O\nlI\\O|\)`gbF\g|\\e\?O\\Z\|\\Y\ |u;\`W\C3\Y7c\a\\cW\n\;EH>`S\-<\|o\\f7\W\\\\SO\3(;S,:\v3\\\\,7\\u\0\x&nW*>?@\Z[:w`s\WF\Y@\U\ZWaRO(\.\o@}\{_*\\S~\\xg\n#jHow\g&\\0_G\m\n\b;)*N\f\.l\	)5\n}\&L?*Rf!\\\tTZ\\v\\NcI)\V\U\0\\lATP\\A%/E\\Ks5~Ab2\\3\'[^\E?=rnP:U9\\1\~=BDx\O\0O?`\\M\\~@{#/CcP\ch\rzB\\TrR_	`[S;xKD=@n$\n=\ip\<ILi\\\[\2R\rH\Mz@D$\.R7\D\\<\\\85:\t\\Y$:[\\\nq\Em\P\?:\O3\}T\\\w\&P*\(\\?]$<\sL\t\Zz\i\{@\\\nvu\\\'\\yK\Hdg\\\?\5o<q!l;]2gEK\Y\Y; y<}\n29\8i$S\Eb?|d)\](BHp	\iB)owg0ZC\Ab)\X\fV0$\T=T,}2\?l\f/\i+\t\;\bG(q)_\n6{&N/R\RVy\\}\9Z\0x\\?Ga\\?4\{\DTK\Y&0`2R$\rO[\kn)=\o\\	x\m6O\FO6\sv!\w\!=C.\ig|\Z?\Z\BY{1}n\w\\\"\A6\08y^x\}\m\\\\\U&\Z=\Z,-&M\ux= s\q\\W`DuugGN\\'eX_{O!O}dl	X\c~q]===\\qj\\\\]q&\kp\S\'u\\\\\%\[n\\\'~-)\\v\\hp\\w\u	~\P\\5\^5\9\<`1:::p\:.$Mr\E%l\Wc.\b@\0\6|\\3w.~}\mx\q\Ev6\\"\D-H\5{YgG\h7\w\\eQ9Ey\K9hyA\\\\l\hh\\"|8\S7\ty\\\\>\~#C\WE\'\\x\\eD-%Kt\RX\=k?;CX\'O\\?\i=\7!~\\Yy_!\*[{|\\\yD\r\Ey|V\s\'X\'A`V\"ox\L<ZkTu=QK:\\w\'=\6t\veX\2;x\\[\}W\\g\r\)-%.k\\e3\{R\"\S2\'\\\\\!U\|f0=G\o[,xY?S`\v@\\\'\`vD|.h\y5\\\8VM\Ann\\7\\>>\\\\&\^,5A\Z)# \\5u\\7\kVGy\\0B w%\BGUB\\*t7A=\\R`;h\NmT\tA\j(\J$H+\z<zT/\\\m0\^HO\\\#\r\#]/o\\?F\/g\o;4\r\)\n\2+RV(tvi\jl\N<}\\s\\%&:\ZZY\k\Hg1u<\kF`j9|oBBW+kEcU\\\nXRBo)N>\*\7\2l\I\Z\}q\sq\z4R):h\/n\Z9\\+W,Sgo3/3tL,/\\\\\|[Rm\\\vb/;7%oIuTD\Zf$y\TQV\6xY\s=w\0\`AuR\\!<tl*\Q2\3<lB\\3\?\0y\Gkz\>@\0G}\\T\\\\,K\+\`7\?(&pg\\o[A#\r\rhmiI\6q\dl)[~Ktwwc7\\J$7\B\v,<p]\\?7tv\\/\\~Sp\r\?\?=(}8\c]\/~+\;\\;\\-wi\3\\\\\'1u\4\\Chkk\;\\\s\\\UpW|\\9}t<#hmk\\Yc\y&S\\\\\=\=\0w\15s&\c\\w\fixd\*b\#\\\\G\0\744\\q\\d\3Uhmmi\0k\Ll	L6\rBJ\m}\\KC\WY\`\yn\\e_\T\hT)	^UM7:\5\\	}k6\\\0%+EQ\\Ck\Ve	`\Rb\?~<f+?K%\5\A!Rca\2{)O$\+~\\	(\|\;f\X~F1&\\9v\'\\s<I\d\D//\\\Mtef|lF\e<rz8<u>#k\K7e\ZK\\\S9^}^\o. >\'%W\\\OKT./Y>T\RRjF&:y[\\@Y\WRS7\noL%w/a\n\n\N8t\\/\f\_kj	=f,\q{+_IzM+\\\\UaQu-9;\\\0# l\nx$\\#lW\noj.\K\?\-\0\Qx\\Wc\78{\7a\"j Z\m\\ukmT=\\Z!\#\n@ \~_^#P\F]\\\6,MG;\'CB!z\6_\#_9Cxz\FU(DvkK3_ia~\2\l;{\/;\pL5:jk6<\U0>4n/\W@[w/\nJ!\\Z\SCA\)T7\\"j\EwA\\\\ZL\\\]\A).#S?\Q\M,\\6kY|U\"\'[\\D	o*\*?RLY\\\ g~R\m\\R_iUVc\PTH\e))O^\p\[\vh$\\9ns\69\(/,Iy&\\0SAsb\^sIJ\\iHb\M4F\V\}\&\V:.<g\dj+\_xgj>L8K/\hg!Bh4\#l0/\'e\d\J)\:\S1KfW 9\Yk\m\ZJ\\!vD;QS\n82\v{uCi\7-Uq]q\a*pk\0\Y\",*\\h;O=k\\_kcR8z\I,\_\~B\\yi\,[\uq<mcMkie0;m\\bk\y\3A\@h\'W\\\5\"2K&}\JQ\\bVJ\\0\\,a\.\r\0\\\t	n\\\}\?\\Zpb\p\Z\5.,\\}\r\sv}B\}v\\\\=\0p\\9:t1\\>\=w \\/|\E\7=\>\\\{NLsln9\P4\\\\Ex\[\BKKhkk\\?\nW~8\5?)\0\\\\0|-\?\\0\GL\q\:S\9\\0\0\?\<G\\E\OzI/\#/\"K/K.W\\\0~!\\rK\V\)\\\6N\C\E*&+\hj\99	,!^ \x)\ncV\\jjj0g\L0\r\Z5\n,p\`\ZG\\>9`x\\+E3G}^\`\n\Kr\/i7Hnn~]X;km%3NR\\0}\6K\t\A.\xVNoG\\f`87\\DeS\"^y^?#u\FE&\?=\\\\t?\\\\05\\\r}g8\`\p\0\bC{\n?pTWWe0\\~\\\\\i\!n#\n,\\7\\\P)j\\#\\0\0K=zq\m!\\\efL6e;K\g\e2[-12\\&\\rRb=\2\\ny\n>\a>Q#w\#\k\u\5>\}\0\rc\'\\cFB\xU=7\\VJCEzyt\0\\\|\^x\?a0#\!\\%\0/oL2\0<l)>\fgk;~y\O\SG\Yx\\0H(\F\\"]\*OBJAb\	p\Y_\z\'P\+M4w\'2B\\n(m/ Whi\\nN<?\j\rl\\$/>\\>\.\<crah;\",,[\0\0 \0IDAT;[J:g2\t]\n)\\_\NE[|\~\\:\\R*\?\84\9a\miJ_\\rB\i/Kn\V=\?\\D\\v\)\\>\\4ORy8\:+*\=J e_\2~A	*&=O}\y\i\\&IcW\y?..{7(:8]<.&{O\Lv\\\3\ )t\\;!\k\M\<%\q/]l\\?\\0Wl\'z/x\c\u\s<\W*dn\(\\z?<-\?!O#\0475\~3)P,5t;&!\kw\frl?noY%;?t\[gK`Dp\9_Vt]\n?D\o\Ftas\\-[y\&|[k+\"\C0e\T3\\\wd81y36o9s---\k|\s\+[\\{\1c\6o\u\`,---x\qbq#\0\&45599\hnjRz \>[\\{/n	H\?\\\"\"\Rb\?>6o72zjv\a9s&_G~h\{\\7\\#eNB\\N2\7\\I&;\W2\\>\\\.p6\oc\o\\r1{E|\e\\\\\\rlI0\n9w\PQ\9a&k\x~\\\Z}r\\ZNN]\Z\<L\\aNM\h\\=K\GS*qT<\\\q\\\H\/X %nY\$\79=\\(3#|\Zf\o8-N_\\n(\\\'a~\\};&\0\=\y\u\\\_~TDsf\r|eC6L\]\?o\8\r\\M\	\VdM\\*\IiO\\l\!\'\\!Pu\>\'\}\\\_\\D\|xQu#R\_?C\\IO}|<7C/\"/I\0\Zo@`\\14\\n<\OF|O\\(\\|`__)\~1xM+\\\p:g\y$\\\V\u{4\HB\Z\r/c*8u\rc5Z\[(=\\\`gS+{z\rjv\0\Z20vd+\0\\\\uO\r/\?\\\P\0|7\4{*jr9\\0\z ?;\\\\1--\8s3pGc\30cAy\"#?\a\\\\:6^\\Z\r\8\SM\\q\\~IVPy\\"h2H|7(t&/OYy+\7}\eWU\\'1V\fIl \?{\\\v\@\H\r\Rf./0Y\s()[*g\?1=@eN0\\\\n<N0SeYX&hAyTD}hn(@j\:&xGK\v\\1\\\^:\\Czi5m\,\\\`KJwA\\G\n%/<A2s\0IwXoA\/s\\$%NcG	\\_g\>`1Z\/\?\	\/\'\Ud\\\XW}gI22\q\\o\0T\iuF\\~\;\1v\\8 _6N*\\_n;X\\X\7\8\\Mm\O\Ryn)SE\1j[OP>cL646q\Y&\a:q\={66_\r\\\Cc\\\\0hl\1czj\GC)Sa\\i\/\\\z\sf#C[Zk;clMnXGy$5/[\\Vu\Q\Ja\^]n;\03\\1\c\t\7\,\8\8\1I\n&\\\O\6\07u\7\p\I\\M\\\DS\>e\gt\)z?C00PM\\\.+\n\n\0u\\\\\\B#?=O~,I?\ie\\\"|\'\\\G\MF\\S/D\'?>\mRP>*\"\Zu~Rlf\r/\\\\\f4k\\&d\\	\Uz\\n	L\&q\A41VF~>\Od\u3f\rl9n?&jz);6|>\\|s\\\\\>\B$[\nQ~?q;\_=y\'\O\VOk*]N\\eX\y\\J?\\'k\ns_Txc\)@w}K\@+\j\G@Gv7K\\(<R\rz\\S.T\p\\!<e\d yJrP_(jCo\]uPj6s3\Sf-\oS`\\-xa\\\\h\&B\\6TW \n\0)\\\y0+3Kxv\&+u I0\(b?\2\?M\\eP3f\}\{\D;;Z\\\O`\\\r\\'3\\$[@^Bu$T\\u\:5;KDR{\?\\\<3K\_pw~>vm\W:\\xGq2noSNG\7}\\GHVS\D\\\sn`6\\$F5LF<\\UW\3Z\3|xJ&Y`PI=\Wd\\:i\'\T\`\\g3D3HD5;c6L/EE\-T?\(\|XJ\/\hY`w1$2C\b\m\?}>e\\'J\R|MHWJ!R\\A7ne#9j| \f\> \/mx;_M+/\\_\\\6*\q\\~\\\\Rd1ve;\Zw{\\n\,\\ZF]8\_f\\	\0\\\^\\\o?DWu\0\\\>\\\Bqn[6^9{\7\@A)@\|\l475\7\\n\05k6rae~T)q\Ep\Ot\\0\\w\5)\Z18\\s\\[oKsw\\	)%\r:;\m\\^~\_\jA\\0\\'&mo\e\\;\\\M~\S\\|x~[f8M|\F){\?<5zZkaZ\\ZtwXHmCaXCSs\n>\\\o6E1\\A\n\5\"2D\\uf5<\\\\Z(z\\w0@w,d\\7\|\Z:x\bx\\\\0\'+2\(_\\x\89t\\:= #\0\9Y6\?M1\7\\5_6\\}R\~6\D\G\JSu\g1n\yy!;::PWWW\N),\mmw_\g\n\\T-]\\;^__\\6X&m\b\;`$B:^A\\\\\k\n{\\,=1\ZM\;8h&N\\H*\\RjTWP]\ZtA7xm\xc\h4>\H\\v\0k\c\\l\6\V(8\ro\pTJ\\.M`\\\\v\\bL`m\r/<1x\'p\`\\Q8\G-\#=\\naw6\"y)\mt\::\@)_[\NKuJ\yc\0t=\d\\x\*u\\\h\:qb\\\{t\|`d\?Hp9l\D\\Vw)D\Zaai\\Wo8\f\\\?TT\E?;yOdH&V\uZO:TGEO\\R(\Y/\ix\=\VR2\']\+l6HVjRR\y\\Mh5\\"pS\K~s\2\Ma\ML	\ =\na\\LdM8\,-I>t>n\n9_am_\\<8\\R\ZM.`\?\o\'(v>/R1 ;cO\:@\7#\\Z;gL\\\/i\\"g\\\_?\\P\\?<\g$q!\&\\g\ZO\C\77G*R1P\FS\|I\\\\\\\o&\\\\_\<\]\^Rbx\c\Y_~~R\G?)\\?\0n%\r\r;o>^\\Z[[\Z\P\&Y!D[[N\\'\/}}|\dl1%\\\F?WFKKK,E;$\W\>a\{\=iS\\\i\l@8\\R]v\\I8x\XaO\+e\nY_xx\Z\2Pm,\Z;k!FFCO\\r\\\\\YSa++H,\\)o\\x\(at\x\\\i\\gDeQ\\f>\<xgnT\\-PuC\ea<x\0\5q^9.?Q Htr\\\\\6\\dD?95\	_1\E\+\S?\\a]L\0\yU\ono]\6\yzwtt\\_\\\6F<U\}K\\,\\j	\`\>\nU@\\78iB@ \S\\.i{\\;[B\r\\\oN||\?\9<Y\}\\r-\0nC\\\\v\\/\P\@cxfD\\R$B~h!!I(4Q/CR$RP5QExRM7RS&*@HD\r\0cDf9{~\\\={\s{\wgK\{\<\o=k\u\7|\x\\0}\\f-\\??\w_o:N=\yg\;\\\5xL\\?A\)v\G\\s\	\b\kOg\{\7\vr[\`6c\|\>P:;(K\\s{ho7>\nC<\y\N	9%\\tD6}\z1\Dgu\'\\i0\s	]^\P:W\r\4\\:y\\\%AB\]\\:;Sr\@5\2Oi\\\V\Iihu*;:\]x\\\\*W5\k]k\7iE/\?8q2\:[)20\nR\M>++ER\k\i@P^\N\rz\T\X\\s{\\5\-.xh\"\]\\\A@\mtvxX\\\]\\Ui](\JWmw\YO\W]\QbE7<X-mn\\zX_\~U\n\\O]\Aus{cK\\\\d\rnn_w\Sx\]w\mw\\r\0x\\\^\W|q\?w\'\s\n\w\}\?qq1\\{\>1\\D\0|p\|\\\>\N|\\\[\\]M\:\\,\^8~i\~\\\'Dl7c9_\;\-!F`\gBB%o\\\\\h\\\V;&(i0[Hv\"@\V6\n*(n\T\"4\GC\nkQ^VLG+P\`m\\	N4 K2P7\(u,|{\\k[[RF\iZ\\kTo\i<\A\D&\ra\(37rhe\\9n<F6\n#?\?\k^j\nQ\9*LZv\D\\\rc\7 \2\k\0@q\.\0\>\'\6b\x\\\}_\ gfO\\\\5(JR\v\a\?&\A\m[oO>dUG-\z\j\x/x\W\=\\\x\\\\Y\9\r\g\9\\h\.=D\U\\\O\\7\_Rt\;\02`\uh5<\\_o\%[}lU\_Zks\{`\'1{;g.7sP\\?\\N:?\\\|.K>\Rf\\\;+\yC\+\/uzt]\\0Vg}\eoc	1.\CW	P\\gh:)+lo\3CmHS\\Cd\\KkQ^VL\.t.b\\V\'^\]	F\bo\o\n]W\l0\TO\\i|\\\\\\\\t\rQ#\yv]\/5l\\cuAN}?H\\\rZ\\}\r\t6M\07l7_!\{\(%kg;t\w]&-;\z5R7_e\~WO~5\\'\;Pr\%\5\?L\H\w\Z*\\}C}fs$\\NcuS%\\{1\W\WRY\mc\o\?_m{.\r\k62r\\\y-\q\=\\1\bC7|\D\\.\uh-\G~d\~\\\}8w\,j.\-x\\|x\\ w\[\?|\\'N\\\?~O\-?N#\\?\\G=mc\#pz\ZcSEN\9\-o}+\\\'\>xp\Q\'\/?y_~\\"K\\L\_?\\^\kE\-,\\\nR(	\h\M\d\	\|>\q\']*\\nL[\\o|TM;\Z/l8U\\Te\>*;\8~\5\@\\Z\R\A `6/-\T>\rO\\I\0ItBa-\?T\;i\h\\\X9\\|>/\-|j#Mi7\[o\\?2Mo\V\{<wgBn\Eb\-Wn\c\SO=PUv}r\\\\\5\N5\p\\w\\7<\\Z\\\\N\r4Mr\r:Wm;g3\\P6e\\Zsk\6bz\\U\\\(~8\\\\a|\\\\1=>?,}yt\Y\g;9\0(:\y,S\N!\$\'\z/X\v\\0\\\\~4;(\\![\?\35$yQO\Ne_7\wU\n9\sx\k\\iy\\\n\yZ\\..j6i\\(\25\cj\\n>w8k\"|7):#\fw\\'\2\\\7i\6t.F6B\0\0 \0IDAT\_pPe\Y=.\c\\jyn!ud\W@>+3{\ML~+~\0*l~K\(@\\\\\Z|\M\\w\r\g?S\4WPb\\Z\n\\\V\J+uIib_\\xh!t\nqK\\'jg\{.6%.\\\\.D\,7\{\\\ss\\s\^\'9<u\)\zHU:3z\)|\su@y7\s1\\\\7\\0\0\O>3g\\\\\G3\1^WamO<%}-\p\i>|/{\\\\l\c\\gog8|C?p,9[\\\8djy{w\n?\	\\\x\|O/cs{c\\\m&|)\\rx?F\\jS\tM	c}^\\mEwf]\3&\doFX#$\M3\T7\'R.	@#\\'\c\\1;H\ZT#p?jt1J\y:\8\Xv^;\F/\V?[(l6G\\x`U\z+B\F\\{\\Z\!6#\r\nN\6r[cJVnc\k_{[\\\w^{9\j^n\\\^\"\|,c\tl\3\?x\Z;\\\\r-e.<1|,\'@t\#?\s\ru\4l\3\\_=Z0Gt|fj[.d\'_\\%Cf[`\@s6\/=\G\3_f\\-\{_jG\3\F\l\\sw}\/A|5>6>}faY\Wn\]C\r\zk\o\\aK\$f;\\`>e\kP\;$]\n]6PVJPAt\34\E_=X\};h\g9kK}\\?.vMi\Z\\\\\F\c|a)eXZ\T\!\"Y\r\\\:tVy	eg/qU;kOuymrl\l\\0+YO/\-+$.\YNl-\\\K9W\\\<\\\\L}Vms+^~,s\r7\{\l\4:WeX5/\0gSYUN\`TyM?e\\?\(\\.\\\p~M\\/|!\G\\?\n\\?~_{\s\\z\0=.\\s\\\\#\sb6\\Y^\|\)\s\=\}\]\0\\+4\\p<\\8p {?y;w/3n[\/b>\Iv=5y^\\q\\\\:\\Zu8\Uq\nM\\0r@\aF`\"Xf\\nP\sy^/\'\\nK\N\0:&\Q5r\yH\\YS.\Gu7	)Pg,#yk:=\r|\\#\Omvex\IG+q~\L9Uo-\\f\S\s\Og\\\5nZm\AdR=Z\\^n\?\f\\\?\\rW?][\z-\\X9\M=y5\\,+`u\\\J\?\\gkG\Z}iV\\\n\\+\'|\2}xY\o<\0q\[\\\Z^\/<g\\)\|5]\	\s\bD7\$E%\E^#\\Xp\\{I?f]\x\*{\1w\\U-\\\"A/_\,\?y2wNH)SD\\\\\\\n\?m\Zo\\t\l\\?\/<n\\p\Cs\4x\*u\:\6\c>x nv|\Gp\\\\!\o\\\M\\}r{\1|3w}]9{\\\\'?~\#8p\@\q\\\\?\N3\\w\\\=+C\\\~7 \?by5}\\I|w{\7\~\cxO}y\Y\Y[.\\v\bz\!qn4wcwC\@=>ur\\A\0FF\\5<]\k!\R\4VVQVv\28x\r!\\7\\sSF$\93\\3\\S6\i\4`YCk\8r\D	^F\r\6P;l^Yi0Z\X,F\e\s\\-=O\P\\6UYo\\r\t\Mm_\YSKR/\%\C<w]zg%\0\\u\c//)\z*\\Kxj?!\\4\\s<<~v\\o\e\7\w\\wL\)4\\?\g`\-k\\\K\\ u\\!SiL\-#;\T\}l>Kj\W]lM\_r3z\v6ot5\\n}\\\d\t\J?\%\\\g\\+|\gs4mz-z\X\! }o_\=rhN\Dl\\\v\f\5qG\]\\_!Fc3\\\d0c\5)\8\+?\R\Z\3\X,^K:\R\W_\5{\Om\\\O\0AX\5Mk3=fm\m\-[\\\\\,\;i\rW\\S_~\G\{\"\0\\'\~\45{#~\]_{\0.^OO\t?G8p\ >\\j!\\+_2~\??A<\\\\x\c;{.o~\\8u\n\u=\\{81FU\\?\G\u=\I\\\x\N\Sx\N\0q|k^_\0\\u\\\I,p\\o\\c\\}%\\_\\_X,\ba/O9fs\y&w\nS\\B\\Q*l\'	?u4g=\5-$\q,4=[\ AH\5Z6\5/\0G#l\\\Z[.[6\]\im\f\x8\\\\va\qn\S\<\\4\v\'#k}Wi6?~M\\r\0<\L\\R\\\\W/\Z\oa\P\_\/^sS\j^0~w:\<t\\@\'|rg[v[.[6\J7n\cW)*;k^Xcm\r{ .wm~\\_\\\\u\\qN:\\	!\%;AweYd\\-\ w@\\aeyfBVv\5s\\(6~T\HGwC\-6\r\Z\0,\4M\|ZQt\AOKa>(Tr\f-K]Y\\\n<~\~C--WUn\G\:G\\\p_\'Luf\b:(LC\?\J)W\Z\7y\#r<E\@I\GCrl>\\ r\eb`\\\0f^C9i\>\\L1^4i\C\ec(tra\\\?\\T\\e\\{\Q\\\\A&o\T\@>\\\\J\:PY\\}yH\x\.\X&Ge\\\~\\[@]o\\\\\v\X_;\T:nv\\8FkU\\Zisv]x>\\ \K\\`\n\\kVmw\\O;\o\Cbj\{L\\V\\\@t\S\\7,@\\\\\l_\\J_xm<n-\\ZrSdBX+Wp\!\0\`X\2!\A\|vrGI\n7\\\rx_u0\0\Y,\w2[[\_\\\\\|l9\r\\"J1r\S\'\\:G\\~\?\0x\\\\jZ~\\#)OS\0\kz\\\M2\\\Z*\\\R6.h<\0\Tn*\h~Oz\_\SBT9U0K\FQ\\rqRO\\+>\msz<Gns-\S=[=\rU1\\lVS<nQ\\C\\5,\JQQ9|\\[]m\ZJWV\\L\[\\\\S\\%\*nv\nZ\>\R\x	\\\?\-~x\?\\v\Z/\6\?H|\of-z\\"\_jNy\.n,\_#\9\V\6\\\\X\Z\4\?-Q\M\\\m!Fe\4}\'\n\\\\6\r\Z\sjo\w_\m\K\?\}?\f\(qgy6x\492\\\	^\e\\8\\<\\\\^2iaA\Knn	\\\u9O\?i;b\\#O}*_k\\Y>J?7]\20}\r~3\I6M\\QW\\'\B\Eq\"\nG\\\q\\ 01.M5[N\@eWY5\\n\W!FPYN!\\u\S6g\$\"\cG#&c\\|\q\G\0B\}\[\6<0~\++\\?i\j>Y\J	\\y\-[__ow\'Os\m\9sf\k-\\\\-_\C(\\7\\2\4\w\!\9;/$O\::-.8L4m\?\\\\?Ku\$uKZ]\\\S|\\\y\M5\LP\O>V\?N2;\\_T}\"\0\X-\U\2\\\1\~},\\<th\U\'y/Y^\\Kc>Q\rd\u\]\\~a:s\)4@5\C\\\ aG)\MxsZ\w.o_\K]\7<\~vW\:J\\ZB\a\u3]I*\<!O\B!Q]fB\\%Vd?\v\\6(\\3\\m\\G\\2.\\,[\DD\\;;\>\43sT8\`b\\RoG<\0%^\\\w]\/\.M\0\\R!m\\\4\NYM_\o\*\_\X^;S:B\I_\\\\\".\[\h\Z@s}6\P\\1\+<,_\!b~\\Z\\\tk}Gj>Nyf\RG\^c\T\Zf\ZN)o}\AQn!K\3\\X\\??3\\b\%\N&\\Ccg\4+?<\Y{\"W\J\f\9NJzoI,.qXs<y\Q\\\HZN\K\U\FJ)>Omr\X]Td`~yKz~dT[n\ndT~\cH0i\Pg[Ox~l<I>g\>uJ4-q\Le\h60]\dg4z[7M\\\M\q&\<lZ6\c\\A_e\c<_G\q-GM\xc\Z!\2#nZ!\\|xnj\'+I\\g\!z\\_-[\/~q%\\\^n\|<oV~y=_\y\PyT_a^\\\>\\rv\0/>l(\Eu\n q\\\zf\K\\0\\,7\7\\Ii+[g^:\1JC\7\gy/1\\vI\\?9\(\1[..n\O7f)[gxz\fQ_\\4\xS>](K6\_,<D\4\}\K!/U,\\\\@,k\'\@`a|}C$\PE\T^.\+;)\s J#\"#\\&?TVgy L\oA}\\Q\\\/\?\\\gr[\\y\w\t\c\mV\\\\A\|\>nqk$cT1D\Uqk9b,\\#\\5\\X,2\ \\\\'\p\w\\I\?9\\\7\\\Znn|\\\0_!@-\'\uk?~\Ca\'o\)\\	+\Ki\T\V\_dREcta];k\o,t\\$a\?\\O}e\e\m\\np>\8\\%/yg38b@c\0\rjq&MO?F(L/5 Wi* \\*=MK\T\4o\j([ f\k\\TY_m1e\\nrhZ|\uV,k\Uu\c,U.^z\2\\\~r\qn1jFFJ\9\(\\i\t\}Z1\ #\\}g[[\:[e	Fzl\\\\o\\\_?U\"nS\\=#n>.^Xk\U.T[[m.\y]\Z\\m\-qn qLWV\~dt\a\\\{?\\a\\v\?.\?\\B{)\Z,\mw\\iov\0\\~!\bW].<f\|\\/}\'>\\ca\kn%kc\rH\\H5X\\\\\3\\|q\N\\u\\\\4CP\\nQw\`<\\:\rE]\\\U\wy\l\\!\})G\_f\\0Qf\6#\x\<\'VW?FSX7\3Y\\_~\o.7\-N\\gz\s\4v\!\\0\}[\Uo.\7=svxB}\O\]7Ur\\\Vg<\\h^\<U`|X\\\uf\\2\\r\\G\\\<\o\}\\<\u\0\N>v#<pJX37g|4\\y\I_\r\\t\n\\JVO\\\n^[m1e\r\\v\5\G~7\\MBwS;\j?R!\>jugW\\wf%Wa\'\Hu/1>R\0(2B?)\ZW\q1\_xt47\r\;U~juB\nL|Z\ZWe\s\\Rp>\w~\S\wuX\l6/[>MQ0Kp[h?VvM\0\0nIDAT\4Wi\\\sa\\T/1\D#H!$]\fG\yjY<N=j^`S>I\Y\\\\c0|#L\0\i[k_\/\^\\\\0\?\\\\\6]lth\0[}\\`$/oHb	p\]\\]\gn\2T_e,VzL\\eH\\\m\0CC5+_be\N3\\\\\\mS:f\\5=\\(a\V\02c\t4e?\\oy	Z>X\\pj>*_6\\|6],}u\\61\;\\L\/,2\\\\[\\N\K\\?\pW\2`K\6K>YqR\\\WO\"\-\.q:}\\\&\=+\j*WK@gy]u\j\\r\faU\IS0%U\]\2JI\\\\\\\[m\.e\\	e\<\\*\A\!/\\\[\\}6_c)?X\t\\8\\\*\zD\~\s7S\}~i\P\r\\U/usp}DRrZ~\\	lL/Pp,-i\\\}\CUuhs{\5|\\\0\tX\\\}1\\\\}\\2#Vz\\\q5\(57\u\Z+\"F0=xjM\Z!\\\zs-W\<5\r|B\'g\E\S=\MSuPG\k\Nmx\UN~\}\w4\r\\q,\C7\\;Z+\GuGh|#hO]\fj\-[\O%~^\ca\0n>\wT`\r\W?\m\/|\F_\_\O,K\>sx\\\\u\i!<\#F\\+\Qno\\u=tEBU\r\\\\Zi9\w62=\Y\?bwcAK\KqAGii\},<N\\#\t|\}g/yU%O1(*^K<g!f\";\\\r\\`\"\'?-}\\\{\\w\i]W\o\\L\2K\\,\\r}\.eAm\\N^\73\}x\|>\,oT4\\to\"\z\M\K\;\O\\r/l\\\R\x\\\l\;B0\\'\\so\\n_\,>\Z:Q_\w-\\5*\u\\r\\o\\vHq\}q\"\Y\bg\U|\_m\\[|[y\\r]{xv\@E\K.\a7iq{\\n3\Z\?D4m\U\?W\_\\?,\cY\\\ \n[/+>g}\\\\\'fsiU)9W*Y\?ntnU\\P\yq>\n\c T:\Z&`Wxm:6u$^\4MV\RyiBusrRh\\zM\:)lPcVZM\N*/-/\oLN\\\![roVO\h:Ryk\4,!=n\\\\\nLQb^m4oMpE\\N[o\-U~\z\6\z\6\\\j=\?(u\z\]\V\\\F\c\i\!/+\cez&F\\YMk\\\nZf\*20Wr\\\R\\\\e\[NTGq\\2\\\v\3\FO4\.\o\C\\Y\De\\W]=\\*gX{uG\\\]n\5\\ovW\?uKsG\3\\_:x\4-?O\4\\9=We~\\hHrU5}\\i\\\\GO\?\\V\?\!{\\yt\z/\K\m_\W\\\"S\\e\e\\\'F1\\-\/riz\z>\jR|4[\0\Zc\z\=\\kU8[i\:A\@\s\n\,j	m\V\`\*\\s \m\\TZM9\\q\uR\%7\[LCmF=\V<ewinLOe\'?\rScY(3\l6M\-[\$\mm\\m\M}k\\q\Zus\\q\\\w\\?\\?\i\eW]M\^\9o\Z\\\?\v\720	/e\4\\\mj/Ho[_\\\S\Mo\%\*{M\cc\Gc1_4\ao\n\3u1\Jv6C\n\but[2!\&\y5(\s7?\Z>+M\\\.\r\\j^c\\\g\\\}oEz_v\0\W\\\{\?o\**\\\\0!pw\'e\\^\0\J\"\0\0\0\0IENDB`','VMB7J3OAOW',NULL,'Academic',NULL,NULL,NULL,NULL,NULL,NULL,'2018-11-17 23:04:51','Quezon City',1,1,1,1,NULL,NULL,NULL,NULL,NULL,NULL,NULL,NULL,0);
/*!40000 ALTER TABLE `seproposal` ENABLE KEYS */;
UNLOCK TABLES;

--
-- Table structure for table `seproposal_component`
--

DROP TABLE IF EXISTS `seproposal_component`;
/*!40101 SET @saved_cs_client     = @@character_set_client */;
/*!40101 SET character_set_client = utf8 */;
CREATE TABLE `seproposal_component` (
  `id` int(11) NOT NULL AUTO_INCREMENT,
  `seproposalID` int(11) DEFAULT NULL,
  `component` varchar(1000) DEFAULT NULL,
  PRIMARY KEY (`id`),
  KEY `LA10_idx` (`seproposalID`),
  CONSTRAINT `LA10` FOREIGN KEY (`seproposalID`) REFERENCES `seproposal` (`id`) ON DELETE NO ACTION ON UPDATE NO ACTION
) ENGINE=InnoDB AUTO_INCREMENT=133 DEFAULT CHARSET=utf8;
/*!40101 SET character_set_client = @saved_cs_client */;

--
-- Dumping data for table `seproposal_component`
--

LOCK TABLES `seproposal_component` WRITE;
/*!40000 ALTER TABLE `seproposal_component` DISABLE KEYS */;
INSERT INTO `seproposal_component` VALUES (131,68,'Training/Capacity Building for the Partner'),(132,68,'Policy Advocacy/Development related to the Social Problem being Addressed');
/*!40000 ALTER TABLE `seproposal_component` ENABLE KEYS */;
UNLOCK TABLES;

--
-- Table structure for table `seproposal_expenses`
--

DROP TABLE IF EXISTS `seproposal_expenses`;
/*!40101 SET @saved_cs_client     = @@character_set_client */;
/*!40101 SET character_set_client = utf8 */;
CREATE TABLE `seproposal_expenses` (
  `id` int(11) NOT NULL AUTO_INCREMENT,
  `item` varchar(200) DEFAULT NULL,
  `unitcost` double DEFAULT NULL,
  `quantity` int(11) DEFAULT NULL,
  `amountUsed` double DEFAULT NULL,
  `seproposalID` int(11) DEFAULT NULL,
  `subtotal` double DEFAULT NULL,
  PRIMARY KEY (`id`),
  KEY `LA12_idx` (`seproposalID`),
  CONSTRAINT `LA12` FOREIGN KEY (`seproposalID`) REFERENCES `seproposal` (`id`) ON DELETE NO ACTION ON UPDATE NO ACTION
) ENGINE=InnoDB AUTO_INCREMENT=136 DEFAULT CHARSET=utf8;
/*!40101 SET character_set_client = @saved_cs_client */;

--
-- Dumping data for table `seproposal_expenses`
--

LOCK TABLES `seproposal_expenses` WRITE;
/*!40000 ALTER TABLE `seproposal_expenses` DISABLE KEYS */;
INSERT INTO `seproposal_expenses` VALUES (135,'jdksaljdlksa',4000,1,4000,68,4000);
/*!40000 ALTER TABLE `seproposal_expenses` ENABLE KEYS */;
UNLOCK TABLES;

--
-- Table structure for table `seproposal_personresponsible`
--

DROP TABLE IF EXISTS `seproposal_personresponsible`;
/*!40101 SET @saved_cs_client     = @@character_set_client */;
/*!40101 SET character_set_client = utf8 */;
CREATE TABLE `seproposal_personresponsible` (
  `id` int(11) NOT NULL AUTO_INCREMENT,
  `name` varchar(100) DEFAULT NULL,
  `email` varchar(100) DEFAULT NULL,
  `seproposalID` int(11) DEFAULT NULL,
  PRIMARY KEY (`id`),
  KEY `LA13_idx` (`seproposalID`),
  CONSTRAINT `LA13` FOREIGN KEY (`seproposalID`) REFERENCES `seproposal` (`id`) ON DELETE NO ACTION ON UPDATE NO ACTION
) ENGINE=InnoDB AUTO_INCREMENT=127 DEFAULT CHARSET=utf8;
/*!40101 SET character_set_client = @saved_cs_client */;

--
-- Dumping data for table `seproposal_personresponsible`
--

LOCK TABLES `seproposal_personresponsible` WRITE;
/*!40000 ALTER TABLE `seproposal_personresponsible` DISABLE KEYS */;
INSERT INTO `seproposal_personresponsible` VALUES (126,'dsadsajkl','dsajdklasjk',68);
/*!40000 ALTER TABLE `seproposal_personresponsible` ENABLE KEYS */;
UNLOCK TABLES;

--
-- Table structure for table `seproposal_revisions`
--

DROP TABLE IF EXISTS `seproposal_revisions`;
/*!40101 SET @saved_cs_client     = @@character_set_client */;
/*!40101 SET character_set_client = utf8 */;
CREATE TABLE `seproposal_revisions` (
  `id` int(11) NOT NULL AUTO_INCREMENT,
  `seproposalID` int(11) DEFAULT NULL,
  `unit` varchar(200) DEFAULT NULL,
  `department` varchar(200) DEFAULT NULL,
  `datecreated` date DEFAULT NULL,
  `programName` varchar(500) DEFAULT NULL,
  `programHead` varchar(200) DEFAULT NULL,
  `activityClassification` varchar(200) DEFAULT NULL,
  `targetCommunity` int(11) DEFAULT NULL,
  `targetKRA` int(11) DEFAULT NULL,
  `targetGoal` int(11) DEFAULT NULL,
  `targetMeasure` int(11) DEFAULT NULL,
  `titleOfActivity` varchar(200) DEFAULT NULL,
  `actualImplementation` date DEFAULT NULL,
  `totalAmountRequested` double DEFAULT NULL,
  `problemaddressed` varchar(500) DEFAULT NULL,
  `nameOfPartner` varchar(200) DEFAULT NULL,
  `address` varchar(200) DEFAULT NULL,
  `contactPerson` varchar(200) DEFAULT NULL,
  `mobileNumber` varchar(200) DEFAULT NULL,
  `email` varchar(200) DEFAULT NULL,
  `description` varchar(500) DEFAULT NULL,
  `objectives` varchar(1000) DEFAULT NULL,
  `explanation` varchar(1000) DEFAULT NULL,
  `sourceOfFunds` varchar(45) DEFAULT NULL,
  `academicStaffPopulation` int(11) DEFAULT NULL,
  `academicStaffExpected` int(11) DEFAULT NULL,
  `supportStaffPopulation` int(11) DEFAULT NULL,
  `supportStaffExpected` int(11) DEFAULT NULL,
  `undergraduatePopulation` int(11) DEFAULT NULL,
  `undergraduateExpected` int(11) DEFAULT NULL,
  `graduatePopulation` int(11) DEFAULT NULL,
  `graduateExpected` int(11) DEFAULT NULL,
  `step` int(11) DEFAULT NULL,
  `deptunitRemarks` varchar(1000) DEFAULT NULL,
  `deptunitdatetime` datetime DEFAULT NULL,
  `externaldirectorRemarks` varchar(1000) DEFAULT NULL,
  `externaldirectordatetime` datetime DEFAULT NULL,
  `deanRemarks` varchar(1000) DEFAULT NULL,
  `deandatetime` datetime DEFAULT NULL,
  `ovplm1Remarks` varchar(1000) DEFAULT NULL,
  `ovplm2Remarks` varchar(1000) DEFAULT NULL,
  `coscaRemarks` varchar(1000) DEFAULT NULL,
  `coscadatetime` datetime DEFAULT NULL,
  `lmc1` int(11) DEFAULT NULL,
  `lmc2` int(11) DEFAULT NULL,
  `lmc3` int(11) DEFAULT NULL,
  `lmc4` int(11) DEFAULT NULL,
  `lmc5` int(11) DEFAULT NULL,
  `lmc6` int(11) DEFAULT NULL,
  `lmc7` int(11) DEFAULT NULL,
  `lmc8` int(11) DEFAULT NULL,
  `hasVoted1` int(11) DEFAULT NULL,
  `hasVoted2` int(11) DEFAULT NULL,
  `hasVoted3` int(11) DEFAULT NULL,
  `hasVoted4` int(11) DEFAULT NULL,
  `hasVoted5` int(11) DEFAULT NULL,
  `hasVoted6` int(11) DEFAULT NULL,
  `hasVoted7` int(11) DEFAULT NULL,
  `hasVoted8` int(11) DEFAULT NULL,
  `lmcApprovalCount` int(11) DEFAULT NULL,
  `lmcReviseCount` int(11) DEFAULT NULL,
  `lmcRejectCount` int(11) DEFAULT NULL,
  `isRevise` int(11) DEFAULT NULL,
  `userID` int(11) DEFAULT NULL,
  `lmc1Remarks` varchar(1000) DEFAULT NULL,
  `lmc2Remarks` varchar(1000) DEFAULT NULL,
  `lmc3Remarks` varchar(1000) DEFAULT NULL,
  `lmc4Remarks` varchar(1000) DEFAULT NULL,
  `lmc5Remarks` varchar(1000) DEFAULT NULL,
  `lmc6Remarks` varchar(1000) DEFAULT NULL,
  `lmc7Remarks` varchar(1000) DEFAULT NULL,
  `lmc8Remarks` varchar(1000) DEFAULT NULL,
  `prs` longblob,
  `code` varchar(45) DEFAULT NULL,
  `classificationforkra` varchar(45) DEFAULT NULL,
  `unittype` varchar(45) DEFAULT NULL,
  `unitchairremarks` varchar(100) DEFAULT NULL,
  `unitchairdatetime` datetime DEFAULT NULL,
  `sedirectorremarks` varchar(100) DEFAULT NULL,
  `sedirectordatetime` datetime DEFAULT NULL,
  `vpvcremarks` varchar(100) DEFAULT NULL,
  `vpvcdatetime` datetime DEFAULT NULL,
  `datetime` datetime DEFAULT NULL,
  PRIMARY KEY (`id`),
  KEY `LA40_idx` (`seproposalID`),
  CONSTRAINT `LA40` FOREIGN KEY (`seproposalID`) REFERENCES `seproposal` (`id`) ON DELETE NO ACTION ON UPDATE NO ACTION
) ENGINE=InnoDB AUTO_INCREMENT=111 DEFAULT CHARSET=utf8;
/*!40101 SET character_set_client = @saved_cs_client */;

--
-- Dumping data for table `seproposal_revisions`
--

LOCK TABLES `seproposal_revisions` WRITE;
/*!40000 ALTER TABLE `seproposal_revisions` DISABLE KEYS */;
/*!40000 ALTER TABLE `seproposal_revisions` ENABLE KEYS */;
UNLOCK TABLES;

--
-- Table structure for table `seproposal_revisions_component`
--

DROP TABLE IF EXISTS `seproposal_revisions_component`;
/*!40101 SET @saved_cs_client     = @@character_set_client */;
/*!40101 SET character_set_client = utf8 */;
CREATE TABLE `seproposal_revisions_component` (
  `id` int(11) NOT NULL AUTO_INCREMENT,
  `seproposalID` int(11) DEFAULT NULL,
  `component` varchar(1000) DEFAULT NULL,
  `revisionID` int(11) DEFAULT NULL,
  PRIMARY KEY (`id`),
  KEY `LA45_idx` (`seproposalID`),
  CONSTRAINT `LA45` FOREIGN KEY (`seproposalID`) REFERENCES `seproposal_revisions` (`seproposalID`) ON DELETE NO ACTION ON UPDATE NO ACTION
) ENGINE=InnoDB DEFAULT CHARSET=utf8;
/*!40101 SET character_set_client = @saved_cs_client */;

--
-- Dumping data for table `seproposal_revisions_component`
--

LOCK TABLES `seproposal_revisions_component` WRITE;
/*!40000 ALTER TABLE `seproposal_revisions_component` DISABLE KEYS */;
/*!40000 ALTER TABLE `seproposal_revisions_component` ENABLE KEYS */;
UNLOCK TABLES;

--
-- Table structure for table `seproposal_revisions_expenses`
--

DROP TABLE IF EXISTS `seproposal_revisions_expenses`;
/*!40101 SET @saved_cs_client     = @@character_set_client */;
/*!40101 SET character_set_client = utf8 */;
CREATE TABLE `seproposal_revisions_expenses` (
  `id` int(11) NOT NULL AUTO_INCREMENT,
  `item` varchar(200) DEFAULT NULL,
  `unitcost` double DEFAULT NULL,
  `quantity` int(11) DEFAULT NULL,
  `amountUsed` double DEFAULT NULL,
  `seproposalID` int(11) DEFAULT NULL,
  `subtotal` double DEFAULT NULL,
  `revisionID` int(11) DEFAULT NULL,
  PRIMARY KEY (`id`),
  KEY `LA44_idx` (`seproposalID`),
  CONSTRAINT `LA44` FOREIGN KEY (`seproposalID`) REFERENCES `seproposal_revisions` (`seproposalID`) ON DELETE NO ACTION ON UPDATE NO ACTION
) ENGINE=InnoDB AUTO_INCREMENT=96 DEFAULT CHARSET=utf8;
/*!40101 SET character_set_client = @saved_cs_client */;

--
-- Dumping data for table `seproposal_revisions_expenses`
--

LOCK TABLES `seproposal_revisions_expenses` WRITE;
/*!40000 ALTER TABLE `seproposal_revisions_expenses` DISABLE KEYS */;
/*!40000 ALTER TABLE `seproposal_revisions_expenses` ENABLE KEYS */;
UNLOCK TABLES;

--
-- Table structure for table `seproposal_revisions_measures`
--

DROP TABLE IF EXISTS `seproposal_revisions_measures`;
/*!40101 SET @saved_cs_client     = @@character_set_client */;
/*!40101 SET character_set_client = utf8 */;
CREATE TABLE `seproposal_revisions_measures` (
  `id` int(11) NOT NULL AUTO_INCREMENT,
  `seproposalID` int(11) DEFAULT NULL,
  `measureID` int(11) DEFAULT NULL,
  `revisionID` int(11) DEFAULT NULL,
  PRIMARY KEY (`id`),
  KEY `LA42_idx` (`seproposalID`),
  KEY `LA43_idx` (`measureID`),
  CONSTRAINT `LA42` FOREIGN KEY (`seproposalID`) REFERENCES `seproposal_revisions` (`seproposalID`) ON DELETE NO ACTION ON UPDATE NO ACTION,
  CONSTRAINT `LA43` FOREIGN KEY (`measureID`) REFERENCES `measure` (`measureID`) ON DELETE NO ACTION ON UPDATE NO ACTION
) ENGINE=InnoDB AUTO_INCREMENT=105 DEFAULT CHARSET=utf8;
/*!40101 SET character_set_client = @saved_cs_client */;

--
-- Dumping data for table `seproposal_revisions_measures`
--

LOCK TABLES `seproposal_revisions_measures` WRITE;
/*!40000 ALTER TABLE `seproposal_revisions_measures` DISABLE KEYS */;
/*!40000 ALTER TABLE `seproposal_revisions_measures` ENABLE KEYS */;
UNLOCK TABLES;

--
-- Table structure for table `seproposal_revisions_personresponsible`
--

DROP TABLE IF EXISTS `seproposal_revisions_personresponsible`;
/*!40101 SET @saved_cs_client     = @@character_set_client */;
/*!40101 SET character_set_client = utf8 */;
CREATE TABLE `seproposal_revisions_personresponsible` (
  `id` int(11) NOT NULL AUTO_INCREMENT,
  `name` varchar(100) DEFAULT NULL,
  `email` varchar(100) DEFAULT NULL,
  `seproposalID` int(11) DEFAULT NULL,
  `revisionID` int(11) DEFAULT NULL,
  PRIMARY KEY (`id`),
  KEY `LA46_idx` (`seproposalID`),
  CONSTRAINT `LA47` FOREIGN KEY (`seproposalID`) REFERENCES `seproposal_revisions` (`seproposalID`) ON DELETE NO ACTION ON UPDATE NO ACTION
) ENGINE=InnoDB AUTO_INCREMENT=95 DEFAULT CHARSET=utf8;
/*!40101 SET character_set_client = @saved_cs_client */;

--
-- Dumping data for table `seproposal_revisions_personresponsible`
--

LOCK TABLES `seproposal_revisions_personresponsible` WRITE;
/*!40000 ALTER TABLE `seproposal_revisions_personresponsible` DISABLE KEYS */;
/*!40000 ALTER TABLE `seproposal_revisions_personresponsible` ENABLE KEYS */;
UNLOCK TABLES;

--
-- Table structure for table `seproposal_revisions_workplan`
--

DROP TABLE IF EXISTS `seproposal_revisions_workplan`;
/*!40101 SET @saved_cs_client     = @@character_set_client */;
/*!40101 SET character_set_client = utf8 */;
CREATE TABLE `seproposal_revisions_workplan` (
  `id` int(11) NOT NULL AUTO_INCREMENT,
  `startdate` date DEFAULT NULL,
  `activity` varchar(200) DEFAULT NULL,
  `timestartTimeend` varchar(200) DEFAULT NULL,
  `timeend` varchar(200) DEFAULT NULL,
  `venue` varchar(200) DEFAULT NULL,
  `seproposalID` int(11) DEFAULT NULL,
  `revisionID` int(11) DEFAULT NULL,
  PRIMARY KEY (`id`),
  KEY `LA41_idx` (`seproposalID`),
  CONSTRAINT `LA41` FOREIGN KEY (`seproposalID`) REFERENCES `seproposal_revisions` (`seproposalID`) ON DELETE NO ACTION ON UPDATE NO ACTION
) ENGINE=InnoDB AUTO_INCREMENT=91 DEFAULT CHARSET=utf8;
/*!40101 SET character_set_client = @saved_cs_client */;

--
-- Dumping data for table `seproposal_revisions_workplan`
--

LOCK TABLES `seproposal_revisions_workplan` WRITE;
/*!40000 ALTER TABLE `seproposal_revisions_workplan` DISABLE KEYS */;
/*!40000 ALTER TABLE `seproposal_revisions_workplan` ENABLE KEYS */;
UNLOCK TABLES;

--
-- Table structure for table `seproposal_workplan`
--

DROP TABLE IF EXISTS `seproposal_workplan`;
/*!40101 SET @saved_cs_client     = @@character_set_client */;
/*!40101 SET character_set_client = utf8 */;
CREATE TABLE `seproposal_workplan` (
  `id` int(11) NOT NULL AUTO_INCREMENT,
  `startdate` date DEFAULT NULL,
  `activity` varchar(200) DEFAULT NULL,
  `timestartTimeend` varchar(200) DEFAULT NULL,
  `timeend` varchar(200) DEFAULT NULL,
  `venue` varchar(200) DEFAULT NULL,
  `seproposalID` int(11) DEFAULT NULL,
  PRIMARY KEY (`id`),
  KEY `LA11_idx` (`seproposalID`),
  CONSTRAINT `LA11` FOREIGN KEY (`seproposalID`) REFERENCES `seproposal` (`id`) ON DELETE NO ACTION ON UPDATE NO ACTION
) ENGINE=InnoDB AUTO_INCREMENT=126 DEFAULT CHARSET=utf8;
/*!40101 SET character_set_client = @saved_cs_client */;

--
-- Dumping data for table `seproposal_workplan`
--

LOCK TABLES `seproposal_workplan` WRITE;
/*!40000 ALTER TABLE `seproposal_workplan` DISABLE KEYS */;
INSERT INTO `seproposal_workplan` VALUES (125,'2018-11-20','dsjakdajskl','dsjakdlajs','dsjakdlja','djsakdjsal',68);
/*!40000 ALTER TABLE `seproposal_workplan` ENABLE KEYS */;
UNLOCK TABLES;

--
-- Table structure for table `sereport`
--

DROP TABLE IF EXISTS `sereport`;
/*!40101 SET @saved_cs_client     = @@character_set_client */;
/*!40101 SET character_set_client = utf8 */;
CREATE TABLE `sereport` (
  `id` int(11) NOT NULL AUTO_INCREMENT,
  `date` date DEFAULT NULL,
  `projectTitle` varchar(500) DEFAULT NULL,
  `targetKRA` varchar(500) DEFAULT NULL,
  `targetGoal` varchar(500) DEFAULT NULL,
  `targetMeasure` varchar(500) DEFAULT NULL,
  `projectProponent` varchar(500) DEFAULT NULL,
  `numberOfBeneficiaries` int(11) DEFAULT NULL,
  `projectBeneficiaries` varchar(500) DEFAULT NULL,
  `addressBeneficiaries` varchar(500) DEFAULT NULL,
  `addressOfProject` varchar(500) DEFAULT NULL,
  `amountReceivedOVPLM` double DEFAULT NULL,
  `significanceProject` varchar(1000) DEFAULT NULL,
  `happenedImplementationProject` varchar(1000) DEFAULT NULL,
  `whenwhereProject` varchar(1000) DEFAULT NULL,
  `participantsProject` varchar(1000) DEFAULT NULL,
  `highlightsProject` varchar(1000) DEFAULT NULL,
  `majorProblems` varchar(1000) DEFAULT NULL,
  `otherRecommendations` varchar(1000) DEFAULT NULL,
  `annexes` longblob,
  `attendanceBeneficiaries` longblob,
  `attendanceDLSU` longblob,
  `beneficiariesLetters` longblob,
  `seproposalID` int(11) DEFAULT NULL,
  `cap` int(11) DEFAULT NULL,
  `apsp` int(11) DEFAULT NULL,
  `asf` int(11) DEFAULT NULL,
  `faculty` int(11) DEFAULT NULL,
  `admin` int(11) DEFAULT NULL,
  `directhired` int(11) DEFAULT NULL,
  `independent` int(11) DEFAULT NULL,
  `external` int(11) DEFAULT NULL,
  `gsheets` varchar(100) DEFAULT NULL,
  `implementationdate` date DEFAULT NULL,
  `graduate` int(11) DEFAULT NULL,
  `undergraduate` int(11) DEFAULT NULL,
  `alumni` int(11) DEFAULT NULL,
  `parents` int(11) DEFAULT NULL,
  PRIMARY KEY (`id`),
  KEY `LA17_idx` (`seproposalID`),
  CONSTRAINT `LA17` FOREIGN KEY (`seproposalID`) REFERENCES `seproposal` (`id`) ON DELETE NO ACTION ON UPDATE NO ACTION
) ENGINE=InnoDB AUTO_INCREMENT=4 DEFAULT CHARSET=utf8;
/*!40101 SET character_set_client = @saved_cs_client */;

--
-- Dumping data for table `sereport`
--

LOCK TABLES `sereport` WRITE;
/*!40000 ALTER TABLE `sereport` DISABLE KEYS */;
INSERT INTO `sereport` VALUES (3,'2018-11-17','Suntukan 2018','KRA3 - Formation for all sectors that is truly Lasallian','KRA3-G1 - Implement sustainable, holistic, and developmental Lasallian formation across all sectors based on the Lasallian guiding principles',NULL,'College of Computer Studies (CCS), Computer Technology (CT)',1,'sadsajk','dsajdklasjk','Quezon City',4000,'dsadsjakldjaskldakls','djsakldjsakljdaklsjdklsajdklsa','dsjaldjsakldjsakljdklasjkldjasl','djsakldjaskljdklasjldksajdkl','djskaldjklsajdklsajdklsakldlsa','dasdsakld;askl;','dsakldjsakljflk','','','','',68,0,5,5,5,5,15,25,0,'dasdsa','2018-11-20',0,0,0,0);
/*!40000 ALTER TABLE `sereport` ENABLE KEYS */;
UNLOCK TABLES;

--
-- Table structure for table `sereport_attendees`
--

DROP TABLE IF EXISTS `sereport_attendees`;
/*!40101 SET @saved_cs_client     = @@character_set_client */;
/*!40101 SET character_set_client = utf8 */;
CREATE TABLE `sereport_attendees` (
  `id` int(11) NOT NULL AUTO_INCREMENT,
  `name` varchar(500) DEFAULT NULL,
  `email` varchar(500) DEFAULT NULL,
  `type` varchar(45) DEFAULT NULL,
  `sereportID` int(11) DEFAULT NULL,
  PRIMARY KEY (`id`),
  KEY `LA21_idx` (`sereportID`),
  CONSTRAINT `LA21` FOREIGN KEY (`sereportID`) REFERENCES `sereport` (`id`) ON DELETE NO ACTION ON UPDATE NO ACTION
) ENGINE=InnoDB AUTO_INCREMENT=2 DEFAULT CHARSET=utf8;
/*!40101 SET character_set_client = @saved_cs_client */;

--
-- Dumping data for table `sereport_attendees`
--

LOCK TABLES `sereport_attendees` WRITE;
/*!40000 ALTER TABLE `sereport_attendees` DISABLE KEYS */;
INSERT INTO `sereport_attendees` VALUES (1,'ahskdlsakdajkl','dsjakldjsakldjksajdskal','CAP',3);
/*!40000 ALTER TABLE `sereport_attendees` ENABLE KEYS */;
UNLOCK TABLES;

--
-- Table structure for table `sereport_funds`
--

DROP TABLE IF EXISTS `sereport_funds`;
/*!40101 SET @saved_cs_client     = @@character_set_client */;
/*!40101 SET character_set_client = utf8 */;
CREATE TABLE `sereport_funds` (
  `id` int(11) NOT NULL AUTO_INCREMENT,
  `lineItem` varchar(500) DEFAULT NULL,
  `approvedAmount` double DEFAULT NULL,
  `expendedAmount` double DEFAULT NULL,
  `variance` double DEFAULT NULL,
  `reasonVariance` varchar(500) DEFAULT NULL,
  `sereportID` int(11) DEFAULT NULL,
  PRIMARY KEY (`id`),
  KEY `LA20_idx` (`sereportID`),
  CONSTRAINT `LA20` FOREIGN KEY (`sereportID`) REFERENCES `sereport` (`id`) ON DELETE NO ACTION ON UPDATE NO ACTION
) ENGINE=InnoDB AUTO_INCREMENT=4 DEFAULT CHARSET=utf8;
/*!40101 SET character_set_client = @saved_cs_client */;

--
-- Dumping data for table `sereport_funds`
--

LOCK TABLES `sereport_funds` WRITE;
/*!40000 ALTER TABLE `sereport_funds` DISABLE KEYS */;
INSERT INTO `sereport_funds` VALUES (3,'jdksaljdlksa',4000,4000,0,'none',3);
/*!40000 ALTER TABLE `sereport_funds` ENABLE KEYS */;
UNLOCK TABLES;

--
-- Table structure for table `sereport_objectives`
--

DROP TABLE IF EXISTS `sereport_objectives`;
/*!40101 SET @saved_cs_client     = @@character_set_client */;
/*!40101 SET character_set_client = utf8 */;
CREATE TABLE `sereport_objectives` (
  `id` int(11) NOT NULL AUTO_INCREMENT,
  `expectedOutcomes` varchar(1000) DEFAULT NULL,
  `actualAccomplishment` varchar(1000) DEFAULT NULL,
  `hinderingFactors` varchar(1000) DEFAULT NULL,
  `sereportID` int(11) DEFAULT NULL,
  PRIMARY KEY (`id`),
  KEY `LA18_idx` (`sereportID`),
  CONSTRAINT `LA18` FOREIGN KEY (`sereportID`) REFERENCES `sereport` (`id`) ON DELETE NO ACTION ON UPDATE NO ACTION
) ENGINE=InnoDB AUTO_INCREMENT=4 DEFAULT CHARSET=utf8;
/*!40101 SET character_set_client = @saved_cs_client */;

--
-- Dumping data for table `sereport_objectives`
--

LOCK TABLES `sereport_objectives` WRITE;
/*!40000 ALTER TABLE `sereport_objectives` DISABLE KEYS */;
INSERT INTO `sereport_objectives` VALUES (3,'good','good','none',3);
/*!40000 ALTER TABLE `sereport_objectives` ENABLE KEYS */;
UNLOCK TABLES;

--
-- Table structure for table `studentorgs`
--

DROP TABLE IF EXISTS `studentorgs`;
/*!40101 SET @saved_cs_client     = @@character_set_client */;
/*!40101 SET character_set_client = utf8 */;
CREATE TABLE `studentorgs` (
  `id` int(11) NOT NULL AUTO_INCREMENT,
  `name` varchar(100) DEFAULT NULL,
  `college` varchar(100) DEFAULT NULL,
  PRIMARY KEY (`id`)
) ENGINE=InnoDB AUTO_INCREMENT=11 DEFAULT CHARSET=utf8;
/*!40101 SET character_set_client = @saved_cs_client */;

--
-- Dumping data for table `studentorgs`
--

LOCK TABLES `studentorgs` WRITE;
/*!40000 ALTER TABLE `studentorgs` DISABLE KEYS */;
INSERT INTO `studentorgs` VALUES (1,'Santugon','No College'),(2,'Tapat','No College'),(3,'La Salle Computer Society (LSCS)','College of Computer Studies (CCS)'),(4,'Mathematics Circle (Math Circle)','Br. Andrew Gonzales College of Education (BAGCED)'),(5,'Political Science Society (POLISCY)','No College'),(6,'Society of Proactive Role Models Inspiring Total Development (SPRINT)','No College'),(7,'Student Research and Development Program (SRDP)','No College'),(8,'Civil Engineering Society (CES)','Gokongwei College of Engineering (GCOE)'),(9,'Society of Manufacturing Engineering (SME)','No College'),(10,'Business Management Society (BMS)','Ramon V. Del Rosario College of Business (RVR-COB)');
/*!40000 ALTER TABLE `studentorgs` ENABLE KEYS */;
UNLOCK TABLES;

--
-- Table structure for table `unit`
--

DROP TABLE IF EXISTS `unit`;
/*!40101 SET @saved_cs_client     = @@character_set_client */;
/*!40101 SET character_set_client = utf8 */;
CREATE TABLE `unit` (
  `unitID` int(11) NOT NULL AUTO_INCREMENT,
  `unitName` varchar(100) DEFAULT NULL,
  `unitHead` varchar(100) DEFAULT NULL,
  `unitType` varchar(45) DEFAULT NULL,
  `departments` int(11) DEFAULT NULL,
  `numberOfFaculty` int(11) DEFAULT NULL,
  `numberOfAdmin` int(11) DEFAULT NULL,
  `numberOfAPSP` int(11) DEFAULT NULL,
  `numberOfASF` int(11) DEFAULT NULL,
  `numberOfCAP` int(11) DEFAULT NULL,
  `numberOfDirectHired` int(11) DEFAULT NULL,
  `numberOfIndependent` int(11) DEFAULT NULL,
  `numberOfExternal` int(11) DEFAULT NULL,
  `unitDescription` varchar(200) DEFAULT NULL,
  `userID` int(11) DEFAULT NULL,
  PRIMARY KEY (`unitID`)
) ENGINE=InnoDB AUTO_INCREMENT=25 DEFAULT CHARSET=utf8;
/*!40101 SET character_set_client = @saved_cs_client */;

--
-- Dumping data for table `unit`
--

LOCK TABLES `unit` WRITE;
/*!40000 ALTER TABLE `unit` DISABLE KEYS */;
INSERT INTO `unit` VALUES (10,'Office of the Vice President for Lasallian Mission (OVPLM)','OVPLM Unit Head','Non-Academic',0,0,1,50,40,55,5,5,5,'OVPLM Unit',1),(11,'College of Computer Studies (CCS)','CCS Unit Head','Academic',6,NULL,NULL,NULL,NULL,NULL,NULL,NULL,NULL,'CCS Unit ',1),(12,'College of Law (COL)','COL Unit Head','Academic',0,NULL,NULL,NULL,NULL,NULL,NULL,NULL,NULL,'COL Unit',71),(13,'Br. Andrew Gonzales College of Education (BAGCED)','CED Unit Head','Academic',5,NULL,NULL,NULL,NULL,NULL,NULL,NULL,NULL,'CED Unit',1),(14,'College of Liberal Arts (CLA)','CLA Unit Head','Academic',10,NULL,NULL,NULL,NULL,NULL,NULL,NULL,NULL,'CLA Unit',74),(15,'College of Science (COS)','COS Unit Head','Academic',3,NULL,NULL,NULL,NULL,NULL,NULL,NULL,NULL,'COS Unit',74),(16,'Gokongwei College of Engineering (GCOE)','GCOE Unit Head','Academic',6,NULL,NULL,NULL,NULL,NULL,NULL,NULL,NULL,'GCOE Unit',74),(17,'Ramon V. Del Rosario College of Business (RVR-COB)','RVR-COB Unit Head','Academic',6,NULL,NULL,NULL,NULL,NULL,NULL,NULL,NULL,'RVR-COB Unit',74),(18,'School of Economics (SOE)','SOE Unit HEad','Academic',6,NULL,NULL,NULL,NULL,NULL,NULL,NULL,NULL,'SOE Unit',74),(19,'Center for Social Concern and Action (COSCA)','COSCA Unit Head','Non-Academic',0,20,5,15,20,15,3,3,3,'COSCA Unit Description',71),(20,'Laguna Campus Lasallian Mission (LCLM)','LCLM Unit Head','Non-Academic',0,5,3,10,15,5,4,4,4,'LCLM Unit Description',71),(21,'Lasallian Pastoral Office (LSPO)','LSPO Unit Head','Non-Academic',0,0,3,10,10,10,2,2,2,'LSPO Unit Description',71),(22,'Lasallian Mission Council (LMC)','LMC Unit Head','Non-Academic',0,0,1,10,10,10,0,0,0,'LMC Unit Description',71),(23,'Dean of Student Affairs (DSA)','DSA Unit Head','Non-Academic',0,0,2,20,20,20,1,1,1,'DSA Unit Description',1),(24,'Office of Personnel Management (OPM)','OPM Program Head','Non-Academic',0,10,10,10,10,10,10,10,10,'OPM Unit Description',74);
/*!40000 ALTER TABLE `unit` ENABLE KEYS */;
UNLOCK TABLES;

--
-- Table structure for table `unit_department`
--

DROP TABLE IF EXISTS `unit_department`;
/*!40101 SET @saved_cs_client     = @@character_set_client */;
/*!40101 SET character_set_client = utf8 */;
CREATE TABLE `unit_department` (
  `id` int(11) NOT NULL AUTO_INCREMENT,
  `unitID` int(11) DEFAULT NULL,
  `departmentID` int(11) DEFAULT NULL,
  PRIMARY KEY (`id`),
  KEY `LA2_idx` (`unitID`),
  KEY `LA3_idx` (`departmentID`),
  CONSTRAINT `LA2` FOREIGN KEY (`unitID`) REFERENCES `unit` (`unitID`) ON DELETE NO ACTION ON UPDATE NO ACTION,
  CONSTRAINT `LA3` FOREIGN KEY (`departmentID`) REFERENCES `department` (`departmentID`) ON DELETE NO ACTION ON UPDATE NO ACTION
) ENGINE=InnoDB AUTO_INCREMENT=89 DEFAULT CHARSET=utf8;
/*!40101 SET character_set_client = @saved_cs_client */;

--
-- Dumping data for table `unit_department`
--

LOCK TABLES `unit_department` WRITE;
/*!40000 ALTER TABLE `unit_department` DISABLE KEYS */;
INSERT INTO `unit_department` VALUES (41,10,0),(42,11,2),(43,11,3),(44,11,4),(45,13,5),(46,13,6),(47,13,7),(48,13,8),(49,13,9),(50,14,10),(51,14,11),(52,14,12),(53,14,13),(54,14,14),(55,14,15),(56,14,16),(57,14,17),(58,14,18),(59,14,19),(60,15,20),(61,15,21),(62,15,22),(63,16,23),(64,16,24),(65,16,25),(66,16,26),(67,16,27),(68,16,28),(69,17,29),(70,17,30),(71,17,31),(72,17,32),(73,17,33),(74,17,34),(75,18,35),(76,18,36),(77,18,37),(78,18,38),(79,18,39),(80,18,40),(81,19,0),(82,20,0),(83,21,0),(84,22,0),(85,23,0),(86,12,0),(87,24,0);
/*!40000 ALTER TABLE `unit_department` ENABLE KEYS */;
UNLOCK TABLES;
/*!40103 SET TIME_ZONE=@OLD_TIME_ZONE */;

/*!40101 SET SQL_MODE=@OLD_SQL_MODE */;
/*!40014 SET FOREIGN_KEY_CHECKS=@OLD_FOREIGN_KEY_CHECKS */;
/*!40014 SET UNIQUE_CHECKS=@OLD_UNIQUE_CHECKS */;
/*!40101 SET CHARACTER_SET_CLIENT=@OLD_CHARACTER_SET_CLIENT */;
/*!40101 SET CHARACTER_SET_RESULTS=@OLD_CHARACTER_SET_RESULTS */;
/*!40101 SET COLLATION_CONNECTION=@OLD_COLLATION_CONNECTION */;
/*!40111 SET SQL_NOTES=@OLD_SQL_NOTES */;

-- Dump completed on 2018-11-18  0:25:45
